cycle,faction,a,a_name,b,b_name,shared,same,share
43,TISZA,000N,Rost Andrea,000O,Gajdos László,224,223,0.9955357142857143
43,TISZA,000N,Rost Andrea,000P,Forsthoffer Ágnes,170,170,1.0
43,TISZA,000N,Rost Andrea,000Q,Kapitány István,225,223,0.9911111111111112
43,TISZA,000N,Rost Andrea,000R,Dr. Orbán Anita,173,173,1.0
43,TISZA,000N,Rost Andrea,000S,Radnai Márk,207,207,1.0
43,TISZA,000N,Rost Andrea,000T,Bujdosó Andrea Anna,240,238,0.9916666666666667
43,TISZA,000N,Rost Andrea,000U,Csézy Erzsébet,239,239,1.0
43,TISZA,000N,Rost Andrea,000V,Dr. Hegedűs Zsolt Csaba,202,202,1.0
43,TISZA,000N,Rost Andrea,000W,Bódis Kriszta,238,238,1.0
43,TISZA,000N,Rost Andrea,000X,Pósfai Gábor,235,234,0.9957446808510638
43,TISZA,000N,Rost Andrea,000Y,Tanács Zoltán,219,218,0.9954337899543378
43,TISZA,000N,Rost Andrea,000Z,Göröghné Bocskai Éva,222,222,1.0
43,TISZA,000N,Rost Andrea,0010,Dr. Ruszin-Szendi Romulusz,203,203,1.0
43,TISZA,000N,Rost Andrea,0011,Dr. Jakab Zsuzsanna,240,240,1.0
43,TISZA,000N,Rost Andrea,0012,Nagy Ervin,231,231,1.0
43,TISZA,000N,Rost Andrea,0013,Szűcs Dóra,241,241,1.0
43,TISZA,000N,Rost Andrea,0014,Velkey György László,230,230,1.0
43,TISZA,000N,Rost Andrea,0016,Kulcsár Krisztián,241,241,1.0
43,TISZA,000N,Rost Andrea,0017,Melléthei-Barna Márton,227,224,0.986784140969163
43,TISZA,000N,Rost Andrea,0018,Jójárt Erika,234,234,1.0
43,TISZA,000N,Rost Andrea,0019,Dr. Kátai-Németh Vilmos,231,229,0.9913419913419913
43,TISZA,000N,Rost Andrea,001A,Molnár Zoltán,234,234,1.0
43,TISZA,000N,Rost Andrea,001B,Dr. Kincse Csongor,241,241,1.0
43,TISZA,000N,Rost Andrea,001C,Borsós Gabriella,240,239,0.9958333333333333
43,TISZA,000N,Rost Andrea,001D,Szafkó Zoltán Péter,239,238,0.99581589958159
43,TISZA,000N,Rost Andrea,001E,Kalázdi-Kerekes Kinga,220,220,1.0
43,TISZA,000N,Rost Andrea,001F,Gyuk Zsolt,241,241,1.0
43,TISZA,000N,Rost Andrea,001G,Schummer Orsolya,240,239,0.9958333333333333
43,TISZA,000N,Rost Andrea,001H,Varga Lőrinc Mihály,240,240,1.0
43,TISZA,000N,Rost Andrea,001I,Sóti Anikó Zsuzsanna,240,240,1.0
43,TISZA,000N,Rost Andrea,001J,Dr. Rák Richárd,237,237,1.0
43,TISZA,000N,Rost Andrea,001K,Hajdu Márton,180,178,0.9888888888888889
43,TISZA,000N,Rost Andrea,001L,Pásztor Anett,240,240,1.0
43,TISZA,000N,Rost Andrea,001M,Dr. Hantosi István,235,234,0.9957446808510638
43,TISZA,000N,Rost Andrea,001N,Gyöngyösi István,234,231,0.9871794871794872
43,TISZA,000N,Rost Andrea,001O,Dr. Sasi-Nagy Edit,241,241,1.0
43,TISZA,000N,Rost Andrea,001P,Balogh Mihály,216,216,1.0
43,TISZA,000N,Rost Andrea,001Q,Császár Martin,241,241,1.0
43,TISZA,000N,Rost Andrea,001R,Berki Ákos,239,238,0.99581589958159
43,TISZA,000N,Rost Andrea,001S,Dr. Simon Krisztián Márk,239,239,1.0
43,TISZA,000N,Rost Andrea,001T,Tóth Tamás,232,232,1.0
43,TISZA,000N,Rost Andrea,001U,Kőszegi Krisztián,232,230,0.9913793103448276
43,TISZA,000N,Rost Andrea,001V,Dr. Kiss Máté Zsolt,241,240,0.995850622406639
43,TISZA,000N,Rost Andrea,001W,Lukács Gábor,239,239,1.0
43,TISZA,000N,Rost Andrea,001X,Kaprinyák Tibor,240,240,1.0
43,TISZA,000N,Rost Andrea,001Y,Porcher Áron,239,239,1.0
43,TISZA,000N,Rost Andrea,001Z,Boda Nikoletta,239,239,1.0
43,TISZA,000N,Rost Andrea,0020,Dr. Koncz Áron,241,241,1.0
43,TISZA,000N,Rost Andrea,0021,László Endre Márton,241,240,0.995850622406639
43,TISZA,000N,Rost Andrea,0022,Perticsné Kácsor Andrea,241,241,1.0
43,TISZA,000N,Rost Andrea,0023,Tóthmajor Balázs,241,241,1.0
43,TISZA,000N,Rost Andrea,0024,Dr. Ruzsa Diána,239,237,0.9916317991631799
43,TISZA,000N,Rost Andrea,0025,Dr. Sopov Ildikó Éva,222,222,1.0
43,TISZA,000N,Rost Andrea,0026,Dr. Bódis Péter,239,237,0.9916317991631799
43,TISZA,000N,Rost Andrea,0027,Diószegi Judit,240,240,1.0
43,TISZA,000N,Rost Andrea,0028,Bodóczi István,241,241,1.0
43,TISZA,000N,Rost Andrea,0029,Müller Anna,241,241,1.0
43,TISZA,000N,Rost Andrea,002A,Trompler Ildikó,237,235,0.9915611814345991
43,TISZA,000N,Rost Andrea,002B,Dr. Miskolczi Orsolya,241,241,1.0
43,TISZA,000N,Rost Andrea,002C,Jelencsik József,221,221,1.0
43,TISZA,000N,Rost Andrea,002D,Dr. Szabó Alexandra,241,241,1.0
43,TISZA,000N,Rost Andrea,002E,Halmai Ferenc,224,224,1.0
43,TISZA,000N,Rost Andrea,002F,Dr. Bögi Viktória,232,230,0.9913793103448276
43,TISZA,000N,Rost Andrea,002G,Tompa Enikő,241,241,1.0
43,TISZA,000N,Rost Andrea,002H,Dr. Gurzó Mária,240,240,1.0
43,TISZA,000N,Rost Andrea,002I,Dr. Lőrincz Viktória,233,231,0.9914163090128756
43,TISZA,000N,Rost Andrea,002J,Dr. Barna-Szabó Tímea,233,233,1.0
43,TISZA,000N,Rost Andrea,002K,Dr. Sárosi József,241,241,1.0
43,TISZA,000N,Rost Andrea,002L,Csatári Ernő,238,238,1.0
43,TISZA,000N,Rost Andrea,002M,Bakos Csaba Attila,239,239,1.0
43,TISZA,000N,Rost Andrea,002N,Strompová Viktória,241,241,1.0
43,TISZA,000N,Rost Andrea,002O,Borics Mihály,235,235,1.0
43,TISZA,000N,Rost Andrea,002P,Csőszi Attila,239,238,0.99581589958159
43,TISZA,000N,Rost Andrea,002Q,Veres Ádám,225,225,1.0
43,TISZA,000N,Rost Andrea,002R,Szabó Tibor,240,240,1.0
43,TISZA,000N,Rost Andrea,002S,Hende Máté,239,239,1.0
43,TISZA,000N,Rost Andrea,002T,Balajti István,241,241,1.0
43,TISZA,000N,Rost Andrea,002U,Muhari Gergely,234,234,1.0
43,TISZA,000N,Rost Andrea,002V,Weigand István,233,233,1.0
43,TISZA,000N,Rost Andrea,002W,Dr. Virágh Gabriella Mária,241,241,1.0
43,TISZA,000N,Rost Andrea,002X,Trentin Balázs,204,203,0.9950980392156863
43,TISZA,000N,Rost Andrea,002Y,Szimon Renáta,221,221,1.0
43,TISZA,000N,Rost Andrea,002Z,Dr. Bilisics Zita,236,236,1.0
43,TISZA,000N,Rost Andrea,0030,Dr. Porpáczy Krisztina,238,238,1.0
43,TISZA,000N,Rost Andrea,0031,Bicskei László,240,240,1.0
43,TISZA,000N,Rost Andrea,0032,Dr. Árvay Nikolett,230,229,0.9956521739130435
43,TISZA,000N,Rost Andrea,0033,Varga Balázs,235,235,1.0
43,TISZA,000N,Rost Andrea,0034,Csontos Bence,239,237,0.9916317991631799
43,TISZA,000N,Rost Andrea,0035,Dr. Simon Zsuzsánna,236,236,1.0
43,TISZA,000N,Rost Andrea,0036,Ráki Zsolt,241,241,1.0
43,TISZA,000N,Rost Andrea,0037,Dr. Bóka Zsolt,236,236,1.0
43,TISZA,000N,Rost Andrea,0038,Kovács Petra Judit,238,238,1.0
43,TISZA,000N,Rost Andrea,0039,Dr. Bugya László,241,241,1.0
43,TISZA,000N,Rost Andrea,003A,Lovkó Csaba,239,239,1.0
43,TISZA,000N,Rost Andrea,003B,Tóth Norbert,232,232,1.0
43,TISZA,000N,Rost Andrea,003C,Dr. Balatincz Péter,169,169,1.0
43,TISZA,000N,Rost Andrea,003D,Járosi Péter,241,241,1.0
43,TISZA,000N,Rost Andrea,003E,Gombár Dávid,238,238,1.0
43,TISZA,000N,Rost Andrea,003F,Szakács Péter Lajos,241,241,1.0
43,TISZA,000N,Rost Andrea,003G,Dr. Dicső Viktória,238,238,1.0
43,TISZA,000N,Rost Andrea,003H,Czakó Czirbus Pál,238,238,1.0
43,TISZA,000N,Rost Andrea,003I,Dr. Németh Csilla,233,233,1.0
43,TISZA,000N,Rost Andrea,003J,Dr. Kovács Gyula,240,240,1.0
43,TISZA,000N,Rost Andrea,003K,Horváth Nándor Zsolt,241,241,1.0
43,TISZA,000N,Rost Andrea,003L,Kapronczai Balázs,237,237,1.0
43,TISZA,000N,Rost Andrea,003M,Dr. Juhász Áron,239,239,1.0
43,TISZA,000N,Rost Andrea,003N,Kiss János,227,227,1.0
43,TISZA,000N,Rost Andrea,003O,Gyömbér Dávid,241,241,1.0
43,TISZA,000N,Rost Andrea,003P,Havasi Balázs,229,229,1.0
43,TISZA,000N,Rost Andrea,003Q,Dr. Kovács Áron,239,239,1.0
43,TISZA,000N,Rost Andrea,003R,Csiszár Béla,240,240,1.0
43,TISZA,000N,Rost Andrea,003S,Dr. Szijjártó Gábor,238,238,1.0
43,TISZA,000N,Rost Andrea,003T,Rápli Róbert,232,232,1.0
43,TISZA,000N,Rost Andrea,003U,Ujvári Szilvia,241,241,1.0
43,TISZA,000N,Rost Andrea,003V,Dr. Farkas Csongor,241,241,1.0
43,TISZA,000N,Rost Andrea,003W,Csák László,238,238,1.0
43,TISZA,000N,Rost Andrea,003X,Néher András,238,238,1.0
43,TISZA,000N,Rost Andrea,003Y,Bárkányi Bence,241,241,1.0
43,TISZA,000N,Rost Andrea,003Z,Ferenczi Gábor,241,241,1.0
43,TISZA,000N,Rost Andrea,0040,Dr. Nagy Márta,239,239,1.0
43,TISZA,000N,Rost Andrea,0041,Dr. Gáspár Levente,239,239,1.0
43,TISZA,000N,Rost Andrea,0042,Dr. Hallerné Dr. Nagy Anikó,227,226,0.9955947136563876
43,TISZA,000N,Rost Andrea,0043,Dr. Bihari Zoltán,236,232,0.9830508474576272
43,TISZA,000N,Rost Andrea,0044,Lontay László,238,238,1.0
43,TISZA,000N,Rost Andrea,0045,Cseh Tamás,236,235,0.9957627118644068
43,TISZA,000N,Rost Andrea,0046,Benke József,240,240,1.0
43,TISZA,000N,Rost Andrea,0047,Hatala-Orosz Csaba,241,241,1.0
43,TISZA,000N,Rost Andrea,0048,Rózsahegyi Áron,225,225,1.0
43,TISZA,000N,Rost Andrea,0049,Dr. Czipa András,190,190,1.0
43,TISZA,000N,Rost Andrea,004A,Juhász Roland Csongor,241,241,1.0
43,TISZA,000N,Rost Andrea,004B,Karsai-Juhász Katalin,233,233,1.0
43,TISZA,000N,Rost Andrea,004C,Judák Zsolt,240,239,0.9958333333333333
43,TISZA,000N,Rost Andrea,004D,Polgár György,241,241,1.0
43,TISZA,000N,Rost Andrea,004E,Tárkányi Zsolt,234,233,0.9957264957264957
43,TISZA,000N,Rost Andrea,004F,Dr. Stumpf Péter,241,241,1.0
43,TISZA,000N,Rost Andrea,004G,Gajda Attila,239,238,0.99581589958159
43,TISZA,000N,Rost Andrea,004H,Molnár János,241,241,1.0
43,TISZA,000N,Rost Andrea,k122,Kármán András,218,217,0.9954128440366973
43,TISZA,000N,Rost Andrea,m076,Magyar Péter,186,186,1.0
43,TISZA,000N,Rost Andrea,t067,Tarr Zoltán,220,217,0.9863636363636363
43,TISZA,000O,Gajdos László,000P,Forsthoffer Ágnes,167,166,0.9940119760479041
43,TISZA,000O,Gajdos László,000Q,Kapitány István,223,221,0.9910313901345291
43,TISZA,000O,Gajdos László,000R,Dr. Orbán Anita,167,165,0.9880239520958084
43,TISZA,000O,Gajdos László,000S,Radnai Márk,205,204,0.9951219512195122
43,TISZA,000O,Gajdos László,000T,Bujdosó Andrea Anna,234,231,0.9871794871794872
43,TISZA,000O,Gajdos László,000U,Csézy Erzsébet,233,232,0.9957081545064378
43,TISZA,000O,Gajdos László,000V,Dr. Hegedűs Zsolt Csaba,200,199,0.995
43,TISZA,000O,Gajdos László,000W,Bódis Kriszta,231,230,0.9956709956709957
43,TISZA,000O,Gajdos László,000X,Pósfai Gábor,231,229,0.9913419913419913
43,TISZA,000O,Gajdos László,000Y,Tanács Zoltán,219,217,0.9908675799086758
43,TISZA,000O,Gajdos László,000Z,Göröghné Bocskai Éva,222,221,0.9954954954954955
43,TISZA,000O,Gajdos László,0010,Dr. Ruszin-Szendi Romulusz,204,203,0.9950980392156863
43,TISZA,000O,Gajdos László,0011,Dr. Jakab Zsuzsanna,233,232,0.9957081545064378
43,TISZA,000O,Gajdos László,0012,Nagy Ervin,226,225,0.995575221238938
43,TISZA,000O,Gajdos László,0013,Szűcs Dóra,234,233,0.9957264957264957
43,TISZA,000O,Gajdos László,0014,Velkey György László,224,223,0.9955357142857143
43,TISZA,000O,Gajdos László,0016,Kulcsár Krisztián,235,234,0.9957446808510638
43,TISZA,000O,Gajdos László,0017,Melléthei-Barna Márton,216,212,0.9814814814814815
43,TISZA,000O,Gajdos László,0018,Jójárt Erika,228,227,0.9956140350877193
43,TISZA,000O,Gajdos László,0019,Dr. Kátai-Németh Vilmos,226,225,0.995575221238938
43,TISZA,000O,Gajdos László,001A,Molnár Zoltán,228,227,0.9956140350877193
43,TISZA,000O,Gajdos László,001B,Dr. Kincse Csongor,235,234,0.9957446808510638
43,TISZA,000O,Gajdos László,001C,Borsós Gabriella,232,230,0.9913793103448276
43,TISZA,000O,Gajdos László,001D,Szafkó Zoltán Péter,233,230,0.9871244635193133
43,TISZA,000O,Gajdos László,001E,Kalázdi-Kerekes Kinga,213,212,0.9953051643192489
43,TISZA,000O,Gajdos László,001F,Gyuk Zsolt,235,234,0.9957446808510638
43,TISZA,000O,Gajdos László,001G,Schummer Orsolya,233,231,0.9914163090128756
43,TISZA,000O,Gajdos László,001H,Varga Lőrinc Mihály,233,232,0.9957081545064378
43,TISZA,000O,Gajdos László,001I,Sóti Anikó Zsuzsanna,233,232,0.9957081545064378
43,TISZA,000O,Gajdos László,001J,Dr. Rák Richárd,230,229,0.9956521739130435
43,TISZA,000O,Gajdos László,001K,Hajdu Márton,181,178,0.9834254143646409
43,TISZA,000O,Gajdos László,001L,Pásztor Anett,234,233,0.9957264957264957
43,TISZA,000O,Gajdos László,001M,Dr. Hantosi István,229,227,0.9912663755458515
43,TISZA,000O,Gajdos László,001N,Gyöngyösi István,232,227,0.978448275862069
43,TISZA,000O,Gajdos László,001O,Dr. Sasi-Nagy Edit,235,234,0.9957446808510638
43,TISZA,000O,Gajdos László,001P,Balogh Mihály,211,210,0.995260663507109
43,TISZA,000O,Gajdos László,001Q,Császár Martin,235,234,0.9957446808510638
43,TISZA,000O,Gajdos László,001R,Berki Ákos,233,232,0.9957081545064378
43,TISZA,000O,Gajdos László,001S,Dr. Simon Krisztián Márk,234,233,0.9957264957264957
43,TISZA,000O,Gajdos László,001T,Tóth Tamás,230,229,0.9956521739130435
43,TISZA,000O,Gajdos László,001U,Kőszegi Krisztián,224,221,0.9866071428571429
43,TISZA,000O,Gajdos László,001V,Dr. Kiss Máté Zsolt,235,233,0.9914893617021276
43,TISZA,000O,Gajdos László,001W,Lukács Gábor,234,233,0.9957264957264957
43,TISZA,000O,Gajdos László,001X,Kaprinyák Tibor,235,234,0.9957446808510638
43,TISZA,000O,Gajdos László,001Y,Porcher Áron,234,233,0.9957264957264957
43,TISZA,000O,Gajdos László,001Z,Boda Nikoletta,231,230,0.9956709956709957
43,TISZA,000O,Gajdos László,0020,Dr. Koncz Áron,235,234,0.9957446808510638
43,TISZA,000O,Gajdos László,0021,László Endre Márton,235,233,0.9914893617021276
43,TISZA,000O,Gajdos László,0022,Perticsné Kácsor Andrea,235,233,0.9914893617021276
43,TISZA,000O,Gajdos László,0023,Tóthmajor Balázs,235,234,0.9957446808510638
43,TISZA,000O,Gajdos László,0024,Dr. Ruzsa Diána,234,230,0.9829059829059829
43,TISZA,000O,Gajdos László,0025,Dr. Sopov Ildikó Éva,216,215,0.9953703703703703
43,TISZA,000O,Gajdos László,0026,Dr. Bódis Péter,233,228,0.9785407725321889
43,TISZA,000O,Gajdos László,0027,Diószegi Judit,234,233,0.9957264957264957
43,TISZA,000O,Gajdos László,0028,Bodóczi István,235,234,0.9957446808510638
43,TISZA,000O,Gajdos László,0029,Müller Anna,235,233,0.9914893617021276
43,TISZA,000O,Gajdos László,002A,Trompler Ildikó,231,227,0.9826839826839827
43,TISZA,000O,Gajdos László,002B,Dr. Miskolczi Orsolya,235,234,0.9957446808510638
43,TISZA,000O,Gajdos László,002C,Jelencsik József,214,213,0.9953271028037384
43,TISZA,000O,Gajdos László,002D,Dr. Szabó Alexandra,234,233,0.9957264957264957
43,TISZA,000O,Gajdos László,002E,Halmai Ferenc,219,218,0.9954337899543378
43,TISZA,000O,Gajdos László,002F,Dr. Bögi Viktória,227,223,0.9823788546255506
43,TISZA,000O,Gajdos László,002G,Tompa Enikő,235,233,0.9914893617021276
43,TISZA,000O,Gajdos László,002H,Dr. Gurzó Mária,234,233,0.9957264957264957
43,TISZA,000O,Gajdos László,002I,Dr. Lőrincz Viktória,228,225,0.9868421052631579
43,TISZA,000O,Gajdos László,002J,Dr. Barna-Szabó Tímea,226,225,0.995575221238938
43,TISZA,000O,Gajdos László,002K,Dr. Sárosi József,235,234,0.9957446808510638
43,TISZA,000O,Gajdos László,002L,Csatári Ernő,232,230,0.9913793103448276
43,TISZA,000O,Gajdos László,002M,Bakos Csaba Attila,233,232,0.9957081545064378
43,TISZA,000O,Gajdos László,002N,Strompová Viktória,234,233,0.9957264957264957
43,TISZA,000O,Gajdos László,002O,Borics Mihály,230,229,0.9956521739130435
43,TISZA,000O,Gajdos László,002P,Csőszi Attila,233,231,0.9914163090128756
43,TISZA,000O,Gajdos László,002Q,Veres Ádám,218,217,0.9954128440366973
43,TISZA,000O,Gajdos László,002R,Szabó Tibor,234,233,0.9957264957264957
43,TISZA,000O,Gajdos László,002S,Hende Máté,229,228,0.9956331877729258
43,TISZA,000O,Gajdos László,002T,Balajti István,235,234,0.9957446808510638
43,TISZA,000O,Gajdos László,002U,Muhari Gergely,231,230,0.9956709956709957
43,TISZA,000O,Gajdos László,002V,Weigand István,229,228,0.9956331877729258
43,TISZA,000O,Gajdos László,002W,Dr. Virágh Gabriella Mária,235,234,0.9957446808510638
43,TISZA,000O,Gajdos László,002X,Trentin Balázs,203,201,0.9901477832512315
43,TISZA,000O,Gajdos László,002Y,Szimon Renáta,216,215,0.9953703703703703
43,TISZA,000O,Gajdos László,002Z,Dr. Bilisics Zita,232,231,0.9956896551724138
43,TISZA,000O,Gajdos László,0030,Dr. Porpáczy Krisztina,231,230,0.9956709956709957
43,TISZA,000O,Gajdos László,0031,Bicskei László,234,233,0.9957264957264957
43,TISZA,000O,Gajdos László,0032,Dr. Árvay Nikolett,223,221,0.9910313901345291
43,TISZA,000O,Gajdos László,0033,Varga Balázs,231,230,0.9956709956709957
43,TISZA,000O,Gajdos László,0034,Csontos Bence,234,231,0.9871794871794872
43,TISZA,000O,Gajdos László,0035,Dr. Simon Zsuzsánna,227,226,0.9955947136563876
43,TISZA,000O,Gajdos László,0036,Ráki Zsolt,235,234,0.9957446808510638
43,TISZA,000O,Gajdos László,0037,Dr. Bóka Zsolt,231,229,0.9913419913419913
43,TISZA,000O,Gajdos László,0038,Kovács Petra Judit,231,229,0.9913419913419913
43,TISZA,000O,Gajdos László,0039,Dr. Bugya László,235,234,0.9957446808510638
43,TISZA,000O,Gajdos László,003A,Lovkó Csaba,234,233,0.9957264957264957
43,TISZA,000O,Gajdos László,003B,Tóth Norbert,226,225,0.995575221238938
43,TISZA,000O,Gajdos László,003C,Dr. Balatincz Péter,168,167,0.9940476190476191
43,TISZA,000O,Gajdos László,003D,Járosi Péter,235,234,0.9957446808510638
43,TISZA,000O,Gajdos László,003E,Gombár Dávid,233,232,0.9957081545064378
43,TISZA,000O,Gajdos László,003F,Szakács Péter Lajos,235,234,0.9957446808510638
43,TISZA,000O,Gajdos László,003G,Dr. Dicső Viktória,231,230,0.9956709956709957
43,TISZA,000O,Gajdos László,003H,Czakó Czirbus Pál,230,229,0.9956521739130435
43,TISZA,000O,Gajdos László,003I,Dr. Németh Csilla,230,228,0.991304347826087
43,TISZA,000O,Gajdos László,003J,Dr. Kovács Gyula,234,233,0.9957264957264957
43,TISZA,000O,Gajdos László,003K,Horváth Nándor Zsolt,235,234,0.9957446808510638
43,TISZA,000O,Gajdos László,003L,Kapronczai Balázs,232,231,0.9956896551724138
43,TISZA,000O,Gajdos László,003M,Dr. Juhász Áron,233,232,0.9957081545064378
43,TISZA,000O,Gajdos László,003N,Kiss János,221,220,0.995475113122172
43,TISZA,000O,Gajdos László,003O,Gyömbér Dávid,234,233,0.9957264957264957
43,TISZA,000O,Gajdos László,003P,Havasi Balázs,228,227,0.9956140350877193
43,TISZA,000O,Gajdos László,003Q,Dr. Kovács Áron,233,232,0.9957081545064378
43,TISZA,000O,Gajdos László,003R,Csiszár Béla,234,233,0.9957264957264957
43,TISZA,000O,Gajdos László,003S,Dr. Szijjártó Gábor,234,233,0.9957264957264957
43,TISZA,000O,Gajdos László,003T,Rápli Róbert,228,227,0.9956140350877193
43,TISZA,000O,Gajdos László,003U,Ujvári Szilvia,235,233,0.9914893617021276
43,TISZA,000O,Gajdos László,003V,Dr. Farkas Csongor,235,234,0.9957446808510638
43,TISZA,000O,Gajdos László,003W,Csák László,232,231,0.9956896551724138
43,TISZA,000O,Gajdos László,003X,Néher András,233,232,0.9957081545064378
43,TISZA,000O,Gajdos László,003Y,Bárkányi Bence,235,234,0.9957446808510638
43,TISZA,000O,Gajdos László,003Z,Ferenczi Gábor,235,234,0.9957446808510638
43,TISZA,000O,Gajdos László,0040,Dr. Nagy Márta,234,233,0.9957264957264957
43,TISZA,000O,Gajdos László,0041,Dr. Gáspár Levente,233,232,0.9957081545064378
43,TISZA,000O,Gajdos László,0042,Dr. Hallerné Dr. Nagy Anikó,224,222,0.9910714285714286
43,TISZA,000O,Gajdos László,0043,Dr. Bihari Zoltán,230,225,0.9782608695652174
43,TISZA,000O,Gajdos László,0044,Lontay László,228,227,0.9956140350877193
43,TISZA,000O,Gajdos László,0045,Cseh Tamás,233,231,0.9914163090128756
43,TISZA,000O,Gajdos László,0046,Benke József,234,233,0.9957264957264957
43,TISZA,000O,Gajdos László,0047,Hatala-Orosz Csaba,234,232,0.9914529914529915
43,TISZA,000O,Gajdos László,0048,Rózsahegyi Áron,224,223,0.9955357142857143
43,TISZA,000O,Gajdos László,0049,Dr. Czipa András,180,180,1.0
43,TISZA,000O,Gajdos László,004A,Juhász Roland Csongor,235,234,0.9957446808510638
43,TISZA,000O,Gajdos László,004B,Karsai-Juhász Katalin,228,227,0.9956140350877193
43,TISZA,000O,Gajdos László,004C,Judák Zsolt,235,234,0.9957446808510638
43,TISZA,000O,Gajdos László,004D,Polgár György,235,234,0.9957446808510638
43,TISZA,000O,Gajdos László,004E,Tárkányi Zsolt,226,224,0.9911504424778761
43,TISZA,000O,Gajdos László,004F,Dr. Stumpf Péter,235,233,0.9914893617021276
43,TISZA,000O,Gajdos László,004G,Gajda Attila,233,230,0.9871244635193133
43,TISZA,000O,Gajdos László,004H,Molnár János,235,234,0.9957446808510638
43,TISZA,000O,Gajdos László,k122,Kármán András,215,213,0.9906976744186047
43,TISZA,000O,Gajdos László,m076,Magyar Péter,185,184,0.9945945945945946
43,TISZA,000O,Gajdos László,t067,Tarr Zoltán,217,213,0.9815668202764977
43,TISZA,000P,Forsthoffer Ágnes,000Q,Kapitány István,165,164,0.9939393939393939
43,TISZA,000P,Forsthoffer Ágnes,000R,Dr. Orbán Anita,131,130,0.9923664122137404
43,TISZA,000P,Forsthoffer Ágnes,000S,Radnai Márk,161,161,1.0
43,TISZA,000P,Forsthoffer Ágnes,000T,Bujdosó Andrea Anna,175,175,1.0
43,TISZA,000P,Forsthoffer Ágnes,000U,Csézy Erzsébet,173,173,1.0
43,TISZA,000P,Forsthoffer Ágnes,000V,Dr. Hegedűs Zsolt Csaba,153,153,1.0
43,TISZA,000P,Forsthoffer Ágnes,000W,Bódis Kriszta,175,175,1.0
43,TISZA,000P,Forsthoffer Ágnes,000X,Pósfai Gábor,168,167,0.9940476190476191
43,TISZA,000P,Forsthoffer Ágnes,000Y,Tanács Zoltán,167,166,0.9940119760479041
43,TISZA,000P,Forsthoffer Ágnes,000Z,Göröghné Bocskai Éva,171,171,1.0
43,TISZA,000P,Forsthoffer Ágnes,0010,Dr. Ruszin-Szendi Romulusz,142,142,1.0
43,TISZA,000P,Forsthoffer Ágnes,0011,Dr. Jakab Zsuzsanna,174,174,1.0
43,TISZA,000P,Forsthoffer Ágnes,0012,Nagy Ervin,169,169,1.0
43,TISZA,000P,Forsthoffer Ágnes,0013,Szűcs Dóra,175,175,1.0
43,TISZA,000P,Forsthoffer Ágnes,0014,Velkey György László,170,170,1.0
43,TISZA,000P,Forsthoffer Ágnes,0016,Kulcsár Krisztián,175,175,1.0
43,TISZA,000P,Forsthoffer Ágnes,0017,Melléthei-Barna Márton,166,165,0.9939759036144579
43,TISZA,000P,Forsthoffer Ágnes,0018,Jójárt Erika,169,169,1.0
43,TISZA,000P,Forsthoffer Ágnes,0019,Dr. Kátai-Németh Vilmos,165,164,0.9939393939393939
43,TISZA,000P,Forsthoffer Ágnes,001A,Molnár Zoltán,170,170,1.0
43,TISZA,000P,Forsthoffer Ágnes,001B,Dr. Kincse Csongor,175,175,1.0
43,TISZA,000P,Forsthoffer Ágnes,001C,Borsós Gabriella,173,172,0.9942196531791907
43,TISZA,000P,Forsthoffer Ágnes,001D,Szafkó Zoltán Péter,172,172,1.0
43,TISZA,000P,Forsthoffer Ágnes,001E,Kalázdi-Kerekes Kinga,153,153,1.0
43,TISZA,000P,Forsthoffer Ágnes,001F,Gyuk Zsolt,175,175,1.0
43,TISZA,000P,Forsthoffer Ágnes,001G,Schummer Orsolya,174,173,0.9942528735632183
43,TISZA,000P,Forsthoffer Ágnes,001H,Varga Lőrinc Mihály,173,173,1.0
43,TISZA,000P,Forsthoffer Ágnes,001I,Sóti Anikó Zsuzsanna,173,173,1.0
43,TISZA,000P,Forsthoffer Ágnes,001J,Dr. Rák Richárd,171,171,1.0
43,TISZA,000P,Forsthoffer Ágnes,001K,Hajdu Márton,115,115,1.0
43,TISZA,000P,Forsthoffer Ágnes,001L,Pásztor Anett,174,174,1.0
43,TISZA,000P,Forsthoffer Ágnes,001M,Dr. Hantosi István,170,169,0.9941176470588236
43,TISZA,000P,Forsthoffer Ágnes,001N,Gyöngyösi István,173,171,0.9884393063583815
43,TISZA,000P,Forsthoffer Ágnes,001O,Dr. Sasi-Nagy Edit,175,175,1.0
43,TISZA,000P,Forsthoffer Ágnes,001P,Balogh Mihály,152,152,1.0
43,TISZA,000P,Forsthoffer Ágnes,001Q,Császár Martin,175,175,1.0
43,TISZA,000P,Forsthoffer Ágnes,001R,Berki Ákos,173,172,0.9942196531791907
43,TISZA,000P,Forsthoffer Ágnes,001S,Dr. Simon Krisztián Márk,173,173,1.0
43,TISZA,000P,Forsthoffer Ágnes,001T,Tóth Tamás,168,168,1.0
43,TISZA,000P,Forsthoffer Ágnes,001U,Kőszegi Krisztián,169,168,0.9940828402366864
43,TISZA,000P,Forsthoffer Ágnes,001V,Dr. Kiss Máté Zsolt,175,174,0.9942857142857143
43,TISZA,000P,Forsthoffer Ágnes,001W,Lukács Gábor,173,173,1.0
43,TISZA,000P,Forsthoffer Ágnes,001X,Kaprinyák Tibor,174,174,1.0
43,TISZA,000P,Forsthoffer Ágnes,001Y,Porcher Áron,173,173,1.0
43,TISZA,000P,Forsthoffer Ágnes,001Z,Boda Nikoletta,171,171,1.0
43,TISZA,000P,Forsthoffer Ágnes,0020,Dr. Koncz Áron,175,175,1.0
43,TISZA,000P,Forsthoffer Ágnes,0021,László Endre Márton,175,175,1.0
43,TISZA,000P,Forsthoffer Ágnes,0022,Perticsné Kácsor Andrea,175,175,1.0
43,TISZA,000P,Forsthoffer Ágnes,0023,Tóthmajor Balázs,175,175,1.0
43,TISZA,000P,Forsthoffer Ágnes,0024,Dr. Ruzsa Diána,174,174,1.0
43,TISZA,000P,Forsthoffer Ágnes,0025,Dr. Sopov Ildikó Éva,159,159,1.0
43,TISZA,000P,Forsthoffer Ágnes,0026,Dr. Bódis Péter,172,172,1.0
43,TISZA,000P,Forsthoffer Ágnes,0027,Diószegi Judit,175,175,1.0
43,TISZA,000P,Forsthoffer Ágnes,0028,Bodóczi István,175,175,1.0
43,TISZA,000P,Forsthoffer Ágnes,0029,Müller Anna,175,175,1.0
43,TISZA,000P,Forsthoffer Ágnes,002A,Trompler Ildikó,171,171,1.0
43,TISZA,000P,Forsthoffer Ágnes,002B,Dr. Miskolczi Orsolya,175,175,1.0
43,TISZA,000P,Forsthoffer Ágnes,002C,Jelencsik József,155,155,1.0
43,TISZA,000P,Forsthoffer Ágnes,002D,Dr. Szabó Alexandra,174,174,1.0
43,TISZA,000P,Forsthoffer Ágnes,002E,Halmai Ferenc,158,158,1.0
43,TISZA,000P,Forsthoffer Ágnes,002F,Dr. Bögi Viktória,167,167,1.0
43,TISZA,000P,Forsthoffer Ágnes,002G,Tompa Enikő,175,175,1.0
43,TISZA,000P,Forsthoffer Ágnes,002H,Dr. Gurzó Mária,174,174,1.0
43,TISZA,000P,Forsthoffer Ágnes,002I,Dr. Lőrincz Viktória,167,167,1.0
43,TISZA,000P,Forsthoffer Ágnes,002J,Dr. Barna-Szabó Tímea,168,168,1.0
43,TISZA,000P,Forsthoffer Ágnes,002K,Dr. Sárosi József,175,175,1.0
43,TISZA,000P,Forsthoffer Ágnes,002L,Csatári Ernő,172,171,0.9941860465116279
43,TISZA,000P,Forsthoffer Ágnes,002M,Bakos Csaba Attila,173,173,1.0
43,TISZA,000P,Forsthoffer Ágnes,002N,Strompová Viktória,175,175,1.0
43,TISZA,000P,Forsthoffer Ágnes,002O,Borics Mihály,170,170,1.0
43,TISZA,000P,Forsthoffer Ágnes,002P,Csőszi Attila,174,173,0.9942528735632183
43,TISZA,000P,Forsthoffer Ágnes,002Q,Veres Ádám,158,158,1.0
43,TISZA,000P,Forsthoffer Ágnes,002R,Szabó Tibor,174,174,1.0
43,TISZA,000P,Forsthoffer Ágnes,002S,Hende Máté,174,174,1.0
43,TISZA,000P,Forsthoffer Ágnes,002T,Balajti István,175,175,1.0
43,TISZA,000P,Forsthoffer Ágnes,002U,Muhari Gergely,169,169,1.0
43,TISZA,000P,Forsthoffer Ágnes,002V,Weigand István,169,169,1.0
43,TISZA,000P,Forsthoffer Ágnes,002W,Dr. Virágh Gabriella Mária,175,175,1.0
43,TISZA,000P,Forsthoffer Ágnes,002X,Trentin Balázs,139,138,0.9928057553956835
43,TISZA,000P,Forsthoffer Ágnes,002Y,Szimon Renáta,156,156,1.0
43,TISZA,000P,Forsthoffer Ágnes,002Z,Dr. Bilisics Zita,171,171,1.0
43,TISZA,000P,Forsthoffer Ágnes,0030,Dr. Porpáczy Krisztina,172,172,1.0
43,TISZA,000P,Forsthoffer Ágnes,0031,Bicskei László,174,174,1.0
43,TISZA,000P,Forsthoffer Ágnes,0032,Dr. Árvay Nikolett,164,164,1.0
43,TISZA,000P,Forsthoffer Ágnes,0033,Varga Balázs,169,169,1.0
43,TISZA,000P,Forsthoffer Ágnes,0034,Csontos Bence,174,174,1.0
43,TISZA,000P,Forsthoffer Ágnes,0035,Dr. Simon Zsuzsánna,169,169,1.0
43,TISZA,000P,Forsthoffer Ágnes,0036,Ráki Zsolt,175,175,1.0
43,TISZA,000P,Forsthoffer Ágnes,0037,Dr. Bóka Zsolt,174,173,0.9942528735632183
43,TISZA,000P,Forsthoffer Ágnes,0038,Kovács Petra Judit,174,173,0.9942528735632183
43,TISZA,000P,Forsthoffer Ágnes,0039,Dr. Bugya László,175,175,1.0
43,TISZA,000P,Forsthoffer Ágnes,003A,Lovkó Csaba,173,173,1.0
43,TISZA,000P,Forsthoffer Ágnes,003B,Tóth Norbert,168,168,1.0
43,TISZA,000P,Forsthoffer Ágnes,003C,Dr. Balatincz Péter,136,136,1.0
43,TISZA,000P,Forsthoffer Ágnes,003D,Járosi Péter,175,175,1.0
43,TISZA,000P,Forsthoffer Ágnes,003E,Gombár Dávid,172,172,1.0
43,TISZA,000P,Forsthoffer Ágnes,003F,Szakács Péter Lajos,175,175,1.0
43,TISZA,000P,Forsthoffer Ágnes,003G,Dr. Dicső Viktória,170,170,1.0
43,TISZA,000P,Forsthoffer Ágnes,003H,Czakó Czirbus Pál,171,171,1.0
43,TISZA,000P,Forsthoffer Ágnes,003I,Dr. Németh Csilla,167,166,0.9940119760479041
43,TISZA,000P,Forsthoffer Ágnes,003J,Dr. Kovács Gyula,174,174,1.0
43,TISZA,000P,Forsthoffer Ágnes,003K,Horváth Nándor Zsolt,175,175,1.0
43,TISZA,000P,Forsthoffer Ágnes,003L,Kapronczai Balázs,174,174,1.0
43,TISZA,000P,Forsthoffer Ágnes,003M,Dr. Juhász Áron,172,172,1.0
43,TISZA,000P,Forsthoffer Ágnes,003N,Kiss János,161,161,1.0
43,TISZA,000P,Forsthoffer Ágnes,003O,Gyömbér Dávid,174,174,1.0
43,TISZA,000P,Forsthoffer Ágnes,003P,Havasi Balázs,163,163,1.0
43,TISZA,000P,Forsthoffer Ágnes,003Q,Dr. Kovács Áron,173,173,1.0
43,TISZA,000P,Forsthoffer Ágnes,003R,Csiszár Béla,174,174,1.0
43,TISZA,000P,Forsthoffer Ágnes,003S,Dr. Szijjártó Gábor,172,172,1.0
43,TISZA,000P,Forsthoffer Ágnes,003T,Rápli Róbert,166,166,1.0
43,TISZA,000P,Forsthoffer Ágnes,003U,Ujvári Szilvia,175,174,0.9942857142857143
43,TISZA,000P,Forsthoffer Ágnes,003V,Dr. Farkas Csongor,175,175,1.0
43,TISZA,000P,Forsthoffer Ágnes,003W,Csák László,171,171,1.0
43,TISZA,000P,Forsthoffer Ágnes,003X,Néher András,172,172,1.0
43,TISZA,000P,Forsthoffer Ágnes,003Y,Bárkányi Bence,175,175,1.0
43,TISZA,000P,Forsthoffer Ágnes,003Z,Ferenczi Gábor,175,175,1.0
43,TISZA,000P,Forsthoffer Ágnes,0040,Dr. Nagy Márta,173,173,1.0
43,TISZA,000P,Forsthoffer Ágnes,0041,Dr. Gáspár Levente,175,175,1.0
43,TISZA,000P,Forsthoffer Ágnes,0042,Dr. Hallerné Dr. Nagy Anikó,171,171,1.0
43,TISZA,000P,Forsthoffer Ágnes,0043,Dr. Bihari Zoltán,171,166,0.9707602339181286
43,TISZA,000P,Forsthoffer Ágnes,0044,Lontay László,174,174,1.0
43,TISZA,000P,Forsthoffer Ágnes,0045,Cseh Tamás,173,172,0.9942196531791907
43,TISZA,000P,Forsthoffer Ágnes,0046,Benke József,174,174,1.0
43,TISZA,000P,Forsthoffer Ágnes,0047,Hatala-Orosz Csaba,174,174,1.0
43,TISZA,000P,Forsthoffer Ágnes,0048,Rózsahegyi Áron,168,168,1.0
43,TISZA,000P,Forsthoffer Ágnes,0049,Dr. Czipa András,124,124,1.0
43,TISZA,000P,Forsthoffer Ágnes,004A,Juhász Roland Csongor,175,175,1.0
43,TISZA,000P,Forsthoffer Ágnes,004B,Karsai-Juhász Katalin,168,168,1.0
43,TISZA,000P,Forsthoffer Ágnes,004C,Judák Zsolt,174,172,0.9885057471264368
43,TISZA,000P,Forsthoffer Ágnes,004D,Polgár György,175,175,1.0
43,TISZA,000P,Forsthoffer Ágnes,004E,Tárkányi Zsolt,168,167,0.9940476190476191
43,TISZA,000P,Forsthoffer Ágnes,004F,Dr. Stumpf Péter,175,174,0.9942857142857143
43,TISZA,000P,Forsthoffer Ágnes,004G,Gajda Attila,174,174,1.0
43,TISZA,000P,Forsthoffer Ágnes,004H,Molnár János,175,175,1.0
43,TISZA,000P,Forsthoffer Ágnes,k122,Kármán András,160,159,0.99375
43,TISZA,000P,Forsthoffer Ágnes,m076,Magyar Péter,140,140,1.0
43,TISZA,000P,Forsthoffer Ágnes,t067,Tarr Zoltán,159,159,1.0
43,TISZA,000Q,Kapitány István,000R,Dr. Orbán Anita,169,167,0.9881656804733728
43,TISZA,000Q,Kapitány István,000S,Radnai Márk,208,206,0.9903846153846154
43,TISZA,000Q,Kapitány István,000T,Bujdosó Andrea Anna,235,233,0.9914893617021276
43,TISZA,000Q,Kapitány István,000U,Csézy Erzsébet,232,231,0.9956896551724138
43,TISZA,000Q,Kapitány István,000V,Dr. Hegedűs Zsolt Csaba,196,195,0.9948979591836735
43,TISZA,000Q,Kapitány István,000W,Bódis Kriszta,235,233,0.9914893617021276
43,TISZA,000Q,Kapitány István,000X,Pósfai Gábor,230,227,0.9869565217391304
43,TISZA,000Q,Kapitány István,000Y,Tanács Zoltán,216,213,0.9861111111111112
43,TISZA,000Q,Kapitány István,000Z,Göröghné Bocskai Éva,219,217,0.9908675799086758
43,TISZA,000Q,Kapitány István,0010,Dr. Ruszin-Szendi Romulusz,201,200,0.9950248756218906
43,TISZA,000Q,Kapitány István,0011,Dr. Jakab Zsuzsanna,234,232,0.9914529914529915
43,TISZA,000Q,Kapitány István,0012,Nagy Ervin,225,223,0.9911111111111112
43,TISZA,000Q,Kapitány István,0013,Szűcs Dóra,236,234,0.9915254237288136
43,TISZA,000Q,Kapitány István,0014,Velkey György László,230,228,0.991304347826087
43,TISZA,000Q,Kapitány István,0016,Kulcsár Krisztián,236,234,0.9915254237288136
43,TISZA,000Q,Kapitány István,0017,Melléthei-Barna Márton,221,218,0.9864253393665159
43,TISZA,000Q,Kapitány István,0018,Jójárt Erika,230,228,0.991304347826087
43,TISZA,000Q,Kapitány István,0019,Dr. Kátai-Németh Vilmos,230,227,0.9869565217391304
43,TISZA,000Q,Kapitány István,001A,Molnár Zoltán,231,229,0.9913419913419913
43,TISZA,000Q,Kapitány István,001B,Dr. Kincse Csongor,236,234,0.9915254237288136
43,TISZA,000Q,Kapitány István,001C,Borsós Gabriella,233,230,0.9871244635193133
43,TISZA,000Q,Kapitány István,001D,Szafkó Zoltán Péter,234,232,0.9914529914529915
43,TISZA,000Q,Kapitány István,001E,Kalázdi-Kerekes Kinga,215,213,0.9906976744186047
43,TISZA,000Q,Kapitány István,001F,Gyuk Zsolt,236,234,0.9915254237288136
43,TISZA,000Q,Kapitány István,001G,Schummer Orsolya,232,229,0.9870689655172413
43,TISZA,000Q,Kapitány István,001H,Varga Lőrinc Mihály,234,232,0.9914529914529915
43,TISZA,000Q,Kapitány István,001I,Sóti Anikó Zsuzsanna,234,232,0.9914529914529915
43,TISZA,000Q,Kapitány István,001J,Dr. Rák Richárd,231,229,0.9913419913419913
43,TISZA,000Q,Kapitány István,001K,Hajdu Márton,184,182,0.9891304347826086
43,TISZA,000Q,Kapitány István,001L,Pásztor Anett,235,233,0.9914893617021276
43,TISZA,000Q,Kapitány István,001M,Dr. Hantosi István,229,228,0.9956331877729258
43,TISZA,000Q,Kapitány István,001N,Gyöngyösi István,229,226,0.9868995633187773
43,TISZA,000Q,Kapitány István,001O,Dr. Sasi-Nagy Edit,236,234,0.9915254237288136
43,TISZA,000Q,Kapitány István,001P,Balogh Mihály,215,213,0.9906976744186047
43,TISZA,000Q,Kapitány István,001Q,Császár Martin,235,233,0.9914893617021276
43,TISZA,000Q,Kapitány István,001R,Berki Ákos,234,231,0.9871794871794872
43,TISZA,000Q,Kapitány István,001S,Dr. Simon Krisztián Márk,235,233,0.9914893617021276
43,TISZA,000Q,Kapitány István,001T,Tóth Tamás,233,231,0.9914163090128756
43,TISZA,000Q,Kapitány István,001U,Kőszegi Krisztián,227,223,0.9823788546255506
43,TISZA,000Q,Kapitány István,001V,Dr. Kiss Máté Zsolt,235,232,0.9872340425531915
43,TISZA,000Q,Kapitány István,001W,Lukács Gábor,234,232,0.9914529914529915
43,TISZA,000Q,Kapitány István,001X,Kaprinyák Tibor,235,233,0.9914893617021276
43,TISZA,000Q,Kapitány István,001Y,Porcher Áron,234,232,0.9914529914529915
43,TISZA,000Q,Kapitány István,001Z,Boda Nikoletta,232,230,0.9913793103448276
43,TISZA,000Q,Kapitány István,0020,Dr. Koncz Áron,236,234,0.9915254237288136
43,TISZA,000Q,Kapitány István,0021,László Endre Márton,236,233,0.9872881355932204
43,TISZA,000Q,Kapitány István,0022,Perticsné Kácsor Andrea,236,234,0.9915254237288136
43,TISZA,000Q,Kapitány István,0023,Tóthmajor Balázs,236,234,0.9915254237288136
43,TISZA,000Q,Kapitány István,0024,Dr. Ruzsa Diána,235,232,0.9872340425531915
43,TISZA,000Q,Kapitány István,0025,Dr. Sopov Ildikó Éva,221,220,0.995475113122172
43,TISZA,000Q,Kapitány István,0026,Dr. Bódis Péter,231,228,0.987012987012987
43,TISZA,000Q,Kapitány István,0027,Diószegi Judit,235,233,0.9914893617021276
43,TISZA,000Q,Kapitány István,0028,Bodóczi István,236,234,0.9915254237288136
43,TISZA,000Q,Kapitány István,0029,Müller Anna,236,234,0.9915254237288136
43,TISZA,000Q,Kapitány István,002A,Trompler Ildikó,232,230,0.9913793103448276
43,TISZA,000Q,Kapitány István,002B,Dr. Miskolczi Orsolya,235,233,0.9914893617021276
43,TISZA,000Q,Kapitány István,002C,Jelencsik József,215,213,0.9906976744186047
43,TISZA,000Q,Kapitány István,002D,Dr. Szabó Alexandra,235,233,0.9914893617021276
43,TISZA,000Q,Kapitány István,002E,Halmai Ferenc,221,219,0.9909502262443439
43,TISZA,000Q,Kapitány István,002F,Dr. Bögi Viktória,227,225,0.9911894273127754
43,TISZA,000Q,Kapitány István,002G,Tompa Enikő,236,234,0.9915254237288136
43,TISZA,000Q,Kapitány István,002H,Dr. Gurzó Mária,235,233,0.9914893617021276
43,TISZA,000Q,Kapitány István,002I,Dr. Lőrincz Viktória,227,224,0.986784140969163
43,TISZA,000Q,Kapitány István,002J,Dr. Barna-Szabó Tímea,229,227,0.9912663755458515
43,TISZA,000Q,Kapitány István,002K,Dr. Sárosi József,236,234,0.9915254237288136
43,TISZA,000Q,Kapitány István,002L,Csatári Ernő,235,232,0.9872340425531915
43,TISZA,000Q,Kapitány István,002M,Bakos Csaba Attila,235,233,0.9914893617021276
43,TISZA,000Q,Kapitány István,002N,Strompová Viktória,235,233,0.9914893617021276
43,TISZA,000Q,Kapitány István,002O,Borics Mihály,232,230,0.9913793103448276
43,TISZA,000Q,Kapitány István,002P,Csőszi Attila,235,232,0.9872340425531915
43,TISZA,000Q,Kapitány István,002Q,Veres Ádám,218,216,0.9908256880733946
43,TISZA,000Q,Kapitány István,002R,Szabó Tibor,233,231,0.9914163090128756
43,TISZA,000Q,Kapitány István,002S,Hende Máté,232,230,0.9913793103448276
43,TISZA,000Q,Kapitány István,002T,Balajti István,235,233,0.9914893617021276
43,TISZA,000Q,Kapitány István,002U,Muhari Gergely,230,228,0.991304347826087
43,TISZA,000Q,Kapitány István,002V,Weigand István,231,229,0.9913419913419913
43,TISZA,000Q,Kapitány István,002W,Dr. Virágh Gabriella Mária,236,234,0.9915254237288136
43,TISZA,000Q,Kapitány István,002X,Trentin Balázs,205,202,0.9853658536585366
43,TISZA,000Q,Kapitány István,002Y,Szimon Renáta,215,213,0.9906976744186047
43,TISZA,000Q,Kapitány István,002Z,Dr. Bilisics Zita,230,229,0.9956521739130435
43,TISZA,000Q,Kapitány István,0030,Dr. Porpáczy Krisztina,233,231,0.9914163090128756
43,TISZA,000Q,Kapitány István,0031,Bicskei László,236,234,0.9915254237288136
43,TISZA,000Q,Kapitány István,0032,Dr. Árvay Nikolett,225,222,0.9866666666666667
43,TISZA,000Q,Kapitány István,0033,Varga Balázs,234,232,0.9914529914529915
43,TISZA,000Q,Kapitány István,0034,Csontos Bence,235,234,0.9957446808510638
43,TISZA,000Q,Kapitány István,0035,Dr. Simon Zsuzsánna,228,226,0.9912280701754386
43,TISZA,000Q,Kapitány István,0036,Ráki Zsolt,236,234,0.9915254237288136
43,TISZA,000Q,Kapitány István,0037,Dr. Bóka Zsolt,232,229,0.9870689655172413
43,TISZA,000Q,Kapitány István,0038,Kovács Petra Judit,234,231,0.9871794871794872
43,TISZA,000Q,Kapitány István,0039,Dr. Bugya László,236,234,0.9915254237288136
43,TISZA,000Q,Kapitány István,003A,Lovkó Csaba,234,232,0.9914529914529915
43,TISZA,000Q,Kapitány István,003B,Tóth Norbert,232,230,0.9913793103448276
43,TISZA,000Q,Kapitány István,003C,Dr. Balatincz Péter,168,166,0.9880952380952381
43,TISZA,000Q,Kapitány István,003D,Járosi Péter,236,234,0.9915254237288136
43,TISZA,000Q,Kapitány István,003E,Gombár Dávid,234,232,0.9914529914529915
43,TISZA,000Q,Kapitány István,003F,Szakács Péter Lajos,236,234,0.9915254237288136
43,TISZA,000Q,Kapitány István,003G,Dr. Dicső Viktória,231,229,0.9913419913419913
43,TISZA,000Q,Kapitány István,003H,Czakó Czirbus Pál,233,231,0.9914163090128756
43,TISZA,000Q,Kapitány István,003I,Dr. Németh Csilla,231,228,0.987012987012987
43,TISZA,000Q,Kapitány István,003J,Dr. Kovács Gyula,235,233,0.9914893617021276
43,TISZA,000Q,Kapitány István,003K,Horváth Nándor Zsolt,236,234,0.9915254237288136
43,TISZA,000Q,Kapitány István,003L,Kapronczai Balázs,232,230,0.9913793103448276
43,TISZA,000Q,Kapitány István,003M,Dr. Juhász Áron,234,232,0.9914529914529915
43,TISZA,000Q,Kapitány István,003N,Kiss János,220,218,0.990909090909091
43,TISZA,000Q,Kapitány István,003O,Gyömbér Dávid,233,231,0.9914163090128756
43,TISZA,000Q,Kapitány István,003P,Havasi Balázs,229,227,0.9912663755458515
43,TISZA,000Q,Kapitány István,003Q,Dr. Kovács Áron,234,232,0.9914529914529915
43,TISZA,000Q,Kapitány István,003R,Csiszár Béla,235,233,0.9914893617021276
43,TISZA,000Q,Kapitány István,003S,Dr. Szijjártó Gábor,234,232,0.9914529914529915
43,TISZA,000Q,Kapitány István,003T,Rápli Róbert,230,227,0.9869565217391304
43,TISZA,000Q,Kapitány István,003U,Ujvári Szilvia,236,233,0.9872881355932204
43,TISZA,000Q,Kapitány István,003V,Dr. Farkas Csongor,236,234,0.9915254237288136
43,TISZA,000Q,Kapitány István,003W,Csák László,234,232,0.9914529914529915
43,TISZA,000Q,Kapitány István,003X,Néher András,233,231,0.9914163090128756
43,TISZA,000Q,Kapitány István,003Y,Bárkányi Bence,236,234,0.9915254237288136
43,TISZA,000Q,Kapitány István,003Z,Ferenczi Gábor,234,232,0.9914529914529915
43,TISZA,000Q,Kapitány István,0040,Dr. Nagy Márta,235,233,0.9914893617021276
43,TISZA,000Q,Kapitány István,0041,Dr. Gáspár Levente,235,233,0.9914893617021276
43,TISZA,000Q,Kapitány István,0042,Dr. Hallerné Dr. Nagy Anikó,228,226,0.9912280701754386
43,TISZA,000Q,Kapitány István,0043,Dr. Bihari Zoltán,231,225,0.974025974025974
43,TISZA,000Q,Kapitány István,0044,Lontay László,230,228,0.991304347826087
43,TISZA,000Q,Kapitány István,0045,Cseh Tamás,234,231,0.9871794871794872
43,TISZA,000Q,Kapitány István,0046,Benke József,235,233,0.9914893617021276
43,TISZA,000Q,Kapitány István,0047,Hatala-Orosz Csaba,234,232,0.9914529914529915
43,TISZA,000Q,Kapitány István,0048,Rózsahegyi Áron,225,224,0.9955555555555555
43,TISZA,000Q,Kapitány István,0049,Dr. Czipa András,182,181,0.9945054945054945
43,TISZA,000Q,Kapitány István,004A,Juhász Roland Csongor,236,234,0.9915254237288136
43,TISZA,000Q,Kapitány István,004B,Karsai-Juhász Katalin,227,225,0.9911894273127754
43,TISZA,000Q,Kapitány István,004C,Judák Zsolt,235,231,0.9829787234042553
43,TISZA,000Q,Kapitány István,004D,Polgár György,236,234,0.9915254237288136
43,TISZA,000Q,Kapitány István,004E,Tárkányi Zsolt,228,225,0.9868421052631579
43,TISZA,000Q,Kapitány István,004F,Dr. Stumpf Péter,236,233,0.9872881355932204
43,TISZA,000Q,Kapitány István,004G,Gajda Attila,235,233,0.9914893617021276
43,TISZA,000Q,Kapitány István,004H,Molnár János,236,234,0.9915254237288136
43,TISZA,000Q,Kapitány István,k122,Kármán András,220,218,0.990909090909091
43,TISZA,000Q,Kapitány István,m076,Magyar Péter,186,185,0.9946236559139785
43,TISZA,000Q,Kapitány István,t067,Tarr Zoltán,221,218,0.9864253393665159
43,TISZA,000R,Dr. Orbán Anita,000S,Radnai Márk,165,164,0.9939393939393939
43,TISZA,000R,Dr. Orbán Anita,000T,Bujdosó Andrea Anna,176,175,0.9943181818181818
43,TISZA,000R,Dr. Orbán Anita,000U,Csézy Erzsébet,175,174,0.9942857142857143
43,TISZA,000R,Dr. Orbán Anita,000V,Dr. Hegedűs Zsolt Csaba,151,150,0.9933774834437086
43,TISZA,000R,Dr. Orbán Anita,000W,Bódis Kriszta,175,174,0.9942857142857143
43,TISZA,000R,Dr. Orbán Anita,000X,Pósfai Gábor,175,173,0.9885714285714285
43,TISZA,000R,Dr. Orbán Anita,000Y,Tanács Zoltán,155,153,0.9870967741935484
43,TISZA,000R,Dr. Orbán Anita,000Z,Göröghné Bocskai Éva,158,157,0.9936708860759493
43,TISZA,000R,Dr. Orbán Anita,0010,Dr. Ruszin-Szendi Romulusz,160,159,0.99375
43,TISZA,000R,Dr. Orbán Anita,0011,Dr. Jakab Zsuzsanna,175,174,0.9942857142857143
43,TISZA,000R,Dr. Orbán Anita,0012,Nagy Ervin,170,169,0.9941176470588236
43,TISZA,000R,Dr. Orbán Anita,0013,Szűcs Dóra,176,175,0.9943181818181818
43,TISZA,000R,Dr. Orbán Anita,0014,Velkey György László,166,165,0.9939759036144579
43,TISZA,000R,Dr. Orbán Anita,0016,Kulcsár Krisztián,176,175,0.9943181818181818
43,TISZA,000R,Dr. Orbán Anita,0017,Melléthei-Barna Márton,165,163,0.9878787878787879
43,TISZA,000R,Dr. Orbán Anita,0018,Jójárt Erika,170,169,0.9941176470588236
43,TISZA,000R,Dr. Orbán Anita,0019,Dr. Kátai-Németh Vilmos,167,165,0.9880239520958084
43,TISZA,000R,Dr. Orbán Anita,001A,Molnár Zoltán,169,169,1.0
43,TISZA,000R,Dr. Orbán Anita,001B,Dr. Kincse Csongor,176,175,0.9943181818181818
43,TISZA,000R,Dr. Orbán Anita,001C,Borsós Gabriella,174,173,0.9942528735632183
43,TISZA,000R,Dr. Orbán Anita,001D,Szafkó Zoltán Péter,174,173,0.9942528735632183
43,TISZA,000R,Dr. Orbán Anita,001E,Kalázdi-Kerekes Kinga,162,162,1.0
43,TISZA,000R,Dr. Orbán Anita,001F,Gyuk Zsolt,176,175,0.9943181818181818
43,TISZA,000R,Dr. Orbán Anita,001G,Schummer Orsolya,175,173,0.9885714285714285
43,TISZA,000R,Dr. Orbán Anita,001H,Varga Lőrinc Mihály,174,173,0.9942528735632183
43,TISZA,000R,Dr. Orbán Anita,001I,Sóti Anikó Zsuzsanna,174,174,1.0
43,TISZA,000R,Dr. Orbán Anita,001J,Dr. Rák Richárd,172,171,0.9941860465116279
43,TISZA,000R,Dr. Orbán Anita,001K,Hajdu Márton,130,129,0.9923076923076923
43,TISZA,000R,Dr. Orbán Anita,001L,Pásztor Anett,176,175,0.9943181818181818
43,TISZA,000R,Dr. Orbán Anita,001M,Dr. Hantosi István,172,171,0.9941860465116279
43,TISZA,000R,Dr. Orbán Anita,001N,Gyöngyösi István,174,173,0.9942528735632183
43,TISZA,000R,Dr. Orbán Anita,001O,Dr. Sasi-Nagy Edit,176,175,0.9943181818181818
43,TISZA,000R,Dr. Orbán Anita,001P,Balogh Mihály,171,170,0.9941520467836257
43,TISZA,000R,Dr. Orbán Anita,001Q,Császár Martin,176,175,0.9943181818181818
43,TISZA,000R,Dr. Orbán Anita,001R,Berki Ákos,176,174,0.9886363636363636
43,TISZA,000R,Dr. Orbán Anita,001S,Dr. Simon Krisztián Márk,174,173,0.9942528735632183
43,TISZA,000R,Dr. Orbán Anita,001T,Tóth Tamás,172,171,0.9941860465116279
43,TISZA,000R,Dr. Orbán Anita,001U,Kőszegi Krisztián,169,167,0.9881656804733728
43,TISZA,000R,Dr. Orbán Anita,001V,Dr. Kiss Máté Zsolt,176,175,0.9943181818181818
43,TISZA,000R,Dr. Orbán Anita,001W,Lukács Gábor,174,173,0.9942528735632183
43,TISZA,000R,Dr. Orbán Anita,001X,Kaprinyák Tibor,175,174,0.9942857142857143
43,TISZA,000R,Dr. Orbán Anita,001Y,Porcher Áron,174,173,0.9942528735632183
43,TISZA,000R,Dr. Orbán Anita,001Z,Boda Nikoletta,172,171,0.9941860465116279
43,TISZA,000R,Dr. Orbán Anita,0020,Dr. Koncz Áron,176,175,0.9943181818181818
43,TISZA,000R,Dr. Orbán Anita,0021,László Endre Márton,176,174,0.9886363636363636
43,TISZA,000R,Dr. Orbán Anita,0022,Perticsné Kácsor Andrea,176,175,0.9943181818181818
43,TISZA,000R,Dr. Orbán Anita,0023,Tóthmajor Balázs,176,175,0.9943181818181818
43,TISZA,000R,Dr. Orbán Anita,0024,Dr. Ruzsa Diána,175,173,0.9885714285714285
43,TISZA,000R,Dr. Orbán Anita,0025,Dr. Sopov Ildikó Éva,160,159,0.99375
43,TISZA,000R,Dr. Orbán Anita,0026,Dr. Bódis Péter,175,174,0.9942857142857143
43,TISZA,000R,Dr. Orbán Anita,0027,Diószegi Judit,175,174,0.9942857142857143
43,TISZA,000R,Dr. Orbán Anita,0028,Bodóczi István,176,175,0.9943181818181818
43,TISZA,000R,Dr. Orbán Anita,0029,Müller Anna,176,175,0.9943181818181818
43,TISZA,000R,Dr. Orbán Anita,002A,Trompler Ildikó,173,172,0.9942196531791907
43,TISZA,000R,Dr. Orbán Anita,002B,Dr. Miskolczi Orsolya,176,175,0.9943181818181818
43,TISZA,000R,Dr. Orbán Anita,002C,Jelencsik József,169,168,0.9940828402366864
43,TISZA,000R,Dr. Orbán Anita,002D,Dr. Szabó Alexandra,176,175,0.9943181818181818
43,TISZA,000R,Dr. Orbán Anita,002E,Halmai Ferenc,158,157,0.9936708860759493
43,TISZA,000R,Dr. Orbán Anita,002F,Dr. Bögi Viktória,175,174,0.9942857142857143
43,TISZA,000R,Dr. Orbán Anita,002G,Tompa Enikő,176,175,0.9943181818181818
43,TISZA,000R,Dr. Orbán Anita,002H,Dr. Gurzó Mária,176,175,0.9943181818181818
43,TISZA,000R,Dr. Orbán Anita,002I,Dr. Lőrincz Viktória,173,171,0.9884393063583815
43,TISZA,000R,Dr. Orbán Anita,002J,Dr. Barna-Szabó Tímea,172,171,0.9941860465116279
43,TISZA,000R,Dr. Orbán Anita,002K,Dr. Sárosi József,176,175,0.9943181818181818
43,TISZA,000R,Dr. Orbán Anita,002L,Csatári Ernő,176,175,0.9943181818181818
43,TISZA,000R,Dr. Orbán Anita,002M,Bakos Csaba Attila,174,173,0.9942528735632183
43,TISZA,000R,Dr. Orbán Anita,002N,Strompová Viktória,176,175,0.9943181818181818
43,TISZA,000R,Dr. Orbán Anita,002O,Borics Mihály,173,172,0.9942196531791907
43,TISZA,000R,Dr. Orbán Anita,002P,Csőszi Attila,174,172,0.9885057471264368
43,TISZA,000R,Dr. Orbán Anita,002Q,Veres Ádám,159,158,0.9937106918238994
43,TISZA,000R,Dr. Orbán Anita,002R,Szabó Tibor,175,174,0.9942857142857143
43,TISZA,000R,Dr. Orbán Anita,002S,Hende Máté,175,174,0.9942857142857143
43,TISZA,000R,Dr. Orbán Anita,002T,Balajti István,176,175,0.9943181818181818
43,TISZA,000R,Dr. Orbán Anita,002U,Muhari Gergely,170,169,0.9941176470588236
43,TISZA,000R,Dr. Orbán Anita,002V,Weigand István,169,168,0.9940828402366864
43,TISZA,000R,Dr. Orbán Anita,002W,Dr. Virágh Gabriella Mária,176,175,0.9943181818181818
43,TISZA,000R,Dr. Orbán Anita,002X,Trentin Balázs,146,145,0.9931506849315068
43,TISZA,000R,Dr. Orbán Anita,002Y,Szimon Renáta,165,164,0.9939393939393939
43,TISZA,000R,Dr. Orbán Anita,002Z,Dr. Bilisics Zita,173,172,0.9942196531791907
43,TISZA,000R,Dr. Orbán Anita,0030,Dr. Porpáczy Krisztina,175,174,0.9942857142857143
43,TISZA,000R,Dr. Orbán Anita,0031,Bicskei László,176,175,0.9943181818181818
43,TISZA,000R,Dr. Orbán Anita,0032,Dr. Árvay Nikolett,167,165,0.9880239520958084
43,TISZA,000R,Dr. Orbán Anita,0033,Varga Balázs,172,171,0.9941860465116279
43,TISZA,000R,Dr. Orbán Anita,0034,Csontos Bence,175,174,0.9942857142857143
43,TISZA,000R,Dr. Orbán Anita,0035,Dr. Simon Zsuzsánna,172,171,0.9941860465116279
43,TISZA,000R,Dr. Orbán Anita,0036,Ráki Zsolt,176,175,0.9943181818181818
43,TISZA,000R,Dr. Orbán Anita,0037,Dr. Bóka Zsolt,173,173,1.0
43,TISZA,000R,Dr. Orbán Anita,0038,Kovács Petra Judit,174,174,1.0
43,TISZA,000R,Dr. Orbán Anita,0039,Dr. Bugya László,176,175,0.9943181818181818
43,TISZA,000R,Dr. Orbán Anita,003A,Lovkó Csaba,174,173,0.9942528735632183
43,TISZA,000R,Dr. Orbán Anita,003B,Tóth Norbert,171,170,0.9941520467836257
43,TISZA,000R,Dr. Orbán Anita,003C,Dr. Balatincz Péter,135,134,0.9925925925925926
43,TISZA,000R,Dr. Orbán Anita,003D,Járosi Péter,176,175,0.9943181818181818
43,TISZA,000R,Dr. Orbán Anita,003E,Gombár Dávid,175,174,0.9942857142857143
43,TISZA,000R,Dr. Orbán Anita,003F,Szakács Péter Lajos,176,175,0.9943181818181818
43,TISZA,000R,Dr. Orbán Anita,003G,Dr. Dicső Viktória,173,173,1.0
43,TISZA,000R,Dr. Orbán Anita,003H,Czakó Czirbus Pál,172,172,1.0
43,TISZA,000R,Dr. Orbán Anita,003I,Dr. Németh Csilla,168,168,1.0
43,TISZA,000R,Dr. Orbán Anita,003J,Dr. Kovács Gyula,175,174,0.9942857142857143
43,TISZA,000R,Dr. Orbán Anita,003K,Horváth Nándor Zsolt,176,175,0.9943181818181818
43,TISZA,000R,Dr. Orbán Anita,003L,Kapronczai Balázs,173,172,0.9942196531791907
43,TISZA,000R,Dr. Orbán Anita,003M,Dr. Juhász Áron,174,173,0.9942528735632183
43,TISZA,000R,Dr. Orbán Anita,003N,Kiss János,173,172,0.9942196531791907
43,TISZA,000R,Dr. Orbán Anita,003O,Gyömbér Dávid,175,174,0.9942857142857143
43,TISZA,000R,Dr. Orbán Anita,003P,Havasi Balázs,171,170,0.9941520467836257
43,TISZA,000R,Dr. Orbán Anita,003Q,Dr. Kovács Áron,175,174,0.9942857142857143
43,TISZA,000R,Dr. Orbán Anita,003R,Csiszár Béla,176,175,0.9943181818181818
43,TISZA,000R,Dr. Orbán Anita,003S,Dr. Szijjártó Gábor,173,172,0.9942196531791907
43,TISZA,000R,Dr. Orbán Anita,003T,Rápli Róbert,172,171,0.9941860465116279
43,TISZA,000R,Dr. Orbán Anita,003U,Ujvári Szilvia,176,176,1.0
43,TISZA,000R,Dr. Orbán Anita,003V,Dr. Farkas Csongor,176,175,0.9943181818181818
43,TISZA,000R,Dr. Orbán Anita,003W,Csák László,172,172,1.0
43,TISZA,000R,Dr. Orbán Anita,003X,Néher András,173,172,0.9942196531791907
43,TISZA,000R,Dr. Orbán Anita,003Y,Bárkányi Bence,176,175,0.9943181818181818
43,TISZA,000R,Dr. Orbán Anita,003Z,Ferenczi Gábor,176,175,0.9943181818181818
43,TISZA,000R,Dr. Orbán Anita,0040,Dr. Nagy Márta,175,174,0.9942857142857143
43,TISZA,000R,Dr. Orbán Anita,0041,Dr. Gáspár Levente,174,173,0.9942528735632183
43,TISZA,000R,Dr. Orbán Anita,0042,Dr. Hallerné Dr. Nagy Anikó,169,167,0.9881656804733728
43,TISZA,000R,Dr. Orbán Anita,0043,Dr. Bihari Zoltán,172,167,0.9709302325581395
43,TISZA,000R,Dr. Orbán Anita,0044,Lontay László,176,175,0.9943181818181818
43,TISZA,000R,Dr. Orbán Anita,0045,Cseh Tamás,171,170,0.9941520467836257
43,TISZA,000R,Dr. Orbán Anita,0046,Benke József,176,175,0.9943181818181818
43,TISZA,000R,Dr. Orbán Anita,0047,Hatala-Orosz Csaba,176,175,0.9943181818181818
43,TISZA,000R,Dr. Orbán Anita,0048,Rózsahegyi Áron,168,167,0.9940476190476191
43,TISZA,000R,Dr. Orbán Anita,0049,Dr. Czipa András,130,130,1.0
43,TISZA,000R,Dr. Orbán Anita,004A,Juhász Roland Csongor,176,175,0.9943181818181818
43,TISZA,000R,Dr. Orbán Anita,004B,Karsai-Juhász Katalin,173,172,0.9942196531791907
43,TISZA,000R,Dr. Orbán Anita,004C,Judák Zsolt,175,174,0.9942857142857143
43,TISZA,000R,Dr. Orbán Anita,004D,Polgár György,176,175,0.9943181818181818
43,TISZA,000R,Dr. Orbán Anita,004E,Tárkányi Zsolt,170,169,0.9941176470588236
43,TISZA,000R,Dr. Orbán Anita,004F,Dr. Stumpf Péter,176,175,0.9943181818181818
43,TISZA,000R,Dr. Orbán Anita,004G,Gajda Attila,176,175,0.9943181818181818
43,TISZA,000R,Dr. Orbán Anita,004H,Molnár János,176,175,0.9943181818181818
43,TISZA,000R,Dr. Orbán Anita,k122,Kármán András,161,160,0.9937888198757764
43,TISZA,000R,Dr. Orbán Anita,m076,Magyar Péter,152,151,0.993421052631579
43,TISZA,000R,Dr. Orbán Anita,t067,Tarr Zoltán,164,162,0.9878048780487805
43,TISZA,000S,Radnai Márk,000T,Bujdosó Andrea Anna,216,214,0.9907407407407407
43,TISZA,000S,Radnai Márk,000U,Csézy Erzsébet,216,216,1.0
43,TISZA,000S,Radnai Márk,000V,Dr. Hegedűs Zsolt Csaba,183,183,1.0
43,TISZA,000S,Radnai Márk,000W,Bódis Kriszta,214,214,1.0
43,TISZA,000S,Radnai Márk,000X,Pósfai Gábor,213,212,0.9953051643192489
43,TISZA,000S,Radnai Márk,000Y,Tanács Zoltán,201,201,1.0
43,TISZA,000S,Radnai Márk,000Z,Göröghné Bocskai Éva,204,204,1.0
43,TISZA,000S,Radnai Márk,0010,Dr. Ruszin-Szendi Romulusz,183,183,1.0
43,TISZA,000S,Radnai Márk,0011,Dr. Jakab Zsuzsanna,216,216,1.0
43,TISZA,000S,Radnai Márk,0012,Nagy Ervin,208,208,1.0
43,TISZA,000S,Radnai Márk,0013,Szűcs Dóra,216,216,1.0
43,TISZA,000S,Radnai Márk,0014,Velkey György László,210,210,1.0
43,TISZA,000S,Radnai Márk,0016,Kulcsár Krisztián,218,218,1.0
43,TISZA,000S,Radnai Márk,0017,Melléthei-Barna Márton,205,201,0.9804878048780488
43,TISZA,000S,Radnai Márk,0018,Jójárt Erika,211,211,1.0
43,TISZA,000S,Radnai Márk,0019,Dr. Kátai-Németh Vilmos,212,210,0.9905660377358491
43,TISZA,000S,Radnai Márk,001A,Molnár Zoltán,216,216,1.0
43,TISZA,000S,Radnai Márk,001B,Dr. Kincse Csongor,218,218,1.0
43,TISZA,000S,Radnai Márk,001C,Borsós Gabriella,215,214,0.9953488372093023
43,TISZA,000S,Radnai Márk,001D,Szafkó Zoltán Péter,215,213,0.9906976744186047
43,TISZA,000S,Radnai Márk,001E,Kalázdi-Kerekes Kinga,196,196,1.0
43,TISZA,000S,Radnai Márk,001F,Gyuk Zsolt,218,218,1.0
43,TISZA,000S,Radnai Márk,001G,Schummer Orsolya,216,215,0.9953703703703703
43,TISZA,000S,Radnai Márk,001H,Varga Lőrinc Mihály,217,217,1.0
43,TISZA,000S,Radnai Márk,001I,Sóti Anikó Zsuzsanna,216,216,1.0
43,TISZA,000S,Radnai Márk,001J,Dr. Rák Richárd,214,214,1.0
43,TISZA,000S,Radnai Márk,001K,Hajdu Márton,166,164,0.9879518072289156
43,TISZA,000S,Radnai Márk,001L,Pásztor Anett,218,218,1.0
43,TISZA,000S,Radnai Márk,001M,Dr. Hantosi István,213,213,1.0
43,TISZA,000S,Radnai Márk,001N,Gyöngyösi István,209,205,0.9808612440191388
43,TISZA,000S,Radnai Márk,001O,Dr. Sasi-Nagy Edit,218,218,1.0
43,TISZA,000S,Radnai Márk,001P,Balogh Mihály,194,194,1.0
43,TISZA,000S,Radnai Márk,001Q,Császár Martin,216,216,1.0
43,TISZA,000S,Radnai Márk,001R,Berki Ákos,216,215,0.9953703703703703
43,TISZA,000S,Radnai Márk,001S,Dr. Simon Krisztián Márk,217,217,1.0
43,TISZA,000S,Radnai Márk,001T,Tóth Tamás,213,213,1.0
43,TISZA,000S,Radnai Márk,001U,Kőszegi Krisztián,209,207,0.9904306220095693
43,TISZA,000S,Radnai Márk,001V,Dr. Kiss Máté Zsolt,218,217,0.9954128440366973
43,TISZA,000S,Radnai Márk,001W,Lukács Gábor,217,217,1.0
43,TISZA,000S,Radnai Márk,001X,Kaprinyák Tibor,218,218,1.0
43,TISZA,000S,Radnai Márk,001Y,Porcher Áron,218,218,1.0
43,TISZA,000S,Radnai Márk,001Z,Boda Nikoletta,214,214,1.0
43,TISZA,000S,Radnai Márk,0020,Dr. Koncz Áron,218,218,1.0
43,TISZA,000S,Radnai Márk,0021,László Endre Márton,218,217,0.9954128440366973
43,TISZA,000S,Radnai Márk,0022,Perticsné Kácsor Andrea,217,216,0.9953917050691244
43,TISZA,000S,Radnai Márk,0023,Tóthmajor Balázs,218,218,1.0
43,TISZA,000S,Radnai Márk,0024,Dr. Ruzsa Diána,217,214,0.9861751152073732
43,TISZA,000S,Radnai Márk,0025,Dr. Sopov Ildikó Éva,200,200,1.0
43,TISZA,000S,Radnai Márk,0026,Dr. Bódis Péter,217,213,0.9815668202764977
43,TISZA,000S,Radnai Márk,0027,Diószegi Judit,216,216,1.0
43,TISZA,000S,Radnai Márk,0028,Bodóczi István,218,218,1.0
43,TISZA,000S,Radnai Márk,0029,Müller Anna,218,217,0.9954128440366973
43,TISZA,000S,Radnai Márk,002A,Trompler Ildikó,217,214,0.9861751152073732
43,TISZA,000S,Radnai Márk,002B,Dr. Miskolczi Orsolya,218,218,1.0
43,TISZA,000S,Radnai Márk,002C,Jelencsik József,197,197,1.0
43,TISZA,000S,Radnai Márk,002D,Dr. Szabó Alexandra,218,218,1.0
43,TISZA,000S,Radnai Márk,002E,Halmai Ferenc,202,202,1.0
43,TISZA,000S,Radnai Márk,002F,Dr. Bögi Viktória,208,205,0.9855769230769231
43,TISZA,000S,Radnai Márk,002G,Tompa Enikő,216,215,0.9953703703703703
43,TISZA,000S,Radnai Márk,002H,Dr. Gurzó Mária,217,217,1.0
43,TISZA,000S,Radnai Márk,002I,Dr. Lőrincz Viktória,211,209,0.990521327014218
43,TISZA,000S,Radnai Márk,002J,Dr. Barna-Szabó Tímea,212,212,1.0
43,TISZA,000S,Radnai Márk,002K,Dr. Sárosi József,218,218,1.0
43,TISZA,000S,Radnai Márk,002L,Csatári Ernő,217,216,0.9953917050691244
43,TISZA,000S,Radnai Márk,002M,Bakos Csaba Attila,216,216,1.0
43,TISZA,000S,Radnai Márk,002N,Strompová Viktória,217,217,1.0
43,TISZA,000S,Radnai Márk,002O,Borics Mihály,215,215,1.0
43,TISZA,000S,Radnai Márk,002P,Csőszi Attila,218,216,0.9908256880733946
43,TISZA,000S,Radnai Márk,002Q,Veres Ádám,203,203,1.0
43,TISZA,000S,Radnai Márk,002R,Szabó Tibor,217,217,1.0
43,TISZA,000S,Radnai Márk,002S,Hende Máté,212,212,1.0
43,TISZA,000S,Radnai Márk,002T,Balajti István,217,217,1.0
43,TISZA,000S,Radnai Márk,002U,Muhari Gergely,215,215,1.0
43,TISZA,000S,Radnai Márk,002V,Weigand István,213,213,1.0
43,TISZA,000S,Radnai Márk,002W,Dr. Virágh Gabriella Mária,218,218,1.0
43,TISZA,000S,Radnai Márk,002X,Trentin Balázs,187,186,0.9946524064171123
43,TISZA,000S,Radnai Márk,002Y,Szimon Renáta,198,198,1.0
43,TISZA,000S,Radnai Márk,002Z,Dr. Bilisics Zita,216,216,1.0
43,TISZA,000S,Radnai Márk,0030,Dr. Porpáczy Krisztina,216,216,1.0
43,TISZA,000S,Radnai Márk,0031,Bicskei László,218,218,1.0
43,TISZA,000S,Radnai Márk,0032,Dr. Árvay Nikolett,206,205,0.9951456310679612
43,TISZA,000S,Radnai Márk,0033,Varga Balázs,217,217,1.0
43,TISZA,000S,Radnai Márk,0034,Csontos Bence,216,214,0.9907407407407407
43,TISZA,000S,Radnai Márk,0035,Dr. Simon Zsuzsánna,212,212,1.0
43,TISZA,000S,Radnai Márk,0036,Ráki Zsolt,218,218,1.0
43,TISZA,000S,Radnai Márk,0037,Dr. Bóka Zsolt,217,216,0.9953917050691244
43,TISZA,000S,Radnai Márk,0038,Kovács Petra Judit,212,211,0.9952830188679245
43,TISZA,000S,Radnai Márk,0039,Dr. Bugya László,218,218,1.0
43,TISZA,000S,Radnai Márk,003A,Lovkó Csaba,218,218,1.0
43,TISZA,000S,Radnai Márk,003B,Tóth Norbert,213,213,1.0
43,TISZA,000S,Radnai Márk,003C,Dr. Balatincz Péter,169,169,1.0
43,TISZA,000S,Radnai Márk,003D,Járosi Péter,218,218,1.0
43,TISZA,000S,Radnai Márk,003E,Gombár Dávid,217,217,1.0
43,TISZA,000S,Radnai Márk,003F,Szakács Péter Lajos,218,218,1.0
43,TISZA,000S,Radnai Márk,003G,Dr. Dicső Viktória,215,215,1.0
43,TISZA,000S,Radnai Márk,003H,Czakó Czirbus Pál,213,213,1.0
43,TISZA,000S,Radnai Márk,003I,Dr. Németh Csilla,213,212,0.9953051643192489
43,TISZA,000S,Radnai Márk,003J,Dr. Kovács Gyula,217,217,1.0
43,TISZA,000S,Radnai Márk,003K,Horváth Nándor Zsolt,217,217,1.0
43,TISZA,000S,Radnai Márk,003L,Kapronczai Balázs,215,215,1.0
43,TISZA,000S,Radnai Márk,003M,Dr. Juhász Áron,215,215,1.0
43,TISZA,000S,Radnai Márk,003N,Kiss János,206,206,1.0
43,TISZA,000S,Radnai Márk,003O,Gyömbér Dávid,217,217,1.0
43,TISZA,000S,Radnai Márk,003P,Havasi Balázs,214,214,1.0
43,TISZA,000S,Radnai Márk,003Q,Dr. Kovács Áron,217,217,1.0
43,TISZA,000S,Radnai Márk,003R,Csiszár Béla,218,218,1.0
43,TISZA,000S,Radnai Márk,003S,Dr. Szijjártó Gábor,217,217,1.0
43,TISZA,000S,Radnai Márk,003T,Rápli Róbert,211,211,1.0
43,TISZA,000S,Radnai Márk,003U,Ujvári Szilvia,218,217,0.9954128440366973
43,TISZA,000S,Radnai Márk,003V,Dr. Farkas Csongor,218,218,1.0
43,TISZA,000S,Radnai Márk,003W,Csák László,215,215,1.0
43,TISZA,000S,Radnai Márk,003X,Néher András,218,218,1.0
43,TISZA,000S,Radnai Márk,003Y,Bárkányi Bence,218,218,1.0
43,TISZA,000S,Radnai Márk,003Z,Ferenczi Gábor,218,218,1.0
43,TISZA,000S,Radnai Márk,0040,Dr. Nagy Márta,218,218,1.0
43,TISZA,000S,Radnai Márk,0041,Dr. Gáspár Levente,217,217,1.0
43,TISZA,000S,Radnai Márk,0042,Dr. Hallerné Dr. Nagy Anikó,210,209,0.9952380952380953
43,TISZA,000S,Radnai Márk,0043,Dr. Bihari Zoltán,214,211,0.985981308411215
43,TISZA,000S,Radnai Márk,0044,Lontay László,210,210,1.0
43,TISZA,000S,Radnai Márk,0045,Cseh Tamás,217,217,1.0
43,TISZA,000S,Radnai Márk,0046,Benke József,218,218,1.0
43,TISZA,000S,Radnai Márk,0047,Hatala-Orosz Csaba,218,217,0.9954128440366973
43,TISZA,000S,Radnai Márk,0048,Rózsahegyi Áron,203,203,1.0
43,TISZA,000S,Radnai Márk,0049,Dr. Czipa András,166,166,1.0
43,TISZA,000S,Radnai Márk,004A,Juhász Roland Csongor,218,218,1.0
43,TISZA,000S,Radnai Márk,004B,Karsai-Juhász Katalin,209,209,1.0
43,TISZA,000S,Radnai Márk,004C,Judák Zsolt,218,216,0.9908256880733946
43,TISZA,000S,Radnai Márk,004D,Polgár György,218,218,1.0
43,TISZA,000S,Radnai Márk,004E,Tárkányi Zsolt,213,212,0.9953051643192489
43,TISZA,000S,Radnai Márk,004F,Dr. Stumpf Péter,218,218,1.0
43,TISZA,000S,Radnai Márk,004G,Gajda Attila,216,214,0.9907407407407407
43,TISZA,000S,Radnai Márk,004H,Molnár János,217,217,1.0
43,TISZA,000S,Radnai Márk,k122,Kármán András,199,198,0.9949748743718593
43,TISZA,000S,Radnai Márk,m076,Magyar Péter,166,166,1.0
43,TISZA,000S,Radnai Márk,t067,Tarr Zoltán,205,202,0.9853658536585366
43,TISZA,000T,Bujdosó Andrea Anna,000U,Csézy Erzsébet,250,248,0.992
43,TISZA,000T,Bujdosó Andrea Anna,000V,Dr. Hegedűs Zsolt Csaba,211,209,0.990521327014218
43,TISZA,000T,Bujdosó Andrea Anna,000W,Bódis Kriszta,251,251,1.0
43,TISZA,000T,Bujdosó Andrea Anna,000X,Pósfai Gábor,247,244,0.9878542510121457
43,TISZA,000T,Bujdosó Andrea Anna,000Y,Tanács Zoltán,230,227,0.9869565217391304
43,TISZA,000T,Bujdosó Andrea Anna,000Z,Göröghné Bocskai Éva,234,232,0.9914529914529915
43,TISZA,000T,Bujdosó Andrea Anna,0010,Dr. Ruszin-Szendi Romulusz,216,214,0.9907407407407407
43,TISZA,000T,Bujdosó Andrea Anna,0011,Dr. Jakab Zsuzsanna,252,250,0.9920634920634921
43,TISZA,000T,Bujdosó Andrea Anna,0012,Nagy Ervin,239,237,0.9916317991631799
43,TISZA,000T,Bujdosó Andrea Anna,0013,Szűcs Dóra,253,251,0.9920948616600791
43,TISZA,000T,Bujdosó Andrea Anna,0014,Velkey György László,242,242,1.0
43,TISZA,000T,Bujdosó Andrea Anna,0016,Kulcsár Krisztián,254,252,0.9921259842519685
43,TISZA,000T,Bujdosó Andrea Anna,0017,Melléthei-Barna Márton,233,232,0.9957081545064378
43,TISZA,000T,Bujdosó Andrea Anna,0018,Jójárt Erika,245,245,1.0
43,TISZA,000T,Bujdosó Andrea Anna,0019,Dr. Kátai-Németh Vilmos,243,241,0.9917695473251029
43,TISZA,000T,Bujdosó Andrea Anna,001A,Molnár Zoltán,245,243,0.9918367346938776
43,TISZA,000T,Bujdosó Andrea Anna,001B,Dr. Kincse Csongor,254,252,0.9921259842519685
43,TISZA,000T,Bujdosó Andrea Anna,001C,Borsós Gabriella,249,246,0.9879518072289156
43,TISZA,000T,Bujdosó Andrea Anna,001D,Szafkó Zoltán Péter,250,249,0.996
43,TISZA,000T,Bujdosó Andrea Anna,001E,Kalázdi-Kerekes Kinga,232,230,0.9913793103448276
43,TISZA,000T,Bujdosó Andrea Anna,001F,Gyuk Zsolt,254,252,0.9921259842519685
43,TISZA,000T,Bujdosó Andrea Anna,001G,Schummer Orsolya,250,247,0.988
43,TISZA,000T,Bujdosó Andrea Anna,001H,Varga Lőrinc Mihály,252,250,0.9920634920634921
43,TISZA,000T,Bujdosó Andrea Anna,001I,Sóti Anikó Zsuzsanna,252,250,0.9920634920634921
43,TISZA,000T,Bujdosó Andrea Anna,001J,Dr. Rák Richárd,249,247,0.9919678714859438
43,TISZA,000T,Bujdosó Andrea Anna,001K,Hajdu Márton,192,192,1.0
43,TISZA,000T,Bujdosó Andrea Anna,001L,Pásztor Anett,253,251,0.9920948616600791
43,TISZA,000T,Bujdosó Andrea Anna,001M,Dr. Hantosi István,247,244,0.9878542510121457
43,TISZA,000T,Bujdosó Andrea Anna,001N,Gyöngyösi István,245,243,0.9918367346938776
43,TISZA,000T,Bujdosó Andrea Anna,001O,Dr. Sasi-Nagy Edit,254,252,0.9921259842519685
43,TISZA,000T,Bujdosó Andrea Anna,001P,Balogh Mihály,227,227,1.0
43,TISZA,000T,Bujdosó Andrea Anna,001Q,Császár Martin,251,249,0.9920318725099602
43,TISZA,000T,Bujdosó Andrea Anna,001R,Berki Ákos,252,249,0.9880952380952381
43,TISZA,000T,Bujdosó Andrea Anna,001S,Dr. Simon Krisztián Márk,252,250,0.9920634920634921
43,TISZA,000T,Bujdosó Andrea Anna,001T,Tóth Tamás,245,243,0.9918367346938776
43,TISZA,000T,Bujdosó Andrea Anna,001U,Kőszegi Krisztián,241,237,0.983402489626556
43,TISZA,000T,Bujdosó Andrea Anna,001V,Dr. Kiss Máté Zsolt,253,250,0.9881422924901185
43,TISZA,000T,Bujdosó Andrea Anna,001W,Lukács Gábor,252,250,0.9920634920634921
43,TISZA,000T,Bujdosó Andrea Anna,001X,Kaprinyák Tibor,253,251,0.9920948616600791
43,TISZA,000T,Bujdosó Andrea Anna,001Y,Porcher Áron,252,250,0.9920634920634921
43,TISZA,000T,Bujdosó Andrea Anna,001Z,Boda Nikoletta,250,248,0.992
43,TISZA,000T,Bujdosó Andrea Anna,0020,Dr. Koncz Áron,254,252,0.9921259842519685
43,TISZA,000T,Bujdosó Andrea Anna,0021,László Endre Márton,254,251,0.9881889763779528
43,TISZA,000T,Bujdosó Andrea Anna,0022,Perticsné Kácsor Andrea,253,251,0.9920948616600791
43,TISZA,000T,Bujdosó Andrea Anna,0023,Tóthmajor Balázs,254,252,0.9921259842519685
43,TISZA,000T,Bujdosó Andrea Anna,0024,Dr. Ruzsa Diána,252,250,0.9920634920634921
43,TISZA,000T,Bujdosó Andrea Anna,0025,Dr. Sopov Ildikó Éva,232,230,0.9913793103448276
43,TISZA,000T,Bujdosó Andrea Anna,0026,Dr. Bódis Péter,248,246,0.9919354838709677
43,TISZA,000T,Bujdosó Andrea Anna,0027,Diószegi Judit,252,250,0.9920634920634921
43,TISZA,000T,Bujdosó Andrea Anna,0028,Bodóczi István,254,252,0.9921259842519685
43,TISZA,000T,Bujdosó Andrea Anna,0029,Müller Anna,254,252,0.9921259842519685
43,TISZA,000T,Bujdosó Andrea Anna,002A,Trompler Ildikó,249,249,1.0
43,TISZA,000T,Bujdosó Andrea Anna,002B,Dr. Miskolczi Orsolya,253,251,0.9920948616600791
43,TISZA,000T,Bujdosó Andrea Anna,002C,Jelencsik József,233,231,0.9914163090128756
43,TISZA,000T,Bujdosó Andrea Anna,002D,Dr. Szabó Alexandra,253,251,0.9920948616600791
43,TISZA,000T,Bujdosó Andrea Anna,002E,Halmai Ferenc,236,234,0.9915254237288136
43,TISZA,000T,Bujdosó Andrea Anna,002F,Dr. Bögi Viktória,244,244,1.0
43,TISZA,000T,Bujdosó Andrea Anna,002G,Tompa Enikő,252,250,0.9920634920634921
43,TISZA,000T,Bujdosó Andrea Anna,002H,Dr. Gurzó Mária,253,251,0.9920948616600791
43,TISZA,000T,Bujdosó Andrea Anna,002I,Dr. Lőrincz Viktória,243,242,0.9958847736625515
43,TISZA,000T,Bujdosó Andrea Anna,002J,Dr. Barna-Szabó Tímea,245,243,0.9918367346938776
43,TISZA,000T,Bujdosó Andrea Anna,002K,Dr. Sárosi József,254,252,0.9921259842519685
43,TISZA,000T,Bujdosó Andrea Anna,002L,Csatári Ernő,249,246,0.9879518072289156
43,TISZA,000T,Bujdosó Andrea Anna,002M,Bakos Csaba Attila,252,250,0.9920634920634921
43,TISZA,000T,Bujdosó Andrea Anna,002N,Strompová Viktória,253,251,0.9920948616600791
43,TISZA,000T,Bujdosó Andrea Anna,002O,Borics Mihály,247,245,0.9919028340080972
43,TISZA,000T,Bujdosó Andrea Anna,002P,Csőszi Attila,252,249,0.9880952380952381
43,TISZA,000T,Bujdosó Andrea Anna,002Q,Veres Ádám,236,234,0.9915254237288136
43,TISZA,000T,Bujdosó Andrea Anna,002R,Szabó Tibor,251,249,0.9920318725099602
43,TISZA,000T,Bujdosó Andrea Anna,002S,Hende Máté,248,247,0.9959677419354839
43,TISZA,000T,Bujdosó Andrea Anna,002T,Balajti István,252,250,0.9920634920634921
43,TISZA,000T,Bujdosó Andrea Anna,002U,Muhari Gergely,245,243,0.9918367346938776
43,TISZA,000T,Bujdosó Andrea Anna,002V,Weigand István,246,244,0.991869918699187
43,TISZA,000T,Bujdosó Andrea Anna,002W,Dr. Virágh Gabriella Mária,254,252,0.9921259842519685
43,TISZA,000T,Bujdosó Andrea Anna,002X,Trentin Balázs,217,214,0.9861751152073732
43,TISZA,000T,Bujdosó Andrea Anna,002Y,Szimon Renáta,234,232,0.9914529914529915
43,TISZA,000T,Bujdosó Andrea Anna,002Z,Dr. Bilisics Zita,249,247,0.9919678714859438
43,TISZA,000T,Bujdosó Andrea Anna,0030,Dr. Porpáczy Krisztina,250,248,0.992
43,TISZA,000T,Bujdosó Andrea Anna,0031,Bicskei László,253,251,0.9920948616600791
43,TISZA,000T,Bujdosó Andrea Anna,0032,Dr. Árvay Nikolett,243,240,0.9876543209876543
43,TISZA,000T,Bujdosó Andrea Anna,0033,Varga Balázs,248,246,0.9919354838709677
43,TISZA,000T,Bujdosó Andrea Anna,0034,Csontos Bence,252,252,1.0
43,TISZA,000T,Bujdosó Andrea Anna,0035,Dr. Simon Zsuzsánna,244,242,0.9918032786885246
43,TISZA,000T,Bujdosó Andrea Anna,0036,Ráki Zsolt,254,252,0.9921259842519685
43,TISZA,000T,Bujdosó Andrea Anna,0037,Dr. Bóka Zsolt,249,246,0.9879518072289156
43,TISZA,000T,Bujdosó Andrea Anna,0038,Kovács Petra Judit,249,247,0.9919678714859438
43,TISZA,000T,Bujdosó Andrea Anna,0039,Dr. Bugya László,254,252,0.9921259842519685
43,TISZA,000T,Bujdosó Andrea Anna,003A,Lovkó Csaba,251,249,0.9920318725099602
43,TISZA,000T,Bujdosó Andrea Anna,003B,Tóth Norbert,243,241,0.9917695473251029
43,TISZA,000T,Bujdosó Andrea Anna,003C,Dr. Balatincz Péter,179,177,0.9888268156424581
43,TISZA,000T,Bujdosó Andrea Anna,003D,Járosi Péter,254,252,0.9921259842519685
43,TISZA,000T,Bujdosó Andrea Anna,003E,Gombár Dávid,250,248,0.992
43,TISZA,000T,Bujdosó Andrea Anna,003F,Szakács Péter Lajos,254,252,0.9921259842519685
43,TISZA,000T,Bujdosó Andrea Anna,003G,Dr. Dicső Viktória,247,245,0.9919028340080972
43,TISZA,000T,Bujdosó Andrea Anna,003H,Czakó Czirbus Pál,250,248,0.992
43,TISZA,000T,Bujdosó Andrea Anna,003I,Dr. Németh Csilla,246,243,0.9878048780487805
43,TISZA,000T,Bujdosó Andrea Anna,003J,Dr. Kovács Gyula,253,251,0.9920948616600791
43,TISZA,000T,Bujdosó Andrea Anna,003K,Horváth Nándor Zsolt,253,251,0.9920948616600791
43,TISZA,000T,Bujdosó Andrea Anna,003L,Kapronczai Balázs,249,247,0.9919678714859438
43,TISZA,000T,Bujdosó Andrea Anna,003M,Dr. Juhász Áron,250,248,0.992
43,TISZA,000T,Bujdosó Andrea Anna,003N,Kiss János,235,233,0.9914893617021276
43,TISZA,000T,Bujdosó Andrea Anna,003O,Gyömbér Dávid,251,249,0.9920318725099602
43,TISZA,000T,Bujdosó Andrea Anna,003P,Havasi Balázs,241,239,0.991701244813278
43,TISZA,000T,Bujdosó Andrea Anna,003Q,Dr. Kovács Áron,252,250,0.9920634920634921
43,TISZA,000T,Bujdosó Andrea Anna,003R,Csiszár Béla,253,251,0.9920948616600791
43,TISZA,000T,Bujdosó Andrea Anna,003S,Dr. Szijjártó Gábor,251,249,0.9920318725099602
43,TISZA,000T,Bujdosó Andrea Anna,003T,Rápli Róbert,245,242,0.9877551020408163
43,TISZA,000T,Bujdosó Andrea Anna,003U,Ujvári Szilvia,254,251,0.9881889763779528
43,TISZA,000T,Bujdosó Andrea Anna,003V,Dr. Farkas Csongor,254,252,0.9921259842519685
43,TISZA,000T,Bujdosó Andrea Anna,003W,Csák László,250,248,0.992
43,TISZA,000T,Bujdosó Andrea Anna,003X,Néher András,251,249,0.9920318725099602
43,TISZA,000T,Bujdosó Andrea Anna,003Y,Bárkányi Bence,254,252,0.9921259842519685
43,TISZA,000T,Bujdosó Andrea Anna,003Z,Ferenczi Gábor,252,250,0.9920634920634921
43,TISZA,000T,Bujdosó Andrea Anna,0040,Dr. Nagy Márta,252,250,0.9920634920634921
43,TISZA,000T,Bujdosó Andrea Anna,0041,Dr. Gáspár Levente,252,250,0.9920634920634921
43,TISZA,000T,Bujdosó Andrea Anna,0042,Dr. Hallerné Dr. Nagy Anikó,240,237,0.9875
43,TISZA,000T,Bujdosó Andrea Anna,0043,Dr. Bihari Zoltán,249,242,0.9718875502008032
43,TISZA,000T,Bujdosó Andrea Anna,0044,Lontay László,245,243,0.9918367346938776
43,TISZA,000T,Bujdosó Andrea Anna,0045,Cseh Tamás,249,245,0.9839357429718876
43,TISZA,000T,Bujdosó Andrea Anna,0046,Benke József,253,251,0.9920948616600791
43,TISZA,000T,Bujdosó Andrea Anna,0047,Hatala-Orosz Csaba,252,250,0.9920634920634921
43,TISZA,000T,Bujdosó Andrea Anna,0048,Rózsahegyi Áron,237,235,0.9915611814345991
43,TISZA,000T,Bujdosó Andrea Anna,0049,Dr. Czipa András,193,191,0.9896373056994818
43,TISZA,000T,Bujdosó Andrea Anna,004A,Juhász Roland Csongor,254,252,0.9921259842519685
43,TISZA,000T,Bujdosó Andrea Anna,004B,Karsai-Juhász Katalin,244,242,0.9918032786885246
43,TISZA,000T,Bujdosó Andrea Anna,004C,Judák Zsolt,253,249,0.9841897233201581
43,TISZA,000T,Bujdosó Andrea Anna,004D,Polgár György,254,252,0.9921259842519685
43,TISZA,000T,Bujdosó Andrea Anna,004E,Tárkányi Zsolt,242,239,0.987603305785124
43,TISZA,000T,Bujdosó Andrea Anna,004F,Dr. Stumpf Péter,254,251,0.9881889763779528
43,TISZA,000T,Bujdosó Andrea Anna,004G,Gajda Attila,252,252,1.0
43,TISZA,000T,Bujdosó Andrea Anna,004H,Molnár János,253,251,0.9920948616600791
43,TISZA,000T,Bujdosó Andrea Anna,k122,Kármán András,226,223,0.9867256637168141
43,TISZA,000T,Bujdosó Andrea Anna,m076,Magyar Péter,189,189,1.0
43,TISZA,000T,Bujdosó Andrea Anna,t067,Tarr Zoltán,228,225,0.9868421052631579
43,TISZA,000U,Csézy Erzsébet,000V,Dr. Hegedűs Zsolt Csaba,210,210,1.0
43,TISZA,000U,Csézy Erzsébet,000W,Bódis Kriszta,248,248,1.0
43,TISZA,000U,Csézy Erzsébet,000X,Pósfai Gábor,246,245,0.9959349593495935
43,TISZA,000U,Csézy Erzsébet,000Y,Tanács Zoltán,229,228,0.9956331877729258
43,TISZA,000U,Csézy Erzsébet,000Z,Göröghné Bocskai Éva,232,232,1.0
43,TISZA,000U,Csézy Erzsébet,0010,Dr. Ruszin-Szendi Romulusz,215,215,1.0
43,TISZA,000U,Csézy Erzsébet,0011,Dr. Jakab Zsuzsanna,250,250,1.0
43,TISZA,000U,Csézy Erzsébet,0012,Nagy Ervin,239,239,1.0
43,TISZA,000U,Csézy Erzsébet,0013,Szűcs Dóra,250,250,1.0
43,TISZA,000U,Csézy Erzsébet,0014,Velkey György László,239,239,1.0
43,TISZA,000U,Csézy Erzsébet,0016,Kulcsár Krisztián,252,252,1.0
43,TISZA,000U,Csézy Erzsébet,0017,Melléthei-Barna Márton,233,229,0.9828326180257511
43,TISZA,000U,Csézy Erzsébet,0018,Jójárt Erika,244,244,1.0
43,TISZA,000U,Csézy Erzsébet,0019,Dr. Kátai-Németh Vilmos,241,239,0.991701244813278
43,TISZA,000U,Csézy Erzsébet,001A,Molnár Zoltán,244,244,1.0
43,TISZA,000U,Csézy Erzsébet,001B,Dr. Kincse Csongor,252,252,1.0
43,TISZA,000U,Csézy Erzsébet,001C,Borsós Gabriella,248,247,0.9959677419354839
43,TISZA,000U,Csézy Erzsébet,001D,Szafkó Zoltán Péter,248,246,0.9919354838709677
43,TISZA,000U,Csézy Erzsébet,001E,Kalázdi-Kerekes Kinga,230,230,1.0
43,TISZA,000U,Csézy Erzsébet,001F,Gyuk Zsolt,252,252,1.0
43,TISZA,000U,Csézy Erzsébet,001G,Schummer Orsolya,249,248,0.9959839357429718
43,TISZA,000U,Csézy Erzsébet,001H,Varga Lőrinc Mihály,250,250,1.0
43,TISZA,000U,Csézy Erzsébet,001I,Sóti Anikó Zsuzsanna,249,249,1.0
43,TISZA,000U,Csézy Erzsébet,001J,Dr. Rák Richárd,248,248,1.0
43,TISZA,000U,Csézy Erzsébet,001K,Hajdu Márton,189,187,0.9894179894179894
43,TISZA,000U,Csézy Erzsébet,001L,Pásztor Anett,251,251,1.0
43,TISZA,000U,Csézy Erzsébet,001M,Dr. Hantosi István,246,245,0.9959349593495935
43,TISZA,000U,Csézy Erzsébet,001N,Gyöngyösi István,243,239,0.9835390946502057
43,TISZA,000U,Csézy Erzsébet,001O,Dr. Sasi-Nagy Edit,252,252,1.0
43,TISZA,000U,Csézy Erzsébet,001P,Balogh Mihály,224,224,1.0
43,TISZA,000U,Csézy Erzsébet,001Q,Császár Martin,249,249,1.0
43,TISZA,000U,Csézy Erzsébet,001R,Berki Ákos,250,249,0.996
43,TISZA,000U,Csézy Erzsébet,001S,Dr. Simon Krisztián Márk,250,250,1.0
43,TISZA,000U,Csézy Erzsébet,001T,Tóth Tamás,242,242,1.0
43,TISZA,000U,Csézy Erzsébet,001U,Kőszegi Krisztián,239,237,0.9916317991631799
43,TISZA,000U,Csézy Erzsébet,001V,Dr. Kiss Máté Zsolt,252,251,0.996031746031746
43,TISZA,000U,Csézy Erzsébet,001W,Lukács Gábor,250,250,1.0
43,TISZA,000U,Csézy Erzsébet,001X,Kaprinyák Tibor,251,251,1.0
43,TISZA,000U,Csézy Erzsébet,001Y,Porcher Áron,250,250,1.0
43,TISZA,000U,Csézy Erzsébet,001Z,Boda Nikoletta,248,248,1.0
43,TISZA,000U,Csézy Erzsébet,0020,Dr. Koncz Áron,252,252,1.0
43,TISZA,000U,Csézy Erzsébet,0021,László Endre Márton,252,251,0.996031746031746
43,TISZA,000U,Csézy Erzsébet,0022,Perticsné Kácsor Andrea,251,250,0.9960159362549801
43,TISZA,000U,Csézy Erzsébet,0023,Tóthmajor Balázs,252,252,1.0
43,TISZA,000U,Csézy Erzsébet,0024,Dr. Ruzsa Diána,250,247,0.988
43,TISZA,000U,Csézy Erzsébet,0025,Dr. Sopov Ildikó Éva,231,231,1.0
43,TISZA,000U,Csézy Erzsébet,0026,Dr. Bódis Péter,248,244,0.9838709677419355
43,TISZA,000U,Csézy Erzsébet,0027,Diószegi Judit,250,250,1.0
43,TISZA,000U,Csézy Erzsébet,0028,Bodóczi István,252,252,1.0
43,TISZA,000U,Csézy Erzsébet,0029,Müller Anna,252,251,0.996031746031746
43,TISZA,000U,Csézy Erzsébet,002A,Trompler Ildikó,248,245,0.9879032258064516
43,TISZA,000U,Csézy Erzsébet,002B,Dr. Miskolczi Orsolya,252,252,1.0
43,TISZA,000U,Csézy Erzsébet,002C,Jelencsik József,231,231,1.0
43,TISZA,000U,Csézy Erzsébet,002D,Dr. Szabó Alexandra,252,252,1.0
43,TISZA,000U,Csézy Erzsébet,002E,Halmai Ferenc,234,234,1.0
43,TISZA,000U,Csézy Erzsébet,002F,Dr. Bögi Viktória,242,239,0.987603305785124
43,TISZA,000U,Csézy Erzsébet,002G,Tompa Enikő,250,249,0.996
43,TISZA,000U,Csézy Erzsébet,002H,Dr. Gurzó Mária,251,251,1.0
43,TISZA,000U,Csézy Erzsébet,002I,Dr. Lőrincz Viktória,242,240,0.9917355371900827
43,TISZA,000U,Csézy Erzsébet,002J,Dr. Barna-Szabó Tímea,244,244,1.0
43,TISZA,000U,Csézy Erzsébet,002K,Dr. Sárosi József,252,252,1.0
43,TISZA,000U,Csézy Erzsébet,002L,Csatári Ernő,247,246,0.9959514170040485
43,TISZA,000U,Csézy Erzsébet,002M,Bakos Csaba Attila,250,250,1.0
43,TISZA,000U,Csézy Erzsébet,002N,Strompová Viktória,251,251,1.0
43,TISZA,000U,Csézy Erzsébet,002O,Borics Mihály,245,245,1.0
43,TISZA,000U,Csézy Erzsébet,002P,Csőszi Attila,250,248,0.992
43,TISZA,000U,Csézy Erzsébet,002Q,Veres Ádám,235,235,1.0
43,TISZA,000U,Csézy Erzsébet,002R,Szabó Tibor,251,251,1.0
43,TISZA,000U,Csézy Erzsébet,002S,Hende Máté,246,246,1.0
43,TISZA,000U,Csézy Erzsébet,002T,Balajti István,250,250,1.0
43,TISZA,000U,Csézy Erzsébet,002U,Muhari Gergely,243,243,1.0
43,TISZA,000U,Csézy Erzsébet,002V,Weigand István,245,245,1.0
43,TISZA,000U,Csézy Erzsébet,002W,Dr. Virágh Gabriella Mária,252,252,1.0
43,TISZA,000U,Csézy Erzsébet,002X,Trentin Balázs,215,214,0.9953488372093023
43,TISZA,000U,Csézy Erzsébet,002Y,Szimon Renáta,231,231,1.0
43,TISZA,000U,Csézy Erzsébet,002Z,Dr. Bilisics Zita,248,248,1.0
43,TISZA,000U,Csézy Erzsébet,0030,Dr. Porpáczy Krisztina,248,248,1.0
43,TISZA,000U,Csézy Erzsébet,0031,Bicskei László,251,251,1.0
43,TISZA,000U,Csézy Erzsébet,0032,Dr. Árvay Nikolett,240,239,0.9958333333333333
43,TISZA,000U,Csézy Erzsébet,0033,Varga Balázs,246,246,1.0
43,TISZA,000U,Csézy Erzsébet,0034,Csontos Bence,250,248,0.992
43,TISZA,000U,Csézy Erzsébet,0035,Dr. Simon Zsuzsánna,244,244,1.0
43,TISZA,000U,Csézy Erzsébet,0036,Ráki Zsolt,252,252,1.0
43,TISZA,000U,Csézy Erzsébet,0037,Dr. Bóka Zsolt,247,246,0.9959514170040485
43,TISZA,000U,Csézy Erzsébet,0038,Kovács Petra Judit,246,245,0.9959349593495935
43,TISZA,000U,Csézy Erzsébet,0039,Dr. Bugya László,252,252,1.0
43,TISZA,000U,Csézy Erzsébet,003A,Lovkó Csaba,249,249,1.0
43,TISZA,000U,Csézy Erzsébet,003B,Tóth Norbert,240,240,1.0
43,TISZA,000U,Csézy Erzsébet,003C,Dr. Balatincz Péter,177,177,1.0
43,TISZA,000U,Csézy Erzsébet,003D,Járosi Péter,252,252,1.0
43,TISZA,000U,Csézy Erzsébet,003E,Gombár Dávid,249,249,1.0
43,TISZA,000U,Csézy Erzsébet,003F,Szakács Péter Lajos,252,252,1.0
43,TISZA,000U,Csézy Erzsébet,003G,Dr. Dicső Viktória,246,246,1.0
43,TISZA,000U,Csézy Erzsébet,003H,Czakó Czirbus Pál,247,247,1.0
43,TISZA,000U,Csézy Erzsébet,003I,Dr. Németh Csilla,244,243,0.9959016393442623
43,TISZA,000U,Csézy Erzsébet,003J,Dr. Kovács Gyula,251,251,1.0
43,TISZA,000U,Csézy Erzsébet,003K,Horváth Nándor Zsolt,251,251,1.0
43,TISZA,000U,Csézy Erzsébet,003L,Kapronczai Balázs,247,247,1.0
43,TISZA,000U,Csézy Erzsébet,003M,Dr. Juhász Áron,248,248,1.0
43,TISZA,000U,Csézy Erzsébet,003N,Kiss János,235,235,1.0
43,TISZA,000U,Csézy Erzsébet,003O,Gyömbér Dávid,250,250,1.0
43,TISZA,000U,Csézy Erzsébet,003P,Havasi Balázs,239,239,1.0
43,TISZA,000U,Csézy Erzsébet,003Q,Dr. Kovács Áron,250,250,1.0
43,TISZA,000U,Csézy Erzsébet,003R,Csiszár Béla,251,251,1.0
43,TISZA,000U,Csézy Erzsébet,003S,Dr. Szijjártó Gábor,249,249,1.0
43,TISZA,000U,Csézy Erzsébet,003T,Rápli Róbert,244,244,1.0
43,TISZA,000U,Csézy Erzsébet,003U,Ujvári Szilvia,252,251,0.996031746031746
43,TISZA,000U,Csézy Erzsébet,003V,Dr. Farkas Csongor,252,252,1.0
43,TISZA,000U,Csézy Erzsébet,003W,Csák László,248,248,1.0
43,TISZA,000U,Csézy Erzsébet,003X,Néher András,249,249,1.0
43,TISZA,000U,Csézy Erzsébet,003Y,Bárkányi Bence,252,252,1.0
43,TISZA,000U,Csézy Erzsébet,003Z,Ferenczi Gábor,251,251,1.0
43,TISZA,000U,Csézy Erzsébet,0040,Dr. Nagy Márta,250,250,1.0
43,TISZA,000U,Csézy Erzsébet,0041,Dr. Gáspár Levente,250,250,1.0
43,TISZA,000U,Csézy Erzsébet,0042,Dr. Hallerné Dr. Nagy Anikó,237,236,0.9957805907172996
43,TISZA,000U,Csézy Erzsébet,0043,Dr. Bihari Zoltán,247,243,0.9838056680161943
43,TISZA,000U,Csézy Erzsébet,0044,Lontay László,243,243,1.0
43,TISZA,000U,Csézy Erzsébet,0045,Cseh Tamás,247,246,0.9959514170040485
43,TISZA,000U,Csézy Erzsébet,0046,Benke József,251,251,1.0
43,TISZA,000U,Csézy Erzsébet,0047,Hatala-Orosz Csaba,252,251,0.996031746031746
43,TISZA,000U,Csézy Erzsébet,0048,Rózsahegyi Áron,235,235,1.0
43,TISZA,000U,Csézy Erzsébet,0049,Dr. Czipa András,194,194,1.0
43,TISZA,000U,Csézy Erzsébet,004A,Juhász Roland Csongor,252,252,1.0
43,TISZA,000U,Csézy Erzsébet,004B,Karsai-Juhász Katalin,242,242,1.0
43,TISZA,000U,Csézy Erzsébet,004C,Judák Zsolt,251,249,0.9920318725099602
43,TISZA,000U,Csézy Erzsébet,004D,Polgár György,252,252,1.0
43,TISZA,000U,Csézy Erzsébet,004E,Tárkányi Zsolt,242,241,0.9958677685950413
43,TISZA,000U,Csézy Erzsébet,004F,Dr. Stumpf Péter,252,252,1.0
43,TISZA,000U,Csézy Erzsébet,004G,Gajda Attila,250,248,0.992
43,TISZA,000U,Csézy Erzsébet,004H,Molnár János,251,251,1.0
43,TISZA,000U,Csézy Erzsébet,k122,Kármán András,224,223,0.9955357142857143
43,TISZA,000U,Csézy Erzsébet,m076,Magyar Péter,188,188,1.0
43,TISZA,000U,Csézy Erzsébet,t067,Tarr Zoltán,227,224,0.986784140969163
43,TISZA,000V,Dr. Hegedűs Zsolt Csaba,000W,Bódis Kriszta,208,208,1.0
43,TISZA,000V,Dr. Hegedűs Zsolt Csaba,000X,Pósfai Gábor,206,205,0.9951456310679612
43,TISZA,000V,Dr. Hegedűs Zsolt Csaba,000Y,Tanács Zoltán,204,203,0.9950980392156863
43,TISZA,000V,Dr. Hegedűs Zsolt Csaba,000Z,Göröghné Bocskai Éva,207,207,1.0
43,TISZA,000V,Dr. Hegedűs Zsolt Csaba,0010,Dr. Ruszin-Szendi Romulusz,177,177,1.0
43,TISZA,000V,Dr. Hegedűs Zsolt Csaba,0011,Dr. Jakab Zsuzsanna,209,209,1.0
43,TISZA,000V,Dr. Hegedűs Zsolt Csaba,0012,Nagy Ervin,200,200,1.0
43,TISZA,000V,Dr. Hegedűs Zsolt Csaba,0013,Szűcs Dóra,210,210,1.0
43,TISZA,000V,Dr. Hegedűs Zsolt Csaba,0014,Velkey György László,203,203,1.0
43,TISZA,000V,Dr. Hegedűs Zsolt Csaba,0016,Kulcsár Krisztián,211,211,1.0
43,TISZA,000V,Dr. Hegedűs Zsolt Csaba,0017,Melléthei-Barna Márton,198,195,0.9848484848484849
43,TISZA,000V,Dr. Hegedűs Zsolt Csaba,0018,Jójárt Erika,203,203,1.0
43,TISZA,000V,Dr. Hegedűs Zsolt Csaba,0019,Dr. Kátai-Németh Vilmos,201,199,0.9900497512437811
43,TISZA,000V,Dr. Hegedűs Zsolt Csaba,001A,Molnár Zoltán,207,207,1.0
43,TISZA,000V,Dr. Hegedűs Zsolt Csaba,001B,Dr. Kincse Csongor,211,211,1.0
43,TISZA,000V,Dr. Hegedűs Zsolt Csaba,001C,Borsós Gabriella,208,207,0.9951923076923077
43,TISZA,000V,Dr. Hegedűs Zsolt Csaba,001D,Szafkó Zoltán Péter,207,206,0.9951690821256038
43,TISZA,000V,Dr. Hegedűs Zsolt Csaba,001E,Kalázdi-Kerekes Kinga,189,189,1.0
43,TISZA,000V,Dr. Hegedűs Zsolt Csaba,001F,Gyuk Zsolt,211,211,1.0
43,TISZA,000V,Dr. Hegedűs Zsolt Csaba,001G,Schummer Orsolya,209,208,0.9952153110047847
43,TISZA,000V,Dr. Hegedűs Zsolt Csaba,001H,Varga Lőrinc Mihály,209,209,1.0
43,TISZA,000V,Dr. Hegedűs Zsolt Csaba,001I,Sóti Anikó Zsuzsanna,209,209,1.0
43,TISZA,000V,Dr. Hegedűs Zsolt Csaba,001J,Dr. Rák Richárd,206,206,1.0
43,TISZA,000V,Dr. Hegedűs Zsolt Csaba,001K,Hajdu Márton,158,156,0.9873417721518988
43,TISZA,000V,Dr. Hegedűs Zsolt Csaba,001L,Pásztor Anett,211,211,1.0
43,TISZA,000V,Dr. Hegedűs Zsolt Csaba,001M,Dr. Hantosi István,206,205,0.9951456310679612
43,TISZA,000V,Dr. Hegedűs Zsolt Csaba,001N,Gyöngyösi István,205,204,0.9951219512195122
43,TISZA,000V,Dr. Hegedűs Zsolt Csaba,001O,Dr. Sasi-Nagy Edit,211,211,1.0
43,TISZA,000V,Dr. Hegedűs Zsolt Csaba,001P,Balogh Mihály,185,185,1.0
43,TISZA,000V,Dr. Hegedűs Zsolt Csaba,001Q,Császár Martin,209,209,1.0
43,TISZA,000V,Dr. Hegedűs Zsolt Csaba,001R,Berki Ákos,209,208,0.9952153110047847
43,TISZA,000V,Dr. Hegedűs Zsolt Csaba,001S,Dr. Simon Krisztián Márk,209,209,1.0
43,TISZA,000V,Dr. Hegedűs Zsolt Csaba,001T,Tóth Tamás,202,202,1.0
43,TISZA,000V,Dr. Hegedűs Zsolt Csaba,001U,Kőszegi Krisztián,202,201,0.995049504950495
43,TISZA,000V,Dr. Hegedűs Zsolt Csaba,001V,Dr. Kiss Máté Zsolt,211,211,1.0
43,TISZA,000V,Dr. Hegedűs Zsolt Csaba,001W,Lukács Gábor,209,209,1.0
43,TISZA,000V,Dr. Hegedűs Zsolt Csaba,001X,Kaprinyák Tibor,210,210,1.0
43,TISZA,000V,Dr. Hegedűs Zsolt Csaba,001Y,Porcher Áron,209,209,1.0
43,TISZA,000V,Dr. Hegedűs Zsolt Csaba,001Z,Boda Nikoletta,208,208,1.0
43,TISZA,000V,Dr. Hegedűs Zsolt Csaba,0020,Dr. Koncz Áron,211,211,1.0
43,TISZA,000V,Dr. Hegedűs Zsolt Csaba,0021,László Endre Márton,211,211,1.0
43,TISZA,000V,Dr. Hegedűs Zsolt Csaba,0022,Perticsné Kácsor Andrea,210,210,1.0
43,TISZA,000V,Dr. Hegedűs Zsolt Csaba,0023,Tóthmajor Balázs,211,211,1.0
43,TISZA,000V,Dr. Hegedűs Zsolt Csaba,0024,Dr. Ruzsa Diána,210,208,0.9904761904761905
43,TISZA,000V,Dr. Hegedűs Zsolt Csaba,0025,Dr. Sopov Ildikó Éva,201,201,1.0
43,TISZA,000V,Dr. Hegedűs Zsolt Csaba,0026,Dr. Bódis Péter,209,206,0.9856459330143541
43,TISZA,000V,Dr. Hegedűs Zsolt Csaba,0027,Diószegi Judit,210,210,1.0
43,TISZA,000V,Dr. Hegedűs Zsolt Csaba,0028,Bodóczi István,211,211,1.0
43,TISZA,000V,Dr. Hegedűs Zsolt Csaba,0029,Müller Anna,211,211,1.0
43,TISZA,000V,Dr. Hegedűs Zsolt Csaba,002A,Trompler Ildikó,208,206,0.9903846153846154
43,TISZA,000V,Dr. Hegedűs Zsolt Csaba,002B,Dr. Miskolczi Orsolya,211,211,1.0
43,TISZA,000V,Dr. Hegedűs Zsolt Csaba,002C,Jelencsik József,191,191,1.0
43,TISZA,000V,Dr. Hegedűs Zsolt Csaba,002D,Dr. Szabó Alexandra,211,211,1.0
43,TISZA,000V,Dr. Hegedűs Zsolt Csaba,002E,Halmai Ferenc,202,202,1.0
43,TISZA,000V,Dr. Hegedűs Zsolt Csaba,002F,Dr. Bögi Viktória,201,199,0.9900497512437811
43,TISZA,000V,Dr. Hegedűs Zsolt Csaba,002G,Tompa Enikő,209,209,1.0
43,TISZA,000V,Dr. Hegedűs Zsolt Csaba,002H,Dr. Gurzó Mária,211,211,1.0
43,TISZA,000V,Dr. Hegedűs Zsolt Csaba,002I,Dr. Lőrincz Viktória,205,203,0.9902439024390244
43,TISZA,000V,Dr. Hegedűs Zsolt Csaba,002J,Dr. Barna-Szabó Tímea,203,203,1.0
43,TISZA,000V,Dr. Hegedűs Zsolt Csaba,002K,Dr. Sárosi József,211,211,1.0
43,TISZA,000V,Dr. Hegedűs Zsolt Csaba,002L,Csatári Ernő,207,206,0.9951690821256038
43,TISZA,000V,Dr. Hegedűs Zsolt Csaba,002M,Bakos Csaba Attila,209,209,1.0
43,TISZA,000V,Dr. Hegedűs Zsolt Csaba,002N,Strompová Viktória,211,211,1.0
43,TISZA,000V,Dr. Hegedűs Zsolt Csaba,002O,Borics Mihály,207,207,1.0
43,TISZA,000V,Dr. Hegedűs Zsolt Csaba,002P,Csőszi Attila,210,209,0.9952380952380953
43,TISZA,000V,Dr. Hegedűs Zsolt Csaba,002Q,Veres Ádám,193,193,1.0
43,TISZA,000V,Dr. Hegedűs Zsolt Csaba,002R,Szabó Tibor,210,210,1.0
43,TISZA,000V,Dr. Hegedűs Zsolt Csaba,002S,Hende Máté,205,205,1.0
43,TISZA,000V,Dr. Hegedűs Zsolt Csaba,002T,Balajti István,210,210,1.0
43,TISZA,000V,Dr. Hegedűs Zsolt Csaba,002U,Muhari Gergely,204,204,1.0
43,TISZA,000V,Dr. Hegedűs Zsolt Csaba,002V,Weigand István,205,205,1.0
43,TISZA,000V,Dr. Hegedűs Zsolt Csaba,002W,Dr. Virágh Gabriella Mária,211,211,1.0
43,TISZA,000V,Dr. Hegedűs Zsolt Csaba,002X,Trentin Balázs,176,176,1.0
43,TISZA,000V,Dr. Hegedűs Zsolt Csaba,002Y,Szimon Renáta,192,192,1.0
43,TISZA,000V,Dr. Hegedűs Zsolt Csaba,002Z,Dr. Bilisics Zita,208,208,1.0
43,TISZA,000V,Dr. Hegedűs Zsolt Csaba,0030,Dr. Porpáczy Krisztina,210,210,1.0
43,TISZA,000V,Dr. Hegedűs Zsolt Csaba,0031,Bicskei László,210,210,1.0
43,TISZA,000V,Dr. Hegedűs Zsolt Csaba,0032,Dr. Árvay Nikolett,210,209,0.9952380952380953
43,TISZA,000V,Dr. Hegedűs Zsolt Csaba,0033,Varga Balázs,205,205,1.0
43,TISZA,000V,Dr. Hegedűs Zsolt Csaba,0034,Csontos Bence,210,208,0.9904761904761905
43,TISZA,000V,Dr. Hegedűs Zsolt Csaba,0035,Dr. Simon Zsuzsánna,207,207,1.0
43,TISZA,000V,Dr. Hegedűs Zsolt Csaba,0036,Ráki Zsolt,211,211,1.0
43,TISZA,000V,Dr. Hegedűs Zsolt Csaba,0037,Dr. Bóka Zsolt,210,209,0.9952380952380953
43,TISZA,000V,Dr. Hegedűs Zsolt Csaba,0038,Kovács Petra Judit,206,205,0.9951456310679612
43,TISZA,000V,Dr. Hegedűs Zsolt Csaba,0039,Dr. Bugya László,211,211,1.0
43,TISZA,000V,Dr. Hegedűs Zsolt Csaba,003A,Lovkó Csaba,209,209,1.0
43,TISZA,000V,Dr. Hegedűs Zsolt Csaba,003B,Tóth Norbert,202,202,1.0
43,TISZA,000V,Dr. Hegedűs Zsolt Csaba,003C,Dr. Balatincz Péter,162,162,1.0
43,TISZA,000V,Dr. Hegedűs Zsolt Csaba,003D,Járosi Péter,211,211,1.0
43,TISZA,000V,Dr. Hegedűs Zsolt Csaba,003E,Gombár Dávid,208,208,1.0
43,TISZA,000V,Dr. Hegedűs Zsolt Csaba,003F,Szakács Péter Lajos,211,211,1.0
43,TISZA,000V,Dr. Hegedűs Zsolt Csaba,003G,Dr. Dicső Viktória,206,206,1.0
43,TISZA,000V,Dr. Hegedűs Zsolt Csaba,003H,Czakó Czirbus Pál,207,207,1.0
43,TISZA,000V,Dr. Hegedűs Zsolt Csaba,003I,Dr. Németh Csilla,203,202,0.9950738916256158
43,TISZA,000V,Dr. Hegedűs Zsolt Csaba,003J,Dr. Kovács Gyula,210,210,1.0
43,TISZA,000V,Dr. Hegedűs Zsolt Csaba,003K,Horváth Nándor Zsolt,210,210,1.0
43,TISZA,000V,Dr. Hegedűs Zsolt Csaba,003L,Kapronczai Balázs,210,210,1.0
43,TISZA,000V,Dr. Hegedűs Zsolt Csaba,003M,Dr. Juhász Áron,207,207,1.0
43,TISZA,000V,Dr. Hegedűs Zsolt Csaba,003N,Kiss János,206,206,1.0
43,TISZA,000V,Dr. Hegedűs Zsolt Csaba,003O,Gyömbér Dávid,210,210,1.0
43,TISZA,000V,Dr. Hegedűs Zsolt Csaba,003P,Havasi Balázs,200,200,1.0
43,TISZA,000V,Dr. Hegedűs Zsolt Csaba,003Q,Dr. Kovács Áron,210,210,1.0
43,TISZA,000V,Dr. Hegedűs Zsolt Csaba,003R,Csiszár Béla,211,211,1.0
43,TISZA,000V,Dr. Hegedűs Zsolt Csaba,003S,Dr. Szijjártó Gábor,208,208,1.0
43,TISZA,000V,Dr. Hegedűs Zsolt Csaba,003T,Rápli Róbert,207,207,1.0
43,TISZA,000V,Dr. Hegedűs Zsolt Csaba,003U,Ujvári Szilvia,211,210,0.995260663507109
43,TISZA,000V,Dr. Hegedűs Zsolt Csaba,003V,Dr. Farkas Csongor,211,211,1.0
43,TISZA,000V,Dr. Hegedűs Zsolt Csaba,003W,Csák László,207,207,1.0
43,TISZA,000V,Dr. Hegedűs Zsolt Csaba,003X,Néher András,208,208,1.0
43,TISZA,000V,Dr. Hegedűs Zsolt Csaba,003Y,Bárkányi Bence,211,211,1.0
43,TISZA,000V,Dr. Hegedűs Zsolt Csaba,003Z,Ferenczi Gábor,211,211,1.0
43,TISZA,000V,Dr. Hegedűs Zsolt Csaba,0040,Dr. Nagy Márta,209,209,1.0
43,TISZA,000V,Dr. Hegedűs Zsolt Csaba,0041,Dr. Gáspár Levente,210,210,1.0
43,TISZA,000V,Dr. Hegedűs Zsolt Csaba,0042,Dr. Hallerné Dr. Nagy Anikó,206,206,1.0
43,TISZA,000V,Dr. Hegedűs Zsolt Csaba,0043,Dr. Bihari Zoltán,206,202,0.9805825242718447
43,TISZA,000V,Dr. Hegedűs Zsolt Csaba,0044,Lontay László,202,202,1.0
43,TISZA,000V,Dr. Hegedűs Zsolt Csaba,0045,Cseh Tamás,208,207,0.9951923076923077
43,TISZA,000V,Dr. Hegedűs Zsolt Csaba,0046,Benke József,211,211,1.0
43,TISZA,000V,Dr. Hegedűs Zsolt Csaba,0047,Hatala-Orosz Csaba,211,211,1.0
43,TISZA,000V,Dr. Hegedűs Zsolt Csaba,0048,Rózsahegyi Áron,202,202,1.0
43,TISZA,000V,Dr. Hegedűs Zsolt Csaba,0049,Dr. Czipa András,154,154,1.0
43,TISZA,000V,Dr. Hegedűs Zsolt Csaba,004A,Juhász Roland Csongor,211,211,1.0
43,TISZA,000V,Dr. Hegedűs Zsolt Csaba,004B,Karsai-Juhász Katalin,207,207,1.0
43,TISZA,000V,Dr. Hegedűs Zsolt Csaba,004C,Judák Zsolt,210,208,0.9904761904761905
43,TISZA,000V,Dr. Hegedűs Zsolt Csaba,004D,Polgár György,211,211,1.0
43,TISZA,000V,Dr. Hegedűs Zsolt Csaba,004E,Tárkányi Zsolt,206,205,0.9951456310679612
43,TISZA,000V,Dr. Hegedűs Zsolt Csaba,004F,Dr. Stumpf Péter,211,211,1.0
43,TISZA,000V,Dr. Hegedűs Zsolt Csaba,004G,Gajda Attila,210,209,0.9952380952380953
43,TISZA,000V,Dr. Hegedűs Zsolt Csaba,004H,Molnár János,210,210,1.0
43,TISZA,000V,Dr. Hegedűs Zsolt Csaba,k122,Kármán András,193,193,1.0
43,TISZA,000V,Dr. Hegedűs Zsolt Csaba,m076,Magyar Péter,166,166,1.0
43,TISZA,000V,Dr. Hegedűs Zsolt Csaba,t067,Tarr Zoltán,196,193,0.9846938775510204
43,TISZA,000W,Bódis Kriszta,000X,Pósfai Gábor,245,244,0.9959183673469387
43,TISZA,000W,Bódis Kriszta,000Y,Tanács Zoltán,228,227,0.9956140350877193
43,TISZA,000W,Bódis Kriszta,000Z,Göröghné Bocskai Éva,232,232,1.0
43,TISZA,000W,Bódis Kriszta,0010,Dr. Ruszin-Szendi Romulusz,213,213,1.0
43,TISZA,000W,Bódis Kriszta,0011,Dr. Jakab Zsuzsanna,250,250,1.0
43,TISZA,000W,Bódis Kriszta,0012,Nagy Ervin,238,238,1.0
43,TISZA,000W,Bódis Kriszta,0013,Szűcs Dóra,251,251,1.0
43,TISZA,000W,Bódis Kriszta,0014,Velkey György László,243,243,1.0
43,TISZA,000W,Bódis Kriszta,0016,Kulcsár Krisztián,252,252,1.0
43,TISZA,000W,Bódis Kriszta,0017,Melléthei-Barna Márton,231,230,0.9956709956709957
43,TISZA,000W,Bódis Kriszta,0018,Jójárt Erika,245,245,1.0
43,TISZA,000W,Bódis Kriszta,0019,Dr. Kátai-Németh Vilmos,241,240,0.995850622406639
43,TISZA,000W,Bódis Kriszta,001A,Molnár Zoltán,243,243,1.0
43,TISZA,000W,Bódis Kriszta,001B,Dr. Kincse Csongor,252,252,1.0
43,TISZA,000W,Bódis Kriszta,001C,Borsós Gabriella,247,246,0.9959514170040485
43,TISZA,000W,Bódis Kriszta,001D,Szafkó Zoltán Péter,248,248,1.0
43,TISZA,000W,Bódis Kriszta,001E,Kalázdi-Kerekes Kinga,230,230,1.0
43,TISZA,000W,Bódis Kriszta,001F,Gyuk Zsolt,252,252,1.0
43,TISZA,000W,Bódis Kriszta,001G,Schummer Orsolya,248,247,0.9959677419354839
43,TISZA,000W,Bódis Kriszta,001H,Varga Lőrinc Mihály,250,250,1.0
43,TISZA,000W,Bódis Kriszta,001I,Sóti Anikó Zsuzsanna,250,250,1.0
43,TISZA,000W,Bódis Kriszta,001J,Dr. Rák Richárd,247,247,1.0
43,TISZA,000W,Bódis Kriszta,001K,Hajdu Márton,191,191,1.0
43,TISZA,000W,Bódis Kriszta,001L,Pásztor Anett,251,251,1.0
43,TISZA,000W,Bódis Kriszta,001M,Dr. Hantosi István,245,244,0.9959183673469387
43,TISZA,000W,Bódis Kriszta,001N,Gyöngyösi István,243,241,0.9917695473251029
43,TISZA,000W,Bódis Kriszta,001O,Dr. Sasi-Nagy Edit,252,252,1.0
43,TISZA,000W,Bódis Kriszta,001P,Balogh Mihály,227,227,1.0
43,TISZA,000W,Bódis Kriszta,001Q,Császár Martin,249,249,1.0
43,TISZA,000W,Bódis Kriszta,001R,Berki Ákos,250,249,0.996
43,TISZA,000W,Bódis Kriszta,001S,Dr. Simon Krisztián Márk,250,250,1.0
43,TISZA,000W,Bódis Kriszta,001T,Tóth Tamás,242,242,1.0
43,TISZA,000W,Bódis Kriszta,001U,Kőszegi Krisztián,239,238,0.99581589958159
43,TISZA,000W,Bódis Kriszta,001V,Dr. Kiss Máté Zsolt,251,250,0.9960159362549801
43,TISZA,000W,Bódis Kriszta,001W,Lukács Gábor,250,250,1.0
43,TISZA,000W,Bódis Kriszta,001X,Kaprinyák Tibor,251,251,1.0
43,TISZA,000W,Bódis Kriszta,001Y,Porcher Áron,250,250,1.0
43,TISZA,000W,Bódis Kriszta,001Z,Boda Nikoletta,248,248,1.0
43,TISZA,000W,Bódis Kriszta,0020,Dr. Koncz Áron,252,252,1.0
43,TISZA,000W,Bódis Kriszta,0021,László Endre Márton,252,251,0.996031746031746
43,TISZA,000W,Bódis Kriszta,0022,Perticsné Kácsor Andrea,251,251,1.0
43,TISZA,000W,Bódis Kriszta,0023,Tóthmajor Balázs,252,252,1.0
43,TISZA,000W,Bódis Kriszta,0024,Dr. Ruzsa Diána,250,250,1.0
43,TISZA,000W,Bódis Kriszta,0025,Dr. Sopov Ildikó Éva,230,230,1.0
43,TISZA,000W,Bódis Kriszta,0026,Dr. Bódis Péter,246,245,0.9959349593495935
43,TISZA,000W,Bódis Kriszta,0027,Diószegi Judit,250,250,1.0
43,TISZA,000W,Bódis Kriszta,0028,Bodóczi István,252,252,1.0
43,TISZA,000W,Bódis Kriszta,0029,Müller Anna,252,252,1.0
43,TISZA,000W,Bódis Kriszta,002A,Trompler Ildikó,247,247,1.0
43,TISZA,000W,Bódis Kriszta,002B,Dr. Miskolczi Orsolya,251,251,1.0
43,TISZA,000W,Bódis Kriszta,002C,Jelencsik József,231,231,1.0
43,TISZA,000W,Bódis Kriszta,002D,Dr. Szabó Alexandra,251,251,1.0
43,TISZA,000W,Bódis Kriszta,002E,Halmai Ferenc,234,234,1.0
43,TISZA,000W,Bódis Kriszta,002F,Dr. Bögi Viktória,242,242,1.0
43,TISZA,000W,Bódis Kriszta,002G,Tompa Enikő,250,250,1.0
43,TISZA,000W,Bódis Kriszta,002H,Dr. Gurzó Mária,251,251,1.0
43,TISZA,000W,Bódis Kriszta,002I,Dr. Lőrincz Viktória,242,242,1.0
43,TISZA,000W,Bódis Kriszta,002J,Dr. Barna-Szabó Tímea,243,243,1.0
43,TISZA,000W,Bódis Kriszta,002K,Dr. Sárosi József,252,252,1.0
43,TISZA,000W,Bódis Kriszta,002L,Csatári Ernő,247,246,0.9959514170040485
43,TISZA,000W,Bódis Kriszta,002M,Bakos Csaba Attila,250,250,1.0
43,TISZA,000W,Bódis Kriszta,002N,Strompová Viktória,251,251,1.0
43,TISZA,000W,Bódis Kriszta,002O,Borics Mihály,245,245,1.0
43,TISZA,000W,Bódis Kriszta,002P,Csőszi Attila,250,249,0.996
43,TISZA,000W,Bódis Kriszta,002Q,Veres Ádám,234,234,1.0
43,TISZA,000W,Bódis Kriszta,002R,Szabó Tibor,249,249,1.0
43,TISZA,000W,Bódis Kriszta,002S,Hende Máté,247,247,1.0
43,TISZA,000W,Bódis Kriszta,002T,Balajti István,250,250,1.0
43,TISZA,000W,Bódis Kriszta,002U,Muhari Gergely,243,243,1.0
43,TISZA,000W,Bódis Kriszta,002V,Weigand István,244,244,1.0
43,TISZA,000W,Bódis Kriszta,002W,Dr. Virágh Gabriella Mária,252,252,1.0
43,TISZA,000W,Bódis Kriszta,002X,Trentin Balázs,215,214,0.9953488372093023
43,TISZA,000W,Bódis Kriszta,002Y,Szimon Renáta,231,231,1.0
43,TISZA,000W,Bódis Kriszta,002Z,Dr. Bilisics Zita,246,246,1.0
43,TISZA,000W,Bódis Kriszta,0030,Dr. Porpáczy Krisztina,249,249,1.0
43,TISZA,000W,Bódis Kriszta,0031,Bicskei László,251,251,1.0
43,TISZA,000W,Bódis Kriszta,0032,Dr. Árvay Nikolett,241,240,0.995850622406639
43,TISZA,000W,Bódis Kriszta,0033,Varga Balázs,246,246,1.0
43,TISZA,000W,Bódis Kriszta,0034,Csontos Bence,250,250,1.0
43,TISZA,000W,Bódis Kriszta,0035,Dr. Simon Zsuzsánna,242,242,1.0
43,TISZA,000W,Bódis Kriszta,0036,Ráki Zsolt,252,252,1.0
43,TISZA,000W,Bódis Kriszta,0037,Dr. Bóka Zsolt,246,245,0.9959349593495935
43,TISZA,000W,Bódis Kriszta,0038,Kovács Petra Judit,249,248,0.9959839357429718
43,TISZA,000W,Bódis Kriszta,0039,Dr. Bugya László,252,252,1.0
43,TISZA,000W,Bódis Kriszta,003A,Lovkó Csaba,249,249,1.0
43,TISZA,000W,Bódis Kriszta,003B,Tóth Norbert,241,241,1.0
43,TISZA,000W,Bódis Kriszta,003C,Dr. Balatincz Péter,177,177,1.0
43,TISZA,000W,Bódis Kriszta,003D,Járosi Péter,252,252,1.0
43,TISZA,000W,Bódis Kriszta,003E,Gombár Dávid,248,248,1.0
43,TISZA,000W,Bódis Kriszta,003F,Szakács Péter Lajos,252,252,1.0
43,TISZA,000W,Bódis Kriszta,003G,Dr. Dicső Viktória,245,245,1.0
43,TISZA,000W,Bódis Kriszta,003H,Czakó Czirbus Pál,248,248,1.0
43,TISZA,000W,Bódis Kriszta,003I,Dr. Németh Csilla,244,243,0.9959016393442623
43,TISZA,000W,Bódis Kriszta,003J,Dr. Kovács Gyula,251,251,1.0
43,TISZA,000W,Bódis Kriszta,003K,Horváth Nándor Zsolt,251,251,1.0
43,TISZA,000W,Bódis Kriszta,003L,Kapronczai Balázs,247,247,1.0
43,TISZA,000W,Bódis Kriszta,003M,Dr. Juhász Áron,248,248,1.0
43,TISZA,000W,Bódis Kriszta,003N,Kiss János,233,233,1.0
43,TISZA,000W,Bódis Kriszta,003O,Gyömbér Dávid,249,249,1.0
43,TISZA,000W,Bódis Kriszta,003P,Havasi Balázs,239,239,1.0
43,TISZA,000W,Bódis Kriszta,003Q,Dr. Kovács Áron,250,250,1.0
43,TISZA,000W,Bódis Kriszta,003R,Csiszár Béla,251,251,1.0
43,TISZA,000W,Bódis Kriszta,003S,Dr. Szijjártó Gábor,249,249,1.0
43,TISZA,000W,Bódis Kriszta,003T,Rápli Róbert,243,242,0.9958847736625515
43,TISZA,000W,Bódis Kriszta,003U,Ujvári Szilvia,252,251,0.996031746031746
43,TISZA,000W,Bódis Kriszta,003V,Dr. Farkas Csongor,252,252,1.0
43,TISZA,000W,Bódis Kriszta,003W,Csák László,248,248,1.0
43,TISZA,000W,Bódis Kriszta,003X,Néher András,249,249,1.0
43,TISZA,000W,Bódis Kriszta,003Y,Bárkányi Bence,252,252,1.0
43,TISZA,000W,Bódis Kriszta,003Z,Ferenczi Gábor,250,250,1.0
43,TISZA,000W,Bódis Kriszta,0040,Dr. Nagy Márta,250,250,1.0
43,TISZA,000W,Bódis Kriszta,0041,Dr. Gáspár Levente,250,250,1.0
43,TISZA,000W,Bódis Kriszta,0042,Dr. Hallerné Dr. Nagy Anikó,237,236,0.9957805907172996
43,TISZA,000W,Bódis Kriszta,0043,Dr. Bihari Zoltán,247,242,0.979757085020243
43,TISZA,000W,Bódis Kriszta,0044,Lontay László,243,243,1.0
43,TISZA,000W,Bódis Kriszta,0045,Cseh Tamás,247,245,0.9919028340080972
43,TISZA,000W,Bódis Kriszta,0046,Benke József,251,251,1.0
43,TISZA,000W,Bódis Kriszta,0047,Hatala-Orosz Csaba,250,250,1.0
43,TISZA,000W,Bódis Kriszta,0048,Rózsahegyi Áron,235,235,1.0
43,TISZA,000W,Bódis Kriszta,0049,Dr. Czipa András,191,191,1.0
43,TISZA,000W,Bódis Kriszta,004A,Juhász Roland Csongor,252,252,1.0
43,TISZA,000W,Bódis Kriszta,004B,Karsai-Juhász Katalin,242,242,1.0
43,TISZA,000W,Bódis Kriszta,004C,Judák Zsolt,251,249,0.9920318725099602
43,TISZA,000W,Bódis Kriszta,004D,Polgár György,252,252,1.0
43,TISZA,000W,Bódis Kriszta,004E,Tárkányi Zsolt,240,239,0.9958333333333333
43,TISZA,000W,Bódis Kriszta,004F,Dr. Stumpf Péter,252,251,0.996031746031746
43,TISZA,000W,Bódis Kriszta,004G,Gajda Attila,251,251,1.0
43,TISZA,000W,Bódis Kriszta,004H,Molnár János,251,251,1.0
43,TISZA,000W,Bódis Kriszta,k122,Kármán András,223,222,0.9955156950672646
43,TISZA,000W,Bódis Kriszta,m076,Magyar Péter,189,189,1.0
43,TISZA,000W,Bódis Kriszta,t067,Tarr Zoltán,226,226,1.0
43,TISZA,000X,Pósfai Gábor,000Y,Tanács Zoltán,226,224,0.9911504424778761
43,TISZA,000X,Pósfai Gábor,000Z,Göröghné Bocskai Éva,229,228,0.9956331877729258
43,TISZA,000X,Pósfai Gábor,0010,Dr. Ruszin-Szendi Romulusz,213,212,0.9953051643192489
43,TISZA,000X,Pósfai Gábor,0011,Dr. Jakab Zsuzsanna,247,246,0.9959514170040485
43,TISZA,000X,Pósfai Gábor,0012,Nagy Ervin,238,237,0.9957983193277311
43,TISZA,000X,Pósfai Gábor,0013,Szűcs Dóra,247,246,0.9959514170040485
43,TISZA,000X,Pósfai Gábor,0014,Velkey György László,236,235,0.9957627118644068
43,TISZA,000X,Pósfai Gábor,0016,Kulcsár Krisztián,249,248,0.9959839357429718
43,TISZA,000X,Pósfai Gábor,0017,Melléthei-Barna Márton,228,223,0.9780701754385965
43,TISZA,000X,Pósfai Gábor,0018,Jójárt Erika,240,239,0.9958333333333333
43,TISZA,000X,Pósfai Gábor,0019,Dr. Kátai-Németh Vilmos,238,235,0.9873949579831933
43,TISZA,000X,Pósfai Gábor,001A,Molnár Zoltán,241,240,0.995850622406639
43,TISZA,000X,Pósfai Gábor,001B,Dr. Kincse Csongor,249,248,0.9959839357429718
43,TISZA,000X,Pósfai Gábor,001C,Borsós Gabriella,244,242,0.9918032786885246
43,TISZA,000X,Pósfai Gábor,001D,Szafkó Zoltán Péter,245,242,0.9877551020408163
43,TISZA,000X,Pósfai Gábor,001E,Kalázdi-Kerekes Kinga,227,226,0.9955947136563876
43,TISZA,000X,Pósfai Gábor,001F,Gyuk Zsolt,249,248,0.9959839357429718
43,TISZA,000X,Pósfai Gábor,001G,Schummer Orsolya,245,243,0.9918367346938776
43,TISZA,000X,Pósfai Gábor,001H,Varga Lőrinc Mihály,247,246,0.9959514170040485
43,TISZA,000X,Pósfai Gábor,001I,Sóti Anikó Zsuzsanna,246,245,0.9959349593495935
43,TISZA,000X,Pósfai Gábor,001J,Dr. Rák Richárd,244,243,0.9959016393442623
43,TISZA,000X,Pósfai Gábor,001K,Hajdu Márton,189,186,0.9841269841269841
43,TISZA,000X,Pósfai Gábor,001L,Pásztor Anett,248,247,0.9959677419354839
43,TISZA,000X,Pósfai Gábor,001M,Dr. Hantosi István,242,240,0.9917355371900827
43,TISZA,000X,Pósfai Gábor,001N,Gyöngyösi István,239,234,0.9790794979079498
43,TISZA,000X,Pósfai Gábor,001O,Dr. Sasi-Nagy Edit,249,248,0.9959839357429718
43,TISZA,000X,Pósfai Gábor,001P,Balogh Mihály,223,222,0.9955156950672646
43,TISZA,000X,Pósfai Gábor,001Q,Császár Martin,246,245,0.9959349593495935
43,TISZA,000X,Pósfai Gábor,001R,Berki Ákos,249,247,0.9919678714859438
43,TISZA,000X,Pósfai Gábor,001S,Dr. Simon Krisztián Márk,247,246,0.9959514170040485
43,TISZA,000X,Pósfai Gábor,001T,Tóth Tamás,239,238,0.99581589958159
43,TISZA,000X,Pósfai Gábor,001U,Kőszegi Krisztián,236,233,0.9872881355932204
43,TISZA,000X,Pósfai Gábor,001V,Dr. Kiss Máté Zsolt,248,246,0.9919354838709677
43,TISZA,000X,Pósfai Gábor,001W,Lukács Gábor,247,246,0.9959514170040485
43,TISZA,000X,Pósfai Gábor,001X,Kaprinyák Tibor,248,247,0.9959677419354839
43,TISZA,000X,Pósfai Gábor,001Y,Porcher Áron,247,246,0.9959514170040485
43,TISZA,000X,Pósfai Gábor,001Z,Boda Nikoletta,245,244,0.9959183673469387
43,TISZA,000X,Pósfai Gábor,0020,Dr. Koncz Áron,249,248,0.9959839357429718
43,TISZA,000X,Pósfai Gábor,0021,László Endre Márton,249,247,0.9919678714859438
43,TISZA,000X,Pósfai Gábor,0022,Perticsné Kácsor Andrea,248,246,0.9919354838709677
43,TISZA,000X,Pósfai Gábor,0023,Tóthmajor Balázs,249,248,0.9959839357429718
43,TISZA,000X,Pósfai Gábor,0024,Dr. Ruzsa Diána,248,244,0.9838709677419355
43,TISZA,000X,Pósfai Gábor,0025,Dr. Sopov Ildikó Éva,227,226,0.9955947136563876
43,TISZA,000X,Pósfai Gábor,0026,Dr. Bódis Péter,245,240,0.9795918367346939
43,TISZA,000X,Pósfai Gábor,0027,Diószegi Judit,247,246,0.9959514170040485
43,TISZA,000X,Pósfai Gábor,0028,Bodóczi István,249,248,0.9959839357429718
43,TISZA,000X,Pósfai Gábor,0029,Müller Anna,249,247,0.9919678714859438
43,TISZA,000X,Pósfai Gábor,002A,Trompler Ildikó,245,241,0.9836734693877551
43,TISZA,000X,Pósfai Gábor,002B,Dr. Miskolczi Orsolya,248,247,0.9959677419354839
43,TISZA,000X,Pósfai Gábor,002C,Jelencsik József,229,228,0.9956331877729258
43,TISZA,000X,Pósfai Gábor,002D,Dr. Szabó Alexandra,249,248,0.9959839357429718
43,TISZA,000X,Pósfai Gábor,002E,Halmai Ferenc,231,230,0.9956709956709957
43,TISZA,000X,Pósfai Gábor,002F,Dr. Bögi Viktória,239,235,0.9832635983263598
43,TISZA,000X,Pósfai Gábor,002G,Tompa Enikő,247,245,0.9919028340080972
43,TISZA,000X,Pósfai Gábor,002H,Dr. Gurzó Mária,248,247,0.9959677419354839
43,TISZA,000X,Pósfai Gábor,002I,Dr. Lőrincz Viktória,242,239,0.987603305785124
43,TISZA,000X,Pósfai Gábor,002J,Dr. Barna-Szabó Tímea,242,241,0.9958677685950413
43,TISZA,000X,Pósfai Gábor,002K,Dr. Sárosi József,249,248,0.9959839357429718
43,TISZA,000X,Pósfai Gábor,002L,Csatári Ernő,244,242,0.9918032786885246
43,TISZA,000X,Pósfai Gábor,002M,Bakos Csaba Attila,247,246,0.9959514170040485
43,TISZA,000X,Pósfai Gábor,002N,Strompová Viktória,247,246,0.9959514170040485
43,TISZA,000X,Pósfai Gábor,002O,Borics Mihály,243,243,1.0
43,TISZA,000X,Pósfai Gábor,002P,Csőszi Attila,247,244,0.9878542510121457
43,TISZA,000X,Pósfai Gábor,002Q,Veres Ádám,231,230,0.9956709956709957
43,TISZA,000X,Pósfai Gábor,002R,Szabó Tibor,246,245,0.9959349593495935
43,TISZA,000X,Pósfai Gábor,002S,Hende Máté,243,242,0.9958847736625515
43,TISZA,000X,Pósfai Gábor,002T,Balajti István,247,246,0.9959514170040485
43,TISZA,000X,Pósfai Gábor,002U,Muhari Gergely,240,239,0.9958333333333333
43,TISZA,000X,Pósfai Gábor,002V,Weigand István,241,240,0.995850622406639
43,TISZA,000X,Pósfai Gábor,002W,Dr. Virágh Gabriella Mária,249,248,0.9959839357429718
43,TISZA,000X,Pósfai Gábor,002X,Trentin Balázs,215,213,0.9906976744186047
43,TISZA,000X,Pósfai Gábor,002Y,Szimon Renáta,228,227,0.9956140350877193
43,TISZA,000X,Pósfai Gábor,002Z,Dr. Bilisics Zita,244,243,0.9959016393442623
43,TISZA,000X,Pósfai Gábor,0030,Dr. Porpáczy Krisztina,246,245,0.9959349593495935
43,TISZA,000X,Pósfai Gábor,0031,Bicskei László,248,247,0.9959677419354839
43,TISZA,000X,Pósfai Gábor,0032,Dr. Árvay Nikolett,237,235,0.9915611814345991
43,TISZA,000X,Pósfai Gábor,0033,Varga Balázs,243,242,0.9958847736625515
43,TISZA,000X,Pósfai Gábor,0034,Csontos Bence,246,243,0.9878048780487805
43,TISZA,000X,Pósfai Gábor,0035,Dr. Simon Zsuzsánna,241,240,0.995850622406639
43,TISZA,000X,Pósfai Gábor,0036,Ráki Zsolt,249,248,0.9959839357429718
43,TISZA,000X,Pósfai Gábor,0037,Dr. Bóka Zsolt,243,241,0.9917695473251029
43,TISZA,000X,Pósfai Gábor,0038,Kovács Petra Judit,243,241,0.9917695473251029
43,TISZA,000X,Pósfai Gábor,0039,Dr. Bugya László,249,248,0.9959839357429718
43,TISZA,000X,Pósfai Gábor,003A,Lovkó Csaba,246,245,0.9959349593495935
43,TISZA,000X,Pósfai Gábor,003B,Tóth Norbert,237,236,0.9957805907172996
43,TISZA,000X,Pósfai Gábor,003C,Dr. Balatincz Péter,175,174,0.9942857142857143
43,TISZA,000X,Pósfai Gábor,003D,Járosi Péter,249,248,0.9959839357429718
43,TISZA,000X,Pósfai Gábor,003E,Gombár Dávid,245,244,0.9959183673469387
43,TISZA,000X,Pósfai Gábor,003F,Szakács Péter Lajos,249,248,0.9959839357429718
43,TISZA,000X,Pósfai Gábor,003G,Dr. Dicső Viktória,243,242,0.9958847736625515
43,TISZA,000X,Pósfai Gábor,003H,Czakó Czirbus Pál,244,243,0.9959016393442623
43,TISZA,000X,Pósfai Gábor,003I,Dr. Németh Csilla,242,240,0.9917355371900827
43,TISZA,000X,Pósfai Gábor,003J,Dr. Kovács Gyula,248,247,0.9959677419354839
43,TISZA,000X,Pósfai Gábor,003K,Horváth Nándor Zsolt,248,247,0.9959677419354839
43,TISZA,000X,Pósfai Gábor,003L,Kapronczai Balázs,244,243,0.9959016393442623
43,TISZA,000X,Pósfai Gábor,003M,Dr. Juhász Áron,245,244,0.9959183673469387
43,TISZA,000X,Pósfai Gábor,003N,Kiss János,231,230,0.9956709956709957
43,TISZA,000X,Pósfai Gábor,003O,Gyömbér Dávid,246,245,0.9959349593495935
43,TISZA,000X,Pósfai Gábor,003P,Havasi Balázs,239,238,0.99581589958159
43,TISZA,000X,Pósfai Gábor,003Q,Dr. Kovács Áron,247,246,0.9959514170040485
43,TISZA,000X,Pósfai Gábor,003R,Csiszár Béla,248,247,0.9959677419354839
43,TISZA,000X,Pósfai Gábor,003S,Dr. Szijjártó Gábor,246,245,0.9959349593495935
43,TISZA,000X,Pósfai Gábor,003T,Rápli Róbert,240,238,0.9916666666666667
43,TISZA,000X,Pósfai Gábor,003U,Ujvári Szilvia,249,247,0.9919678714859438
43,TISZA,000X,Pósfai Gábor,003V,Dr. Farkas Csongor,249,248,0.9959839357429718
43,TISZA,000X,Pósfai Gábor,003W,Csák László,245,244,0.9959183673469387
43,TISZA,000X,Pósfai Gábor,003X,Néher András,246,245,0.9959349593495935
43,TISZA,000X,Pósfai Gábor,003Y,Bárkányi Bence,249,248,0.9959839357429718
43,TISZA,000X,Pósfai Gábor,003Z,Ferenczi Gábor,247,246,0.9959514170040485
43,TISZA,000X,Pósfai Gábor,0040,Dr. Nagy Márta,247,246,0.9959514170040485
43,TISZA,000X,Pósfai Gábor,0041,Dr. Gáspár Levente,247,246,0.9959514170040485
43,TISZA,000X,Pósfai Gábor,0042,Dr. Hallerné Dr. Nagy Anikó,233,231,0.9914163090128756
43,TISZA,000X,Pósfai Gábor,0043,Dr. Bihari Zoltán,245,240,0.9795918367346939
43,TISZA,000X,Pósfai Gábor,0044,Lontay László,240,239,0.9958333333333333
43,TISZA,000X,Pósfai Gábor,0045,Cseh Tamás,244,241,0.9877049180327869
43,TISZA,000X,Pósfai Gábor,0046,Benke József,248,247,0.9959677419354839
43,TISZA,000X,Pósfai Gábor,0047,Hatala-Orosz Csaba,248,246,0.9919354838709677
43,TISZA,000X,Pósfai Gábor,0048,Rózsahegyi Áron,231,230,0.9956709956709957
43,TISZA,000X,Pósfai Gábor,0049,Dr. Czipa András,191,191,1.0
43,TISZA,000X,Pósfai Gábor,004A,Juhász Roland Csongor,249,248,0.9959839357429718
43,TISZA,000X,Pósfai Gábor,004B,Karsai-Juhász Katalin,239,238,0.99581589958159
43,TISZA,000X,Pósfai Gábor,004C,Judák Zsolt,248,245,0.9879032258064516
43,TISZA,000X,Pósfai Gábor,004D,Polgár György,249,248,0.9959839357429718
43,TISZA,000X,Pósfai Gábor,004E,Tárkányi Zsolt,238,236,0.9915966386554622
43,TISZA,000X,Pósfai Gábor,004F,Dr. Stumpf Péter,249,248,0.9959839357429718
43,TISZA,000X,Pósfai Gábor,004G,Gajda Attila,247,244,0.9878542510121457
43,TISZA,000X,Pósfai Gábor,004H,Molnár János,248,247,0.9959677419354839
43,TISZA,000X,Pósfai Gábor,k122,Kármán András,222,220,0.990990990990991
43,TISZA,000X,Pósfai Gábor,m076,Magyar Péter,187,186,0.9946524064171123
43,TISZA,000X,Pósfai Gábor,t067,Tarr Zoltán,227,223,0.9823788546255506
43,TISZA,000Y,Tanács Zoltán,000Z,Göröghné Bocskai Éva,229,228,0.9956331877729258
43,TISZA,000Y,Tanács Zoltán,0010,Dr. Ruszin-Szendi Romulusz,194,194,1.0
43,TISZA,000Y,Tanács Zoltán,0011,Dr. Jakab Zsuzsanna,231,230,0.9956709956709957
43,TISZA,000Y,Tanács Zoltán,0012,Nagy Ervin,220,219,0.9954545454545455
43,TISZA,000Y,Tanács Zoltán,0013,Szűcs Dóra,230,229,0.9956521739130435
43,TISZA,000Y,Tanács Zoltán,0014,Velkey György László,225,224,0.9955555555555555
43,TISZA,000Y,Tanács Zoltán,0016,Kulcsár Krisztián,232,231,0.9956896551724138
43,TISZA,000Y,Tanács Zoltán,0017,Melléthei-Barna Márton,216,211,0.9768518518518519
43,TISZA,000Y,Tanács Zoltán,0018,Jójárt Erika,227,226,0.9955947136563876
43,TISZA,000Y,Tanács Zoltán,0019,Dr. Kátai-Németh Vilmos,227,224,0.986784140969163
43,TISZA,000Y,Tanács Zoltán,001A,Molnár Zoltán,227,226,0.9955947136563876
43,TISZA,000Y,Tanács Zoltán,001B,Dr. Kincse Csongor,232,231,0.9956896551724138
43,TISZA,000Y,Tanács Zoltán,001C,Borsós Gabriella,228,226,0.9912280701754386
43,TISZA,000Y,Tanács Zoltán,001D,Szafkó Zoltán Péter,230,227,0.9869565217391304
43,TISZA,000Y,Tanács Zoltán,001E,Kalázdi-Kerekes Kinga,210,209,0.9952380952380953
43,TISZA,000Y,Tanács Zoltán,001F,Gyuk Zsolt,232,231,0.9956896551724138
43,TISZA,000Y,Tanács Zoltán,001G,Schummer Orsolya,229,227,0.9912663755458515
43,TISZA,000Y,Tanács Zoltán,001H,Varga Lőrinc Mihály,231,230,0.9956709956709957
43,TISZA,000Y,Tanács Zoltán,001I,Sóti Anikó Zsuzsanna,229,228,0.9956331877729258
43,TISZA,000Y,Tanács Zoltán,001J,Dr. Rák Richárd,227,226,0.9955947136563876
43,TISZA,000Y,Tanács Zoltán,001K,Hajdu Márton,174,172,0.9885057471264368
43,TISZA,000Y,Tanács Zoltán,001L,Pásztor Anett,231,230,0.9956709956709957
43,TISZA,000Y,Tanács Zoltán,001M,Dr. Hantosi István,226,224,0.9911504424778761
43,TISZA,000Y,Tanács Zoltán,001N,Gyöngyösi István,222,217,0.9774774774774775
43,TISZA,000Y,Tanács Zoltán,001O,Dr. Sasi-Nagy Edit,232,231,0.9956896551724138
43,TISZA,000Y,Tanács Zoltán,001P,Balogh Mihály,204,204,1.0
43,TISZA,000Y,Tanács Zoltán,001Q,Császár Martin,229,228,0.9956331877729258
43,TISZA,000Y,Tanács Zoltán,001R,Berki Ákos,230,228,0.991304347826087
43,TISZA,000Y,Tanács Zoltán,001S,Dr. Simon Krisztián Márk,231,230,0.9956709956709957
43,TISZA,000Y,Tanács Zoltán,001T,Tóth Tamás,224,223,0.9955357142857143
43,TISZA,000Y,Tanács Zoltán,001U,Kőszegi Krisztián,222,219,0.9864864864864865
43,TISZA,000Y,Tanács Zoltán,001V,Dr. Kiss Máté Zsolt,232,230,0.9913793103448276
43,TISZA,000Y,Tanács Zoltán,001W,Lukács Gábor,231,230,0.9956709956709957
43,TISZA,000Y,Tanács Zoltán,001X,Kaprinyák Tibor,231,230,0.9956709956709957
43,TISZA,000Y,Tanács Zoltán,001Y,Porcher Áron,230,230,1.0
43,TISZA,000Y,Tanács Zoltán,001Z,Boda Nikoletta,229,228,0.9956331877729258
43,TISZA,000Y,Tanács Zoltán,0020,Dr. Koncz Áron,232,231,0.9956896551724138
43,TISZA,000Y,Tanács Zoltán,0021,László Endre Márton,232,231,0.9956896551724138
43,TISZA,000Y,Tanács Zoltán,0022,Perticsné Kácsor Andrea,231,229,0.9913419913419913
43,TISZA,000Y,Tanács Zoltán,0023,Tóthmajor Balázs,232,231,0.9956896551724138
43,TISZA,000Y,Tanács Zoltán,0024,Dr. Ruzsa Diána,231,227,0.9826839826839827
43,TISZA,000Y,Tanács Zoltán,0025,Dr. Sopov Ildikó Éva,214,213,0.9953271028037384
43,TISZA,000Y,Tanács Zoltán,0026,Dr. Bódis Péter,228,223,0.9780701754385965
43,TISZA,000Y,Tanács Zoltán,0027,Diószegi Judit,231,230,0.9956709956709957
43,TISZA,000Y,Tanács Zoltán,0028,Bodóczi István,232,231,0.9956896551724138
43,TISZA,000Y,Tanács Zoltán,0029,Müller Anna,232,230,0.9913793103448276
43,TISZA,000Y,Tanács Zoltán,002A,Trompler Ildikó,228,225,0.9868421052631579
43,TISZA,000Y,Tanács Zoltán,002B,Dr. Miskolczi Orsolya,232,231,0.9956896551724138
43,TISZA,000Y,Tanács Zoltán,002C,Jelencsik József,211,210,0.995260663507109
43,TISZA,000Y,Tanács Zoltán,002D,Dr. Szabó Alexandra,231,230,0.9956709956709957
43,TISZA,000Y,Tanács Zoltán,002E,Halmai Ferenc,220,219,0.9954545454545455
43,TISZA,000Y,Tanács Zoltán,002F,Dr. Bögi Viktória,222,218,0.9819819819819819
43,TISZA,000Y,Tanács Zoltán,002G,Tompa Enikő,230,228,0.991304347826087
43,TISZA,000Y,Tanács Zoltán,002H,Dr. Gurzó Mária,231,230,0.9956709956709957
43,TISZA,000Y,Tanács Zoltán,002I,Dr. Lőrincz Viktória,222,219,0.9864864864864865
43,TISZA,000Y,Tanács Zoltán,002J,Dr. Barna-Szabó Tímea,224,223,0.9955357142857143
43,TISZA,000Y,Tanács Zoltán,002K,Dr. Sárosi József,232,231,0.9956896551724138
43,TISZA,000Y,Tanács Zoltán,002L,Csatári Ernő,227,225,0.9911894273127754
43,TISZA,000Y,Tanács Zoltán,002M,Bakos Csaba Attila,230,229,0.9956521739130435
43,TISZA,000Y,Tanács Zoltán,002N,Strompová Viktória,231,230,0.9956709956709957
43,TISZA,000Y,Tanács Zoltán,002O,Borics Mihály,227,226,0.9955947136563876
43,TISZA,000Y,Tanács Zoltán,002P,Csőszi Attila,231,229,0.9913419913419913
43,TISZA,000Y,Tanács Zoltán,002Q,Veres Ádám,215,215,1.0
43,TISZA,000Y,Tanács Zoltán,002R,Szabó Tibor,230,229,0.9956521739130435
43,TISZA,000Y,Tanács Zoltán,002S,Hende Máté,226,225,0.995575221238938
43,TISZA,000Y,Tanács Zoltán,002T,Balajti István,230,229,0.9956521739130435
43,TISZA,000Y,Tanács Zoltán,002U,Muhari Gergely,226,225,0.995575221238938
43,TISZA,000Y,Tanács Zoltán,002V,Weigand István,226,225,0.995575221238938
43,TISZA,000Y,Tanács Zoltán,002W,Dr. Virágh Gabriella Mária,232,231,0.9956896551724138
43,TISZA,000Y,Tanács Zoltán,002X,Trentin Balázs,199,197,0.9899497487437185
43,TISZA,000Y,Tanács Zoltán,002Y,Szimon Renáta,211,210,0.995260663507109
43,TISZA,000Y,Tanács Zoltán,002Z,Dr. Bilisics Zita,226,226,1.0
43,TISZA,000Y,Tanács Zoltán,0030,Dr. Porpáczy Krisztina,228,227,0.9956140350877193
43,TISZA,000Y,Tanács Zoltán,0031,Bicskei László,231,230,0.9956709956709957
43,TISZA,000Y,Tanács Zoltán,0032,Dr. Árvay Nikolett,220,218,0.990909090909091
43,TISZA,000Y,Tanács Zoltán,0033,Varga Balázs,226,225,0.995575221238938
43,TISZA,000Y,Tanács Zoltán,0034,Csontos Bence,229,226,0.9868995633187773
43,TISZA,000Y,Tanács Zoltán,0035,Dr. Simon Zsuzsánna,223,222,0.9955156950672646
43,TISZA,000Y,Tanács Zoltán,0036,Ráki Zsolt,232,231,0.9956896551724138
43,TISZA,000Y,Tanács Zoltán,0037,Dr. Bóka Zsolt,230,228,0.991304347826087
43,TISZA,000Y,Tanács Zoltán,0038,Kovács Petra Judit,227,225,0.9911894273127754
43,TISZA,000Y,Tanács Zoltán,0039,Dr. Bugya László,232,231,0.9956896551724138
43,TISZA,000Y,Tanács Zoltán,003A,Lovkó Csaba,230,229,0.9956521739130435
43,TISZA,000Y,Tanács Zoltán,003B,Tóth Norbert,224,223,0.9955357142857143
43,TISZA,000Y,Tanács Zoltán,003C,Dr. Balatincz Péter,178,177,0.9943820224719101
43,TISZA,000Y,Tanács Zoltán,003D,Járosi Péter,232,231,0.9956896551724138
43,TISZA,000Y,Tanács Zoltán,003E,Gombár Dávid,230,229,0.9956521739130435
43,TISZA,000Y,Tanács Zoltán,003F,Szakács Péter Lajos,232,231,0.9956896551724138
43,TISZA,000Y,Tanács Zoltán,003G,Dr. Dicső Viktória,225,225,1.0
43,TISZA,000Y,Tanács Zoltán,003H,Czakó Czirbus Pál,227,226,0.9955947136563876
43,TISZA,000Y,Tanács Zoltán,003I,Dr. Németh Csilla,225,223,0.9911111111111112
43,TISZA,000Y,Tanács Zoltán,003J,Dr. Kovács Gyula,231,230,0.9956709956709957
43,TISZA,000Y,Tanács Zoltán,003K,Horváth Nándor Zsolt,231,230,0.9956709956709957
43,TISZA,000Y,Tanács Zoltán,003L,Kapronczai Balázs,229,228,0.9956331877729258
43,TISZA,000Y,Tanács Zoltán,003M,Dr. Juhász Áron,230,229,0.9956521739130435
43,TISZA,000Y,Tanács Zoltán,003N,Kiss János,217,216,0.9953917050691244
43,TISZA,000Y,Tanács Zoltán,003O,Gyömbér Dávid,231,230,0.9956709956709957
43,TISZA,000Y,Tanács Zoltán,003P,Havasi Balázs,222,222,1.0
43,TISZA,000Y,Tanács Zoltán,003Q,Dr. Kovács Áron,230,229,0.9956521739130435
43,TISZA,000Y,Tanács Zoltán,003R,Csiszár Béla,231,230,0.9956709956709957
43,TISZA,000Y,Tanács Zoltán,003S,Dr. Szijjártó Gábor,230,229,0.9956521739130435
43,TISZA,000Y,Tanács Zoltán,003T,Rápli Róbert,223,222,0.9955156950672646
43,TISZA,000Y,Tanács Zoltán,003U,Ujvári Szilvia,232,230,0.9913793103448276
43,TISZA,000Y,Tanács Zoltán,003V,Dr. Farkas Csongor,232,231,0.9956896551724138
43,TISZA,000Y,Tanács Zoltán,003W,Csák László,229,228,0.9956331877729258
43,TISZA,000Y,Tanács Zoltán,003X,Néher András,229,229,1.0
43,TISZA,000Y,Tanács Zoltán,003Y,Bárkányi Bence,232,231,0.9956896551724138
43,TISZA,000Y,Tanács Zoltán,003Z,Ferenczi Gábor,231,230,0.9956709956709957
43,TISZA,000Y,Tanács Zoltán,0040,Dr. Nagy Márta,231,231,1.0
43,TISZA,000Y,Tanács Zoltán,0041,Dr. Gáspár Levente,231,230,0.9956709956709957
43,TISZA,000Y,Tanács Zoltán,0042,Dr. Hallerné Dr. Nagy Anikó,222,221,0.9954954954954955
43,TISZA,000Y,Tanács Zoltán,0043,Dr. Bihari Zoltán,227,221,0.973568281938326
43,TISZA,000Y,Tanács Zoltán,0044,Lontay László,223,222,0.9955156950672646
43,TISZA,000Y,Tanács Zoltán,0045,Cseh Tamás,229,227,0.9912663755458515
43,TISZA,000Y,Tanács Zoltán,0046,Benke József,231,230,0.9956709956709957
43,TISZA,000Y,Tanács Zoltán,0047,Hatala-Orosz Csaba,231,229,0.9913419913419913
43,TISZA,000Y,Tanács Zoltán,0048,Rózsahegyi Áron,215,214,0.9953488372093023
43,TISZA,000Y,Tanács Zoltán,0049,Dr. Czipa András,175,175,1.0
43,TISZA,000Y,Tanács Zoltán,004A,Juhász Roland Csongor,232,231,0.9956896551724138
43,TISZA,000Y,Tanács Zoltán,004B,Karsai-Juhász Katalin,222,221,0.9954954954954955
43,TISZA,000Y,Tanács Zoltán,004C,Judák Zsolt,231,228,0.987012987012987
43,TISZA,000Y,Tanács Zoltán,004D,Polgár György,232,231,0.9956896551724138
43,TISZA,000Y,Tanács Zoltán,004E,Tárkányi Zsolt,223,221,0.9910313901345291
43,TISZA,000Y,Tanács Zoltán,004F,Dr. Stumpf Péter,232,230,0.9913793103448276
43,TISZA,000Y,Tanács Zoltán,004G,Gajda Attila,230,227,0.9869565217391304
43,TISZA,000Y,Tanács Zoltán,004H,Molnár János,231,230,0.9956709956709957
43,TISZA,000Y,Tanács Zoltán,k122,Kármán András,213,211,0.9906103286384976
43,TISZA,000Y,Tanács Zoltán,m076,Magyar Péter,178,177,0.9943820224719101
43,TISZA,000Y,Tanács Zoltán,t067,Tarr Zoltán,212,208,0.9811320754716981
43,TISZA,000Z,Göröghné Bocskai Éva,0010,Dr. Ruszin-Szendi Romulusz,199,199,1.0
43,TISZA,000Z,Göröghné Bocskai Éva,0011,Dr. Jakab Zsuzsanna,234,234,1.0
43,TISZA,000Z,Göröghné Bocskai Éva,0012,Nagy Ervin,222,222,1.0
43,TISZA,000Z,Göröghné Bocskai Éva,0013,Szűcs Dóra,234,234,1.0
43,TISZA,000Z,Göröghné Bocskai Éva,0014,Velkey György László,227,227,1.0
43,TISZA,000Z,Göröghné Bocskai Éva,0016,Kulcsár Krisztián,236,236,1.0
43,TISZA,000Z,Göröghné Bocskai Éva,0017,Melléthei-Barna Márton,220,216,0.9818181818181818
43,TISZA,000Z,Göröghné Bocskai Éva,0018,Jójárt Erika,228,228,1.0
43,TISZA,000Z,Göröghné Bocskai Éva,0019,Dr. Kátai-Németh Vilmos,226,224,0.9911504424778761
43,TISZA,000Z,Göröghné Bocskai Éva,001A,Molnár Zoltán,231,231,1.0
43,TISZA,000Z,Göröghné Bocskai Éva,001B,Dr. Kincse Csongor,236,236,1.0
43,TISZA,000Z,Göröghné Bocskai Éva,001C,Borsós Gabriella,232,231,0.9956896551724138
43,TISZA,000Z,Göröghné Bocskai Éva,001D,Szafkó Zoltán Péter,233,231,0.9914163090128756
43,TISZA,000Z,Göröghné Bocskai Éva,001E,Kalázdi-Kerekes Kinga,214,214,1.0
43,TISZA,000Z,Göröghné Bocskai Éva,001F,Gyuk Zsolt,236,236,1.0
43,TISZA,000Z,Göröghné Bocskai Éva,001G,Schummer Orsolya,234,233,0.9957264957264957
43,TISZA,000Z,Göröghné Bocskai Éva,001H,Varga Lőrinc Mihály,234,234,1.0
43,TISZA,000Z,Göröghné Bocskai Éva,001I,Sóti Anikó Zsuzsanna,233,233,1.0
43,TISZA,000Z,Göröghné Bocskai Éva,001J,Dr. Rák Richárd,231,231,1.0
43,TISZA,000Z,Göröghné Bocskai Éva,001K,Hajdu Márton,175,173,0.9885714285714285
43,TISZA,000Z,Göröghné Bocskai Éva,001L,Pásztor Anett,235,235,1.0
43,TISZA,000Z,Göröghné Bocskai Éva,001M,Dr. Hantosi István,229,228,0.9956331877729258
43,TISZA,000Z,Göröghné Bocskai Éva,001N,Gyöngyösi István,227,223,0.9823788546255506
43,TISZA,000Z,Göröghné Bocskai Éva,001O,Dr. Sasi-Nagy Edit,236,236,1.0
43,TISZA,000Z,Göröghné Bocskai Éva,001P,Balogh Mihály,208,208,1.0
43,TISZA,000Z,Göröghné Bocskai Éva,001Q,Császár Martin,234,234,1.0
43,TISZA,000Z,Göröghné Bocskai Éva,001R,Berki Ákos,234,233,0.9957264957264957
43,TISZA,000Z,Göröghné Bocskai Éva,001S,Dr. Simon Krisztián Márk,235,235,1.0
43,TISZA,000Z,Göröghné Bocskai Éva,001T,Tóth Tamás,228,228,1.0
43,TISZA,000Z,Göröghné Bocskai Éva,001U,Kőszegi Krisztián,226,224,0.9911504424778761
43,TISZA,000Z,Göröghné Bocskai Éva,001V,Dr. Kiss Máté Zsolt,235,234,0.9957446808510638
43,TISZA,000Z,Göröghné Bocskai Éva,001W,Lukács Gábor,234,234,1.0
43,TISZA,000Z,Göröghné Bocskai Éva,001X,Kaprinyák Tibor,235,235,1.0
43,TISZA,000Z,Göröghné Bocskai Éva,001Y,Porcher Áron,234,234,1.0
43,TISZA,000Z,Göröghné Bocskai Éva,001Z,Boda Nikoletta,232,232,1.0
43,TISZA,000Z,Göröghné Bocskai Éva,0020,Dr. Koncz Áron,236,236,1.0
43,TISZA,000Z,Göröghné Bocskai Éva,0021,László Endre Márton,236,236,1.0
43,TISZA,000Z,Göröghné Bocskai Éva,0022,Perticsné Kácsor Andrea,235,234,0.9957446808510638
43,TISZA,000Z,Göröghné Bocskai Éva,0023,Tóthmajor Balázs,236,236,1.0
43,TISZA,000Z,Göröghné Bocskai Éva,0024,Dr. Ruzsa Diána,235,232,0.9872340425531915
43,TISZA,000Z,Göröghné Bocskai Éva,0025,Dr. Sopov Ildikó Éva,216,216,1.0
43,TISZA,000Z,Göröghné Bocskai Éva,0026,Dr. Bódis Péter,231,227,0.9826839826839827
43,TISZA,000Z,Göröghné Bocskai Éva,0027,Diószegi Judit,235,235,1.0
43,TISZA,000Z,Göröghné Bocskai Éva,0028,Bodóczi István,236,236,1.0
43,TISZA,000Z,Göröghné Bocskai Éva,0029,Müller Anna,236,235,0.9957627118644068
43,TISZA,000Z,Göröghné Bocskai Éva,002A,Trompler Ildikó,232,229,0.9870689655172413
43,TISZA,000Z,Göröghné Bocskai Éva,002B,Dr. Miskolczi Orsolya,235,235,1.0
43,TISZA,000Z,Göröghné Bocskai Éva,002C,Jelencsik József,215,215,1.0
43,TISZA,000Z,Göröghné Bocskai Éva,002D,Dr. Szabó Alexandra,235,235,1.0
43,TISZA,000Z,Göröghné Bocskai Éva,002E,Halmai Ferenc,219,219,1.0
43,TISZA,000Z,Göröghné Bocskai Éva,002F,Dr. Bögi Viktória,226,223,0.9867256637168141
43,TISZA,000Z,Göröghné Bocskai Éva,002G,Tompa Enikő,234,233,0.9957264957264957
43,TISZA,000Z,Göröghné Bocskai Éva,002H,Dr. Gurzó Mária,235,235,1.0
43,TISZA,000Z,Göröghné Bocskai Éva,002I,Dr. Lőrincz Viktória,225,223,0.9911111111111112
43,TISZA,000Z,Göröghné Bocskai Éva,002J,Dr. Barna-Szabó Tímea,228,228,1.0
43,TISZA,000Z,Göröghné Bocskai Éva,002K,Dr. Sárosi József,236,236,1.0
43,TISZA,000Z,Göröghné Bocskai Éva,002L,Csatári Ernő,232,231,0.9956896551724138
43,TISZA,000Z,Göröghné Bocskai Éva,002M,Bakos Csaba Attila,234,234,1.0
43,TISZA,000Z,Göröghné Bocskai Éva,002N,Strompová Viktória,234,234,1.0
43,TISZA,000Z,Göröghné Bocskai Éva,002O,Borics Mihály,231,231,1.0
43,TISZA,000Z,Göröghné Bocskai Éva,002P,Csőszi Attila,235,233,0.9914893617021276
43,TISZA,000Z,Göröghné Bocskai Éva,002Q,Veres Ádám,220,220,1.0
43,TISZA,000Z,Göröghné Bocskai Éva,002R,Szabó Tibor,234,234,1.0
43,TISZA,000Z,Göröghné Bocskai Éva,002S,Hende Máté,230,230,1.0
43,TISZA,000Z,Göröghné Bocskai Éva,002T,Balajti István,235,235,1.0
43,TISZA,000Z,Göröghné Bocskai Éva,002U,Muhari Gergely,231,231,1.0
43,TISZA,000Z,Göröghné Bocskai Éva,002V,Weigand István,230,230,1.0
43,TISZA,000Z,Göröghné Bocskai Éva,002W,Dr. Virágh Gabriella Mária,236,236,1.0
43,TISZA,000Z,Göröghné Bocskai Éva,002X,Trentin Balázs,202,201,0.995049504950495
43,TISZA,000Z,Göröghné Bocskai Éva,002Y,Szimon Renáta,216,216,1.0
43,TISZA,000Z,Göröghné Bocskai Éva,002Z,Dr. Bilisics Zita,230,230,1.0
43,TISZA,000Z,Göröghné Bocskai Éva,0030,Dr. Porpáczy Krisztina,231,231,1.0
43,TISZA,000Z,Göröghné Bocskai Éva,0031,Bicskei László,235,235,1.0
43,TISZA,000Z,Göröghné Bocskai Éva,0032,Dr. Árvay Nikolett,224,223,0.9955357142857143
43,TISZA,000Z,Göröghné Bocskai Éva,0033,Varga Balázs,230,230,1.0
43,TISZA,000Z,Göröghné Bocskai Éva,0034,Csontos Bence,233,231,0.9914163090128756
43,TISZA,000Z,Göröghné Bocskai Éva,0035,Dr. Simon Zsuzsánna,227,227,1.0
43,TISZA,000Z,Göröghné Bocskai Éva,0036,Ráki Zsolt,236,236,1.0
43,TISZA,000Z,Göröghné Bocskai Éva,0037,Dr. Bóka Zsolt,233,232,0.9957081545064378
43,TISZA,000Z,Göröghné Bocskai Éva,0038,Kovács Petra Judit,230,229,0.9956521739130435
43,TISZA,000Z,Göröghné Bocskai Éva,0039,Dr. Bugya László,236,236,1.0
43,TISZA,000Z,Göröghné Bocskai Éva,003A,Lovkó Csaba,235,235,1.0
43,TISZA,000Z,Göröghné Bocskai Éva,003B,Tóth Norbert,228,228,1.0
43,TISZA,000Z,Göröghné Bocskai Éva,003C,Dr. Balatincz Péter,177,177,1.0
43,TISZA,000Z,Göröghné Bocskai Éva,003D,Járosi Péter,236,236,1.0
43,TISZA,000Z,Göröghné Bocskai Éva,003E,Gombár Dávid,233,233,1.0
43,TISZA,000Z,Göröghné Bocskai Éva,003F,Szakács Péter Lajos,236,236,1.0
43,TISZA,000Z,Göröghné Bocskai Éva,003G,Dr. Dicső Viktória,229,229,1.0
43,TISZA,000Z,Göröghné Bocskai Éva,003H,Czakó Czirbus Pál,231,231,1.0
43,TISZA,000Z,Göröghné Bocskai Éva,003I,Dr. Németh Csilla,229,228,0.9956331877729258
43,TISZA,000Z,Göröghné Bocskai Éva,003J,Dr. Kovács Gyula,235,235,1.0
43,TISZA,000Z,Göröghné Bocskai Éva,003K,Horváth Nándor Zsolt,235,235,1.0
43,TISZA,000Z,Göröghné Bocskai Éva,003L,Kapronczai Balázs,234,234,1.0
43,TISZA,000Z,Göröghné Bocskai Éva,003M,Dr. Juhász Áron,233,233,1.0
43,TISZA,000Z,Göröghné Bocskai Éva,003N,Kiss János,221,221,1.0
43,TISZA,000Z,Göröghné Bocskai Éva,003O,Gyömbér Dávid,234,234,1.0
43,TISZA,000Z,Göröghné Bocskai Éva,003P,Havasi Balázs,226,226,1.0
43,TISZA,000Z,Göröghné Bocskai Éva,003Q,Dr. Kovács Áron,234,234,1.0
43,TISZA,000Z,Göröghné Bocskai Éva,003R,Csiszár Béla,235,235,1.0
43,TISZA,000Z,Göröghné Bocskai Éva,003S,Dr. Szijjártó Gábor,234,234,1.0
43,TISZA,000Z,Göröghné Bocskai Éva,003T,Rápli Róbert,227,226,0.9955947136563876
43,TISZA,000Z,Göröghné Bocskai Éva,003U,Ujvári Szilvia,236,235,0.9957627118644068
43,TISZA,000Z,Göröghné Bocskai Éva,003V,Dr. Farkas Csongor,236,236,1.0
43,TISZA,000Z,Göröghné Bocskai Éva,003W,Csák László,233,233,1.0
43,TISZA,000Z,Göröghné Bocskai Éva,003X,Néher András,233,233,1.0
43,TISZA,000Z,Göröghné Bocskai Éva,003Y,Bárkányi Bence,236,236,1.0
43,TISZA,000Z,Göröghné Bocskai Éva,003Z,Ferenczi Gábor,235,235,1.0
43,TISZA,000Z,Göröghné Bocskai Éva,0040,Dr. Nagy Márta,235,235,1.0
43,TISZA,000Z,Göröghné Bocskai Éva,0041,Dr. Gáspár Levente,235,235,1.0
43,TISZA,000Z,Göröghné Bocskai Éva,0042,Dr. Hallerné Dr. Nagy Anikó,226,226,1.0
43,TISZA,000Z,Göröghné Bocskai Éva,0043,Dr. Bihari Zoltán,231,226,0.9783549783549783
43,TISZA,000Z,Göröghné Bocskai Éva,0044,Lontay László,227,227,1.0
43,TISZA,000Z,Göröghné Bocskai Éva,0045,Cseh Tamás,233,231,0.9914163090128756
43,TISZA,000Z,Göröghné Bocskai Éva,0046,Benke József,235,235,1.0
43,TISZA,000Z,Göröghné Bocskai Éva,0047,Hatala-Orosz Csaba,234,233,0.9957264957264957
43,TISZA,000Z,Göröghné Bocskai Éva,0048,Rózsahegyi Áron,219,219,1.0
43,TISZA,000Z,Göröghné Bocskai Éva,0049,Dr. Czipa András,178,178,1.0
43,TISZA,000Z,Göröghné Bocskai Éva,004A,Juhász Roland Csongor,236,236,1.0
43,TISZA,000Z,Göröghné Bocskai Éva,004B,Karsai-Juhász Katalin,228,228,1.0
43,TISZA,000Z,Göröghné Bocskai Éva,004C,Judák Zsolt,235,233,0.9914893617021276
43,TISZA,000Z,Göröghné Bocskai Éva,004D,Polgár György,236,236,1.0
43,TISZA,000Z,Göröghné Bocskai Éva,004E,Tárkányi Zsolt,227,226,0.9955947136563876
43,TISZA,000Z,Göröghné Bocskai Éva,004F,Dr. Stumpf Péter,236,235,0.9957627118644068
43,TISZA,000Z,Göröghné Bocskai Éva,004G,Gajda Attila,234,232,0.9914529914529915
43,TISZA,000Z,Göröghné Bocskai Éva,004H,Molnár János,235,235,1.0
43,TISZA,000Z,Göröghné Bocskai Éva,k122,Kármán András,215,214,0.9953488372093023
43,TISZA,000Z,Göröghné Bocskai Éva,m076,Magyar Péter,181,181,1.0
43,TISZA,000Z,Göröghné Bocskai Éva,t067,Tarr Zoltán,215,212,0.986046511627907
43,TISZA,0010,Dr. Ruszin-Szendi Romulusz,0011,Dr. Jakab Zsuzsanna,215,215,1.0
43,TISZA,0010,Dr. Ruszin-Szendi Romulusz,0012,Nagy Ervin,203,203,1.0
43,TISZA,0010,Dr. Ruszin-Szendi Romulusz,0013,Szűcs Dóra,215,215,1.0
43,TISZA,0010,Dr. Ruszin-Szendi Romulusz,0014,Velkey György László,204,204,1.0
43,TISZA,0010,Dr. Ruszin-Szendi Romulusz,0016,Kulcsár Krisztián,217,217,1.0
43,TISZA,0010,Dr. Ruszin-Szendi Romulusz,0017,Melléthei-Barna Márton,202,198,0.9801980198019802
43,TISZA,0010,Dr. Ruszin-Szendi Romulusz,0018,Jójárt Erika,208,208,1.0
43,TISZA,0010,Dr. Ruszin-Szendi Romulusz,0019,Dr. Kátai-Németh Vilmos,206,204,0.9902912621359223
43,TISZA,0010,Dr. Ruszin-Szendi Romulusz,001A,Molnár Zoltán,208,208,1.0
43,TISZA,0010,Dr. Ruszin-Szendi Romulusz,001B,Dr. Kincse Csongor,217,217,1.0
43,TISZA,0010,Dr. Ruszin-Szendi Romulusz,001C,Borsós Gabriella,213,212,0.9953051643192489
43,TISZA,0010,Dr. Ruszin-Szendi Romulusz,001D,Szafkó Zoltán Péter,214,212,0.9906542056074766
43,TISZA,0010,Dr. Ruszin-Szendi Romulusz,001E,Kalázdi-Kerekes Kinga,195,195,1.0
43,TISZA,0010,Dr. Ruszin-Szendi Romulusz,001F,Gyuk Zsolt,217,217,1.0
43,TISZA,0010,Dr. Ruszin-Szendi Romulusz,001G,Schummer Orsolya,214,213,0.9953271028037384
43,TISZA,0010,Dr. Ruszin-Szendi Romulusz,001H,Varga Lőrinc Mihály,216,216,1.0
43,TISZA,0010,Dr. Ruszin-Szendi Romulusz,001I,Sóti Anikó Zsuzsanna,215,215,1.0
43,TISZA,0010,Dr. Ruszin-Szendi Romulusz,001J,Dr. Rák Richárd,216,216,1.0
43,TISZA,0010,Dr. Ruszin-Szendi Romulusz,001K,Hajdu Márton,161,159,0.9875776397515528
43,TISZA,0010,Dr. Ruszin-Szendi Romulusz,001L,Pásztor Anett,216,216,1.0
43,TISZA,0010,Dr. Ruszin-Szendi Romulusz,001M,Dr. Hantosi István,213,212,0.9953051643192489
43,TISZA,0010,Dr. Ruszin-Szendi Romulusz,001N,Gyöngyösi István,210,206,0.9809523809523809
43,TISZA,0010,Dr. Ruszin-Szendi Romulusz,001O,Dr. Sasi-Nagy Edit,217,217,1.0
43,TISZA,0010,Dr. Ruszin-Szendi Romulusz,001P,Balogh Mihály,205,205,1.0
43,TISZA,0010,Dr. Ruszin-Szendi Romulusz,001Q,Császár Martin,214,214,1.0
43,TISZA,0010,Dr. Ruszin-Szendi Romulusz,001R,Berki Ákos,215,214,0.9953488372093023
43,TISZA,0010,Dr. Ruszin-Szendi Romulusz,001S,Dr. Simon Krisztián Márk,216,216,1.0
43,TISZA,0010,Dr. Ruszin-Szendi Romulusz,001T,Tóth Tamás,209,209,1.0
43,TISZA,0010,Dr. Ruszin-Szendi Romulusz,001U,Kőszegi Krisztián,204,202,0.9901960784313726
43,TISZA,0010,Dr. Ruszin-Szendi Romulusz,001V,Dr. Kiss Máté Zsolt,216,215,0.9953703703703703
43,TISZA,0010,Dr. Ruszin-Szendi Romulusz,001W,Lukács Gábor,216,216,1.0
43,TISZA,0010,Dr. Ruszin-Szendi Romulusz,001X,Kaprinyák Tibor,217,217,1.0
43,TISZA,0010,Dr. Ruszin-Szendi Romulusz,001Y,Porcher Áron,217,217,1.0
43,TISZA,0010,Dr. Ruszin-Szendi Romulusz,001Z,Boda Nikoletta,213,213,1.0
43,TISZA,0010,Dr. Ruszin-Szendi Romulusz,0020,Dr. Koncz Áron,217,217,1.0
43,TISZA,0010,Dr. Ruszin-Szendi Romulusz,0021,László Endre Márton,217,216,0.9953917050691244
43,TISZA,0010,Dr. Ruszin-Szendi Romulusz,0022,Perticsné Kácsor Andrea,216,215,0.9953703703703703
43,TISZA,0010,Dr. Ruszin-Szendi Romulusz,0023,Tóthmajor Balázs,217,217,1.0
43,TISZA,0010,Dr. Ruszin-Szendi Romulusz,0024,Dr. Ruzsa Diána,216,213,0.9861111111111112
43,TISZA,0010,Dr. Ruszin-Szendi Romulusz,0025,Dr. Sopov Ildikó Éva,199,199,1.0
43,TISZA,0010,Dr. Ruszin-Szendi Romulusz,0026,Dr. Bódis Péter,213,209,0.9812206572769953
43,TISZA,0010,Dr. Ruszin-Szendi Romulusz,0027,Diószegi Judit,215,215,1.0
43,TISZA,0010,Dr. Ruszin-Szendi Romulusz,0028,Bodóczi István,217,217,1.0
43,TISZA,0010,Dr. Ruszin-Szendi Romulusz,0029,Müller Anna,217,216,0.9953917050691244
43,TISZA,0010,Dr. Ruszin-Szendi Romulusz,002A,Trompler Ildikó,214,211,0.985981308411215
43,TISZA,0010,Dr. Ruszin-Szendi Romulusz,002B,Dr. Miskolczi Orsolya,216,216,1.0
43,TISZA,0010,Dr. Ruszin-Szendi Romulusz,002C,Jelencsik József,210,210,1.0
43,TISZA,0010,Dr. Ruszin-Szendi Romulusz,002D,Dr. Szabó Alexandra,216,216,1.0
43,TISZA,0010,Dr. Ruszin-Szendi Romulusz,002E,Halmai Ferenc,200,200,1.0
43,TISZA,0010,Dr. Ruszin-Szendi Romulusz,002F,Dr. Bögi Viktória,207,204,0.9855072463768116
43,TISZA,0010,Dr. Ruszin-Szendi Romulusz,002G,Tompa Enikő,215,214,0.9953488372093023
43,TISZA,0010,Dr. Ruszin-Szendi Romulusz,002H,Dr. Gurzó Mária,216,216,1.0
43,TISZA,0010,Dr. Ruszin-Szendi Romulusz,002I,Dr. Lőrincz Viktória,208,206,0.9903846153846154
43,TISZA,0010,Dr. Ruszin-Szendi Romulusz,002J,Dr. Barna-Szabó Tímea,209,209,1.0
43,TISZA,0010,Dr. Ruszin-Szendi Romulusz,002K,Dr. Sárosi József,217,217,1.0
43,TISZA,0010,Dr. Ruszin-Szendi Romulusz,002L,Csatári Ernő,212,211,0.9952830188679245
43,TISZA,0010,Dr. Ruszin-Szendi Romulusz,002M,Bakos Csaba Attila,215,215,1.0
43,TISZA,0010,Dr. Ruszin-Szendi Romulusz,002N,Strompová Viktória,215,215,1.0
43,TISZA,0010,Dr. Ruszin-Szendi Romulusz,002O,Borics Mihály,212,212,1.0
43,TISZA,0010,Dr. Ruszin-Szendi Romulusz,002P,Csőszi Attila,216,214,0.9907407407407407
43,TISZA,0010,Dr. Ruszin-Szendi Romulusz,002Q,Veres Ádám,215,215,1.0
43,TISZA,0010,Dr. Ruszin-Szendi Romulusz,002R,Szabó Tibor,215,215,1.0
43,TISZA,0010,Dr. Ruszin-Szendi Romulusz,002S,Hende Máté,212,212,1.0
43,TISZA,0010,Dr. Ruszin-Szendi Romulusz,002T,Balajti István,215,215,1.0
43,TISZA,0010,Dr. Ruszin-Szendi Romulusz,002U,Muhari Gergely,209,209,1.0
43,TISZA,0010,Dr. Ruszin-Szendi Romulusz,002V,Weigand István,212,212,1.0
43,TISZA,0010,Dr. Ruszin-Szendi Romulusz,002W,Dr. Virágh Gabriella Mária,217,217,1.0
43,TISZA,0010,Dr. Ruszin-Szendi Romulusz,002X,Trentin Balázs,183,182,0.994535519125683
43,TISZA,0010,Dr. Ruszin-Szendi Romulusz,002Y,Szimon Renáta,197,197,1.0
43,TISZA,0010,Dr. Ruszin-Szendi Romulusz,002Z,Dr. Bilisics Zita,216,216,1.0
43,TISZA,0010,Dr. Ruszin-Szendi Romulusz,0030,Dr. Porpáczy Krisztina,213,213,1.0
43,TISZA,0010,Dr. Ruszin-Szendi Romulusz,0031,Bicskei László,216,216,1.0
43,TISZA,0010,Dr. Ruszin-Szendi Romulusz,0032,Dr. Árvay Nikolett,205,204,0.9951219512195122
43,TISZA,0010,Dr. Ruszin-Szendi Romulusz,0033,Varga Balázs,212,212,1.0
43,TISZA,0010,Dr. Ruszin-Szendi Romulusz,0034,Csontos Bence,215,213,0.9906976744186047
43,TISZA,0010,Dr. Ruszin-Szendi Romulusz,0035,Dr. Simon Zsuzsánna,209,209,1.0
43,TISZA,0010,Dr. Ruszin-Szendi Romulusz,0036,Ráki Zsolt,217,217,1.0
43,TISZA,0010,Dr. Ruszin-Szendi Romulusz,0037,Dr. Bóka Zsolt,212,211,0.9952830188679245
43,TISZA,0010,Dr. Ruszin-Szendi Romulusz,0038,Kovács Petra Judit,211,210,0.995260663507109
43,TISZA,0010,Dr. Ruszin-Szendi Romulusz,0039,Dr. Bugya László,217,217,1.0
43,TISZA,0010,Dr. Ruszin-Szendi Romulusz,003A,Lovkó Csaba,215,215,1.0
43,TISZA,0010,Dr. Ruszin-Szendi Romulusz,003B,Tóth Norbert,205,205,1.0
43,TISZA,0010,Dr. Ruszin-Szendi Romulusz,003C,Dr. Balatincz Péter,156,156,1.0
43,TISZA,0010,Dr. Ruszin-Szendi Romulusz,003D,Járosi Péter,217,217,1.0
43,TISZA,0010,Dr. Ruszin-Szendi Romulusz,003E,Gombár Dávid,213,213,1.0
43,TISZA,0010,Dr. Ruszin-Szendi Romulusz,003F,Szakács Péter Lajos,217,217,1.0
43,TISZA,0010,Dr. Ruszin-Szendi Romulusz,003G,Dr. Dicső Viktória,212,212,1.0
43,TISZA,0010,Dr. Ruszin-Szendi Romulusz,003H,Czakó Czirbus Pál,212,212,1.0
43,TISZA,0010,Dr. Ruszin-Szendi Romulusz,003I,Dr. Németh Csilla,211,210,0.995260663507109
43,TISZA,0010,Dr. Ruszin-Szendi Romulusz,003J,Dr. Kovács Gyula,216,216,1.0
43,TISZA,0010,Dr. Ruszin-Szendi Romulusz,003K,Horváth Nándor Zsolt,216,216,1.0
43,TISZA,0010,Dr. Ruszin-Szendi Romulusz,003L,Kapronczai Balázs,214,214,1.0
43,TISZA,0010,Dr. Ruszin-Szendi Romulusz,003M,Dr. Juhász Áron,214,214,1.0
43,TISZA,0010,Dr. Ruszin-Szendi Romulusz,003N,Kiss János,198,198,1.0
43,TISZA,0010,Dr. Ruszin-Szendi Romulusz,003O,Gyömbér Dávid,214,214,1.0
43,TISZA,0010,Dr. Ruszin-Szendi Romulusz,003P,Havasi Balázs,210,210,1.0
43,TISZA,0010,Dr. Ruszin-Szendi Romulusz,003Q,Dr. Kovács Áron,215,215,1.0
43,TISZA,0010,Dr. Ruszin-Szendi Romulusz,003R,Csiszár Béla,216,216,1.0
43,TISZA,0010,Dr. Ruszin-Szendi Romulusz,003S,Dr. Szijjártó Gábor,215,215,1.0
43,TISZA,0010,Dr. Ruszin-Szendi Romulusz,003T,Rápli Róbert,209,208,0.9952153110047847
43,TISZA,0010,Dr. Ruszin-Szendi Romulusz,003U,Ujvári Szilvia,217,216,0.9953917050691244
43,TISZA,0010,Dr. Ruszin-Szendi Romulusz,003V,Dr. Farkas Csongor,217,217,1.0
43,TISZA,0010,Dr. Ruszin-Szendi Romulusz,003W,Csák László,213,213,1.0
43,TISZA,0010,Dr. Ruszin-Szendi Romulusz,003X,Néher András,217,217,1.0
43,TISZA,0010,Dr. Ruszin-Szendi Romulusz,003Y,Bárkányi Bence,217,217,1.0
43,TISZA,0010,Dr. Ruszin-Szendi Romulusz,003Z,Ferenczi Gábor,215,215,1.0
43,TISZA,0010,Dr. Ruszin-Szendi Romulusz,0040,Dr. Nagy Márta,216,216,1.0
43,TISZA,0010,Dr. Ruszin-Szendi Romulusz,0041,Dr. Gáspár Levente,215,215,1.0
43,TISZA,0010,Dr. Ruszin-Szendi Romulusz,0042,Dr. Hallerné Dr. Nagy Anikó,206,205,0.9951456310679612
43,TISZA,0010,Dr. Ruszin-Szendi Romulusz,0043,Dr. Bihari Zoltán,212,208,0.9811320754716981
43,TISZA,0010,Dr. Ruszin-Szendi Romulusz,0044,Lontay László,208,208,1.0
43,TISZA,0010,Dr. Ruszin-Szendi Romulusz,0045,Cseh Tamás,212,210,0.9905660377358491
43,TISZA,0010,Dr. Ruszin-Szendi Romulusz,0046,Benke József,216,216,1.0
43,TISZA,0010,Dr. Ruszin-Szendi Romulusz,0047,Hatala-Orosz Csaba,215,214,0.9953488372093023
43,TISZA,0010,Dr. Ruszin-Szendi Romulusz,0048,Rózsahegyi Áron,204,204,1.0
43,TISZA,0010,Dr. Ruszin-Szendi Romulusz,0049,Dr. Czipa András,172,172,1.0
43,TISZA,0010,Dr. Ruszin-Szendi Romulusz,004A,Juhász Roland Csongor,217,217,1.0
43,TISZA,0010,Dr. Ruszin-Szendi Romulusz,004B,Karsai-Juhász Katalin,209,209,1.0
43,TISZA,0010,Dr. Ruszin-Szendi Romulusz,004C,Judák Zsolt,217,215,0.9907834101382489
43,TISZA,0010,Dr. Ruszin-Szendi Romulusz,004D,Polgár György,217,217,1.0
43,TISZA,0010,Dr. Ruszin-Szendi Romulusz,004E,Tárkányi Zsolt,206,205,0.9951456310679612
43,TISZA,0010,Dr. Ruszin-Szendi Romulusz,004F,Dr. Stumpf Péter,217,216,0.9953917050691244
43,TISZA,0010,Dr. Ruszin-Szendi Romulusz,004G,Gajda Attila,215,213,0.9906976744186047
43,TISZA,0010,Dr. Ruszin-Szendi Romulusz,004H,Molnár János,216,216,1.0
43,TISZA,0010,Dr. Ruszin-Szendi Romulusz,k122,Kármán András,193,192,0.9948186528497409
43,TISZA,0010,Dr. Ruszin-Szendi Romulusz,m076,Magyar Péter,173,173,1.0
43,TISZA,0010,Dr. Ruszin-Szendi Romulusz,t067,Tarr Zoltán,195,192,0.9846153846153847
43,TISZA,0011,Dr. Jakab Zsuzsanna,0012,Nagy Ervin,239,239,1.0
43,TISZA,0011,Dr. Jakab Zsuzsanna,0013,Szűcs Dóra,252,252,1.0
43,TISZA,0011,Dr. Jakab Zsuzsanna,0014,Velkey György László,242,242,1.0
43,TISZA,0011,Dr. Jakab Zsuzsanna,0016,Kulcsár Krisztián,254,254,1.0
43,TISZA,0011,Dr. Jakab Zsuzsanna,0017,Melléthei-Barna Márton,233,229,0.9828326180257511
43,TISZA,0011,Dr. Jakab Zsuzsanna,0018,Jójárt Erika,246,246,1.0
43,TISZA,0011,Dr. Jakab Zsuzsanna,0019,Dr. Kátai-Németh Vilmos,244,242,0.9918032786885246
43,TISZA,0011,Dr. Jakab Zsuzsanna,001A,Molnár Zoltán,245,245,1.0
43,TISZA,0011,Dr. Jakab Zsuzsanna,001B,Dr. Kincse Csongor,254,254,1.0
43,TISZA,0011,Dr. Jakab Zsuzsanna,001C,Borsós Gabriella,249,248,0.9959839357429718
43,TISZA,0011,Dr. Jakab Zsuzsanna,001D,Szafkó Zoltán Péter,250,248,0.992
43,TISZA,0011,Dr. Jakab Zsuzsanna,001E,Kalázdi-Kerekes Kinga,232,232,1.0
43,TISZA,0011,Dr. Jakab Zsuzsanna,001F,Gyuk Zsolt,254,254,1.0
43,TISZA,0011,Dr. Jakab Zsuzsanna,001G,Schummer Orsolya,251,250,0.9960159362549801
43,TISZA,0011,Dr. Jakab Zsuzsanna,001H,Varga Lőrinc Mihály,252,252,1.0
43,TISZA,0011,Dr. Jakab Zsuzsanna,001I,Sóti Anikó Zsuzsanna,251,251,1.0
43,TISZA,0011,Dr. Jakab Zsuzsanna,001J,Dr. Rák Richárd,249,249,1.0
43,TISZA,0011,Dr. Jakab Zsuzsanna,001K,Hajdu Márton,192,190,0.9895833333333334
43,TISZA,0011,Dr. Jakab Zsuzsanna,001L,Pásztor Anett,253,253,1.0
43,TISZA,0011,Dr. Jakab Zsuzsanna,001M,Dr. Hantosi István,247,246,0.9959514170040485
43,TISZA,0011,Dr. Jakab Zsuzsanna,001N,Gyöngyösi István,244,240,0.9836065573770492
43,TISZA,0011,Dr. Jakab Zsuzsanna,001O,Dr. Sasi-Nagy Edit,254,254,1.0
43,TISZA,0011,Dr. Jakab Zsuzsanna,001P,Balogh Mihály,226,226,1.0
43,TISZA,0011,Dr. Jakab Zsuzsanna,001Q,Császár Martin,251,251,1.0
43,TISZA,0011,Dr. Jakab Zsuzsanna,001R,Berki Ákos,252,251,0.996031746031746
43,TISZA,0011,Dr. Jakab Zsuzsanna,001S,Dr. Simon Krisztián Márk,252,252,1.0
43,TISZA,0011,Dr. Jakab Zsuzsanna,001T,Tóth Tamás,244,244,1.0
43,TISZA,0011,Dr. Jakab Zsuzsanna,001U,Kőszegi Krisztián,242,240,0.9917355371900827
43,TISZA,0011,Dr. Jakab Zsuzsanna,001V,Dr. Kiss Máté Zsolt,253,252,0.9960474308300395
43,TISZA,0011,Dr. Jakab Zsuzsanna,001W,Lukács Gábor,253,253,1.0
43,TISZA,0011,Dr. Jakab Zsuzsanna,001X,Kaprinyák Tibor,253,253,1.0
43,TISZA,0011,Dr. Jakab Zsuzsanna,001Y,Porcher Áron,252,252,1.0
43,TISZA,0011,Dr. Jakab Zsuzsanna,001Z,Boda Nikoletta,250,250,1.0
43,TISZA,0011,Dr. Jakab Zsuzsanna,0020,Dr. Koncz Áron,254,254,1.0
43,TISZA,0011,Dr. Jakab Zsuzsanna,0021,László Endre Márton,254,253,0.9960629921259843
43,TISZA,0011,Dr. Jakab Zsuzsanna,0022,Perticsné Kácsor Andrea,253,252,0.9960474308300395
43,TISZA,0011,Dr. Jakab Zsuzsanna,0023,Tóthmajor Balázs,254,254,1.0
43,TISZA,0011,Dr. Jakab Zsuzsanna,0024,Dr. Ruzsa Diána,252,249,0.9880952380952381
43,TISZA,0011,Dr. Jakab Zsuzsanna,0025,Dr. Sopov Ildikó Éva,233,233,1.0
43,TISZA,0011,Dr. Jakab Zsuzsanna,0026,Dr. Bódis Péter,249,245,0.9839357429718876
43,TISZA,0011,Dr. Jakab Zsuzsanna,0027,Diószegi Judit,252,252,1.0
43,TISZA,0011,Dr. Jakab Zsuzsanna,0028,Bodóczi István,254,254,1.0
43,TISZA,0011,Dr. Jakab Zsuzsanna,0029,Müller Anna,254,253,0.9960629921259843
43,TISZA,0011,Dr. Jakab Zsuzsanna,002A,Trompler Ildikó,249,246,0.9879518072289156
43,TISZA,0011,Dr. Jakab Zsuzsanna,002B,Dr. Miskolczi Orsolya,253,253,1.0
43,TISZA,0011,Dr. Jakab Zsuzsanna,002C,Jelencsik József,233,233,1.0
43,TISZA,0011,Dr. Jakab Zsuzsanna,002D,Dr. Szabó Alexandra,253,253,1.0
43,TISZA,0011,Dr. Jakab Zsuzsanna,002E,Halmai Ferenc,237,237,1.0
43,TISZA,0011,Dr. Jakab Zsuzsanna,002F,Dr. Bögi Viktória,244,241,0.9877049180327869
43,TISZA,0011,Dr. Jakab Zsuzsanna,002G,Tompa Enikő,252,251,0.996031746031746
43,TISZA,0011,Dr. Jakab Zsuzsanna,002H,Dr. Gurzó Mária,253,253,1.0
43,TISZA,0011,Dr. Jakab Zsuzsanna,002I,Dr. Lőrincz Viktória,242,240,0.9917355371900827
43,TISZA,0011,Dr. Jakab Zsuzsanna,002J,Dr. Barna-Szabó Tímea,245,245,1.0
43,TISZA,0011,Dr. Jakab Zsuzsanna,002K,Dr. Sárosi József,254,254,1.0
43,TISZA,0011,Dr. Jakab Zsuzsanna,002L,Csatári Ernő,249,248,0.9959839357429718
43,TISZA,0011,Dr. Jakab Zsuzsanna,002M,Bakos Csaba Attila,252,252,1.0
43,TISZA,0011,Dr. Jakab Zsuzsanna,002N,Strompová Viktória,252,252,1.0
43,TISZA,0011,Dr. Jakab Zsuzsanna,002O,Borics Mihály,247,247,1.0
43,TISZA,0011,Dr. Jakab Zsuzsanna,002P,Csőszi Attila,252,250,0.9920634920634921
43,TISZA,0011,Dr. Jakab Zsuzsanna,002Q,Veres Ádám,237,237,1.0
43,TISZA,0011,Dr. Jakab Zsuzsanna,002R,Szabó Tibor,251,251,1.0
43,TISZA,0011,Dr. Jakab Zsuzsanna,002S,Hende Máté,249,249,1.0
43,TISZA,0011,Dr. Jakab Zsuzsanna,002T,Balajti István,252,252,1.0
43,TISZA,0011,Dr. Jakab Zsuzsanna,002U,Muhari Gergely,245,245,1.0
43,TISZA,0011,Dr. Jakab Zsuzsanna,002V,Weigand István,246,246,1.0
43,TISZA,0011,Dr. Jakab Zsuzsanna,002W,Dr. Virágh Gabriella Mária,254,254,1.0
43,TISZA,0011,Dr. Jakab Zsuzsanna,002X,Trentin Balázs,217,216,0.9953917050691244
43,TISZA,0011,Dr. Jakab Zsuzsanna,002Y,Szimon Renáta,233,233,1.0
43,TISZA,0011,Dr. Jakab Zsuzsanna,002Z,Dr. Bilisics Zita,248,248,1.0
43,TISZA,0011,Dr. Jakab Zsuzsanna,0030,Dr. Porpáczy Krisztina,249,249,1.0
43,TISZA,0011,Dr. Jakab Zsuzsanna,0031,Bicskei László,253,253,1.0
43,TISZA,0011,Dr. Jakab Zsuzsanna,0032,Dr. Árvay Nikolett,242,241,0.9958677685950413
43,TISZA,0011,Dr. Jakab Zsuzsanna,0033,Varga Balázs,248,248,1.0
43,TISZA,0011,Dr. Jakab Zsuzsanna,0034,Csontos Bence,251,249,0.9920318725099602
43,TISZA,0011,Dr. Jakab Zsuzsanna,0035,Dr. Simon Zsuzsánna,244,244,1.0
43,TISZA,0011,Dr. Jakab Zsuzsanna,0036,Ráki Zsolt,254,254,1.0
43,TISZA,0011,Dr. Jakab Zsuzsanna,0037,Dr. Bóka Zsolt,248,247,0.9959677419354839
43,TISZA,0011,Dr. Jakab Zsuzsanna,0038,Kovács Petra Judit,249,248,0.9959839357429718
43,TISZA,0011,Dr. Jakab Zsuzsanna,0039,Dr. Bugya László,254,254,1.0
43,TISZA,0011,Dr. Jakab Zsuzsanna,003A,Lovkó Csaba,251,251,1.0
43,TISZA,0011,Dr. Jakab Zsuzsanna,003B,Tóth Norbert,242,242,1.0
43,TISZA,0011,Dr. Jakab Zsuzsanna,003C,Dr. Balatincz Péter,180,180,1.0
43,TISZA,0011,Dr. Jakab Zsuzsanna,003D,Járosi Péter,254,254,1.0
43,TISZA,0011,Dr. Jakab Zsuzsanna,003E,Gombár Dávid,250,250,1.0
43,TISZA,0011,Dr. Jakab Zsuzsanna,003F,Szakács Péter Lajos,254,254,1.0
43,TISZA,0011,Dr. Jakab Zsuzsanna,003G,Dr. Dicső Viktória,247,247,1.0
43,TISZA,0011,Dr. Jakab Zsuzsanna,003H,Czakó Czirbus Pál,249,249,1.0
43,TISZA,0011,Dr. Jakab Zsuzsanna,003I,Dr. Németh Csilla,246,245,0.9959349593495935
43,TISZA,0011,Dr. Jakab Zsuzsanna,003J,Dr. Kovács Gyula,253,253,1.0
43,TISZA,0011,Dr. Jakab Zsuzsanna,003K,Horváth Nándor Zsolt,253,253,1.0
43,TISZA,0011,Dr. Jakab Zsuzsanna,003L,Kapronczai Balázs,249,249,1.0
43,TISZA,0011,Dr. Jakab Zsuzsanna,003M,Dr. Juhász Áron,250,250,1.0
43,TISZA,0011,Dr. Jakab Zsuzsanna,003N,Kiss János,235,235,1.0
43,TISZA,0011,Dr. Jakab Zsuzsanna,003O,Gyömbér Dávid,251,251,1.0
43,TISZA,0011,Dr. Jakab Zsuzsanna,003P,Havasi Balázs,241,241,1.0
43,TISZA,0011,Dr. Jakab Zsuzsanna,003Q,Dr. Kovács Áron,252,252,1.0
43,TISZA,0011,Dr. Jakab Zsuzsanna,003R,Csiszár Béla,253,253,1.0
43,TISZA,0011,Dr. Jakab Zsuzsanna,003S,Dr. Szijjártó Gábor,251,251,1.0
43,TISZA,0011,Dr. Jakab Zsuzsanna,003T,Rápli Róbert,245,244,0.9959183673469387
43,TISZA,0011,Dr. Jakab Zsuzsanna,003U,Ujvári Szilvia,254,253,0.9960629921259843
43,TISZA,0011,Dr. Jakab Zsuzsanna,003V,Dr. Farkas Csongor,254,254,1.0
43,TISZA,0011,Dr. Jakab Zsuzsanna,003W,Csák László,250,250,1.0
43,TISZA,0011,Dr. Jakab Zsuzsanna,003X,Néher András,251,251,1.0
43,TISZA,0011,Dr. Jakab Zsuzsanna,003Y,Bárkányi Bence,254,254,1.0
43,TISZA,0011,Dr. Jakab Zsuzsanna,003Z,Ferenczi Gábor,252,252,1.0
43,TISZA,0011,Dr. Jakab Zsuzsanna,0040,Dr. Nagy Márta,252,252,1.0
43,TISZA,0011,Dr. Jakab Zsuzsanna,0041,Dr. Gáspár Levente,252,252,1.0
43,TISZA,0011,Dr. Jakab Zsuzsanna,0042,Dr. Hallerné Dr. Nagy Anikó,238,237,0.9957983193277311
43,TISZA,0011,Dr. Jakab Zsuzsanna,0043,Dr. Bihari Zoltán,249,244,0.9799196787148594
43,TISZA,0011,Dr. Jakab Zsuzsanna,0044,Lontay László,246,246,1.0
43,TISZA,0011,Dr. Jakab Zsuzsanna,0045,Cseh Tamás,249,247,0.9919678714859438
43,TISZA,0011,Dr. Jakab Zsuzsanna,0046,Benke József,253,253,1.0
43,TISZA,0011,Dr. Jakab Zsuzsanna,0047,Hatala-Orosz Csaba,252,251,0.996031746031746
43,TISZA,0011,Dr. Jakab Zsuzsanna,0048,Rózsahegyi Áron,236,236,1.0
43,TISZA,0011,Dr. Jakab Zsuzsanna,0049,Dr. Czipa András,195,195,1.0
43,TISZA,0011,Dr. Jakab Zsuzsanna,004A,Juhász Roland Csongor,254,254,1.0
43,TISZA,0011,Dr. Jakab Zsuzsanna,004B,Karsai-Juhász Katalin,244,244,1.0
43,TISZA,0011,Dr. Jakab Zsuzsanna,004C,Judák Zsolt,253,251,0.9920948616600791
43,TISZA,0011,Dr. Jakab Zsuzsanna,004D,Polgár György,254,254,1.0
43,TISZA,0011,Dr. Jakab Zsuzsanna,004E,Tárkányi Zsolt,242,241,0.9958677685950413
43,TISZA,0011,Dr. Jakab Zsuzsanna,004F,Dr. Stumpf Péter,254,253,0.9960629921259843
43,TISZA,0011,Dr. Jakab Zsuzsanna,004G,Gajda Attila,252,250,0.9920634920634921
43,TISZA,0011,Dr. Jakab Zsuzsanna,004H,Molnár János,253,253,1.0
43,TISZA,0011,Dr. Jakab Zsuzsanna,k122,Kármán András,226,225,0.995575221238938
43,TISZA,0011,Dr. Jakab Zsuzsanna,m076,Magyar Péter,188,188,1.0
43,TISZA,0011,Dr. Jakab Zsuzsanna,t067,Tarr Zoltán,227,224,0.986784140969163
43,TISZA,0012,Nagy Ervin,0013,Szűcs Dóra,240,240,1.0
43,TISZA,0012,Nagy Ervin,0014,Velkey György László,229,229,1.0
43,TISZA,0012,Nagy Ervin,0016,Kulcsár Krisztián,241,241,1.0
43,TISZA,0012,Nagy Ervin,0017,Melléthei-Barna Márton,222,218,0.9819819819819819
43,TISZA,0012,Nagy Ervin,0018,Jójárt Erika,234,234,1.0
43,TISZA,0012,Nagy Ervin,0019,Dr. Kátai-Németh Vilmos,230,228,0.991304347826087
43,TISZA,0012,Nagy Ervin,001A,Molnár Zoltán,233,233,1.0
43,TISZA,0012,Nagy Ervin,001B,Dr. Kincse Csongor,241,241,1.0
43,TISZA,0012,Nagy Ervin,001C,Borsós Gabriella,237,236,0.9957805907172996
43,TISZA,0012,Nagy Ervin,001D,Szafkó Zoltán Péter,238,236,0.9915966386554622
43,TISZA,0012,Nagy Ervin,001E,Kalázdi-Kerekes Kinga,219,219,1.0
43,TISZA,0012,Nagy Ervin,001F,Gyuk Zsolt,241,241,1.0
43,TISZA,0012,Nagy Ervin,001G,Schummer Orsolya,238,237,0.9957983193277311
43,TISZA,0012,Nagy Ervin,001H,Varga Lőrinc Mihály,239,239,1.0
43,TISZA,0012,Nagy Ervin,001I,Sóti Anikó Zsuzsanna,238,238,1.0
43,TISZA,0012,Nagy Ervin,001J,Dr. Rák Richárd,236,236,1.0
43,TISZA,0012,Nagy Ervin,001K,Hajdu Márton,181,179,0.988950276243094
43,TISZA,0012,Nagy Ervin,001L,Pásztor Anett,241,241,1.0
43,TISZA,0012,Nagy Ervin,001M,Dr. Hantosi István,235,234,0.9957446808510638
43,TISZA,0012,Nagy Ervin,001N,Gyöngyösi István,234,230,0.9829059829059829
43,TISZA,0012,Nagy Ervin,001O,Dr. Sasi-Nagy Edit,241,241,1.0
43,TISZA,0012,Nagy Ervin,001P,Balogh Mihály,217,217,1.0
43,TISZA,0012,Nagy Ervin,001Q,Császár Martin,240,240,1.0
43,TISZA,0012,Nagy Ervin,001R,Berki Ákos,241,240,0.995850622406639
43,TISZA,0012,Nagy Ervin,001S,Dr. Simon Krisztián Márk,240,240,1.0
43,TISZA,0012,Nagy Ervin,001T,Tóth Tamás,232,232,1.0
43,TISZA,0012,Nagy Ervin,001U,Kőszegi Krisztián,230,229,0.9956521739130435
43,TISZA,0012,Nagy Ervin,001V,Dr. Kiss Máté Zsolt,241,240,0.995850622406639
43,TISZA,0012,Nagy Ervin,001W,Lukács Gábor,239,239,1.0
43,TISZA,0012,Nagy Ervin,001X,Kaprinyák Tibor,240,240,1.0
43,TISZA,0012,Nagy Ervin,001Y,Porcher Áron,239,239,1.0
43,TISZA,0012,Nagy Ervin,001Z,Boda Nikoletta,237,237,1.0
43,TISZA,0012,Nagy Ervin,0020,Dr. Koncz Áron,241,241,1.0
43,TISZA,0012,Nagy Ervin,0021,László Endre Márton,241,240,0.995850622406639
43,TISZA,0012,Nagy Ervin,0022,Perticsné Kácsor Andrea,241,240,0.995850622406639
43,TISZA,0012,Nagy Ervin,0023,Tóthmajor Balázs,241,241,1.0
43,TISZA,0012,Nagy Ervin,0024,Dr. Ruzsa Diána,239,237,0.9916317991631799
43,TISZA,0012,Nagy Ervin,0025,Dr. Sopov Ildikó Éva,220,220,1.0
43,TISZA,0012,Nagy Ervin,0026,Dr. Bódis Péter,238,234,0.9831932773109243
43,TISZA,0012,Nagy Ervin,0027,Diószegi Judit,240,240,1.0
43,TISZA,0012,Nagy Ervin,0028,Bodóczi István,241,241,1.0
43,TISZA,0012,Nagy Ervin,0029,Müller Anna,241,240,0.995850622406639
43,TISZA,0012,Nagy Ervin,002A,Trompler Ildikó,237,234,0.9873417721518988
43,TISZA,0012,Nagy Ervin,002B,Dr. Miskolczi Orsolya,241,241,1.0
43,TISZA,0012,Nagy Ervin,002C,Jelencsik József,220,220,1.0
43,TISZA,0012,Nagy Ervin,002D,Dr. Szabó Alexandra,241,241,1.0
43,TISZA,0012,Nagy Ervin,002E,Halmai Ferenc,223,223,1.0
43,TISZA,0012,Nagy Ervin,002F,Dr. Bögi Viktória,233,230,0.9871244635193133
43,TISZA,0012,Nagy Ervin,002G,Tompa Enikő,241,240,0.995850622406639
43,TISZA,0012,Nagy Ervin,002H,Dr. Gurzó Mária,240,240,1.0
43,TISZA,0012,Nagy Ervin,002I,Dr. Lőrincz Viktória,233,232,0.9957081545064378
43,TISZA,0012,Nagy Ervin,002J,Dr. Barna-Szabó Tímea,234,234,1.0
43,TISZA,0012,Nagy Ervin,002K,Dr. Sárosi József,241,241,1.0
43,TISZA,0012,Nagy Ervin,002L,Csatári Ernő,237,236,0.9957805907172996
43,TISZA,0012,Nagy Ervin,002M,Bakos Csaba Attila,239,239,1.0
43,TISZA,0012,Nagy Ervin,002N,Strompová Viktória,240,240,1.0
43,TISZA,0012,Nagy Ervin,002O,Borics Mihály,235,235,1.0
43,TISZA,0012,Nagy Ervin,002P,Csőszi Attila,239,237,0.9916317991631799
43,TISZA,0012,Nagy Ervin,002Q,Veres Ádám,223,223,1.0
43,TISZA,0012,Nagy Ervin,002R,Szabó Tibor,239,239,1.0
43,TISZA,0012,Nagy Ervin,002S,Hende Máté,235,235,1.0
43,TISZA,0012,Nagy Ervin,002T,Balajti István,240,240,1.0
43,TISZA,0012,Nagy Ervin,002U,Muhari Gergely,233,233,1.0
43,TISZA,0012,Nagy Ervin,002V,Weigand István,233,233,1.0
43,TISZA,0012,Nagy Ervin,002W,Dr. Virágh Gabriella Mária,241,241,1.0
43,TISZA,0012,Nagy Ervin,002X,Trentin Balázs,206,205,0.9951456310679612
43,TISZA,0012,Nagy Ervin,002Y,Szimon Renáta,220,220,1.0
43,TISZA,0012,Nagy Ervin,002Z,Dr. Bilisics Zita,236,236,1.0
43,TISZA,0012,Nagy Ervin,0030,Dr. Porpáczy Krisztina,240,240,1.0
43,TISZA,0012,Nagy Ervin,0031,Bicskei László,240,240,1.0
43,TISZA,0012,Nagy Ervin,0032,Dr. Árvay Nikolett,229,228,0.9956331877729258
43,TISZA,0012,Nagy Ervin,0033,Varga Balázs,235,235,1.0
43,TISZA,0012,Nagy Ervin,0034,Csontos Bence,238,236,0.9915966386554622
43,TISZA,0012,Nagy Ervin,0035,Dr. Simon Zsuzsánna,234,234,1.0
43,TISZA,0012,Nagy Ervin,0036,Ráki Zsolt,241,241,1.0
43,TISZA,0012,Nagy Ervin,0037,Dr. Bóka Zsolt,236,235,0.9957627118644068
43,TISZA,0012,Nagy Ervin,0038,Kovács Petra Judit,238,237,0.9957983193277311
43,TISZA,0012,Nagy Ervin,0039,Dr. Bugya László,241,241,1.0
43,TISZA,0012,Nagy Ervin,003A,Lovkó Csaba,239,239,1.0
43,TISZA,0012,Nagy Ervin,003B,Tóth Norbert,232,232,1.0
43,TISZA,0012,Nagy Ervin,003C,Dr. Balatincz Péter,168,168,1.0
43,TISZA,0012,Nagy Ervin,003D,Járosi Péter,241,241,1.0
43,TISZA,0012,Nagy Ervin,003E,Gombár Dávid,238,238,1.0
43,TISZA,0012,Nagy Ervin,003F,Szakács Péter Lajos,241,241,1.0
43,TISZA,0012,Nagy Ervin,003G,Dr. Dicső Viktória,238,238,1.0
43,TISZA,0012,Nagy Ervin,003H,Czakó Czirbus Pál,236,236,1.0
43,TISZA,0012,Nagy Ervin,003I,Dr. Németh Csilla,234,233,0.9957264957264957
43,TISZA,0012,Nagy Ervin,003J,Dr. Kovács Gyula,240,240,1.0
43,TISZA,0012,Nagy Ervin,003K,Horváth Nándor Zsolt,241,241,1.0
43,TISZA,0012,Nagy Ervin,003L,Kapronczai Balázs,236,236,1.0
43,TISZA,0012,Nagy Ervin,003M,Dr. Juhász Áron,238,238,1.0
43,TISZA,0012,Nagy Ervin,003N,Kiss János,227,227,1.0
43,TISZA,0012,Nagy Ervin,003O,Gyömbér Dávid,239,239,1.0
43,TISZA,0012,Nagy Ervin,003P,Havasi Balázs,230,230,1.0
43,TISZA,0012,Nagy Ervin,003Q,Dr. Kovács Áron,240,240,1.0
43,TISZA,0012,Nagy Ervin,003R,Csiszár Béla,241,241,1.0
43,TISZA,0012,Nagy Ervin,003S,Dr. Szijjártó Gábor,239,239,1.0
43,TISZA,0012,Nagy Ervin,003T,Rápli Róbert,232,232,1.0
43,TISZA,0012,Nagy Ervin,003U,Ujvári Szilvia,241,240,0.995850622406639
43,TISZA,0012,Nagy Ervin,003V,Dr. Farkas Csongor,241,241,1.0
43,TISZA,0012,Nagy Ervin,003W,Csák László,238,238,1.0
43,TISZA,0012,Nagy Ervin,003X,Néher András,238,238,1.0
43,TISZA,0012,Nagy Ervin,003Y,Bárkányi Bence,241,241,1.0
43,TISZA,0012,Nagy Ervin,003Z,Ferenczi Gábor,240,240,1.0
43,TISZA,0012,Nagy Ervin,0040,Dr. Nagy Márta,239,239,1.0
43,TISZA,0012,Nagy Ervin,0041,Dr. Gáspár Levente,240,240,1.0
43,TISZA,0012,Nagy Ervin,0042,Dr. Hallerné Dr. Nagy Anikó,226,225,0.995575221238938
43,TISZA,0012,Nagy Ervin,0043,Dr. Bihari Zoltán,237,233,0.9831223628691983
43,TISZA,0012,Nagy Ervin,0044,Lontay László,235,235,1.0
43,TISZA,0012,Nagy Ervin,0045,Cseh Tamás,237,236,0.9957805907172996
43,TISZA,0012,Nagy Ervin,0046,Benke József,241,241,1.0
43,TISZA,0012,Nagy Ervin,0047,Hatala-Orosz Csaba,241,240,0.995850622406639
43,TISZA,0012,Nagy Ervin,0048,Rózsahegyi Áron,228,228,1.0
43,TISZA,0012,Nagy Ervin,0049,Dr. Czipa András,187,187,1.0
43,TISZA,0012,Nagy Ervin,004A,Juhász Roland Csongor,241,241,1.0
43,TISZA,0012,Nagy Ervin,004B,Karsai-Juhász Katalin,232,232,1.0
43,TISZA,0012,Nagy Ervin,004C,Judák Zsolt,240,238,0.9916666666666667
43,TISZA,0012,Nagy Ervin,004D,Polgár György,241,241,1.0
43,TISZA,0012,Nagy Ervin,004E,Tárkányi Zsolt,233,232,0.9957081545064378
43,TISZA,0012,Nagy Ervin,004F,Dr. Stumpf Péter,241,241,1.0
43,TISZA,0012,Nagy Ervin,004G,Gajda Attila,239,237,0.9916317991631799
43,TISZA,0012,Nagy Ervin,004H,Molnár János,241,241,1.0
43,TISZA,0012,Nagy Ervin,k122,Kármán András,217,216,0.9953917050691244
43,TISZA,0012,Nagy Ervin,m076,Magyar Péter,184,184,1.0
43,TISZA,0012,Nagy Ervin,t067,Tarr Zoltán,221,219,0.9909502262443439
43,TISZA,0013,Szűcs Dóra,0014,Velkey György László,242,242,1.0
43,TISZA,0013,Szűcs Dóra,0016,Kulcsár Krisztián,254,254,1.0
43,TISZA,0013,Szűcs Dóra,0017,Melléthei-Barna Márton,233,230,0.9871244635193133
43,TISZA,0013,Szűcs Dóra,0018,Jójárt Erika,245,245,1.0
43,TISZA,0013,Szűcs Dóra,0019,Dr. Kátai-Németh Vilmos,243,241,0.9917695473251029
43,TISZA,0013,Szűcs Dóra,001A,Molnár Zoltán,245,245,1.0
43,TISZA,0013,Szűcs Dóra,001B,Dr. Kincse Csongor,254,254,1.0
43,TISZA,0013,Szűcs Dóra,001C,Borsós Gabriella,249,248,0.9959839357429718
43,TISZA,0013,Szűcs Dóra,001D,Szafkó Zoltán Péter,250,249,0.996
43,TISZA,0013,Szűcs Dóra,001E,Kalázdi-Kerekes Kinga,232,232,1.0
43,TISZA,0013,Szűcs Dóra,001F,Gyuk Zsolt,254,254,1.0
43,TISZA,0013,Szűcs Dóra,001G,Schummer Orsolya,250,249,0.996
43,TISZA,0013,Szűcs Dóra,001H,Varga Lőrinc Mihály,252,252,1.0
43,TISZA,0013,Szűcs Dóra,001I,Sóti Anikó Zsuzsanna,252,252,1.0
43,TISZA,0013,Szűcs Dóra,001J,Dr. Rák Richárd,249,249,1.0
43,TISZA,0013,Szűcs Dóra,001K,Hajdu Márton,192,190,0.9895833333333334
43,TISZA,0013,Szűcs Dóra,001L,Pásztor Anett,253,253,1.0
43,TISZA,0013,Szűcs Dóra,001M,Dr. Hantosi István,247,246,0.9959514170040485
43,TISZA,0013,Szűcs Dóra,001N,Gyöngyösi István,245,242,0.9877551020408163
43,TISZA,0013,Szűcs Dóra,001O,Dr. Sasi-Nagy Edit,254,254,1.0
43,TISZA,0013,Szűcs Dóra,001P,Balogh Mihály,228,228,1.0
43,TISZA,0013,Szűcs Dóra,001Q,Császár Martin,252,252,1.0
43,TISZA,0013,Szűcs Dóra,001R,Berki Ákos,252,251,0.996031746031746
43,TISZA,0013,Szűcs Dóra,001S,Dr. Simon Krisztián Márk,252,252,1.0
43,TISZA,0013,Szűcs Dóra,001T,Tóth Tamás,244,244,1.0
43,TISZA,0013,Szűcs Dóra,001U,Kőszegi Krisztián,241,239,0.991701244813278
43,TISZA,0013,Szűcs Dóra,001V,Dr. Kiss Máté Zsolt,253,252,0.9960474308300395
43,TISZA,0013,Szűcs Dóra,001W,Lukács Gábor,252,252,1.0
43,TISZA,0013,Szűcs Dóra,001X,Kaprinyák Tibor,253,253,1.0
43,TISZA,0013,Szűcs Dóra,001Y,Porcher Áron,252,252,1.0
43,TISZA,0013,Szűcs Dóra,001Z,Boda Nikoletta,250,250,1.0
43,TISZA,0013,Szűcs Dóra,0020,Dr. Koncz Áron,254,254,1.0
43,TISZA,0013,Szűcs Dóra,0021,László Endre Márton,254,253,0.9960629921259843
43,TISZA,0013,Szűcs Dóra,0022,Perticsné Kácsor Andrea,254,254,1.0
43,TISZA,0013,Szűcs Dóra,0023,Tóthmajor Balázs,254,254,1.0
43,TISZA,0013,Szűcs Dóra,0024,Dr. Ruzsa Diána,252,250,0.9920634920634921
43,TISZA,0013,Szűcs Dóra,0025,Dr. Sopov Ildikó Éva,232,232,1.0
43,TISZA,0013,Szűcs Dóra,0026,Dr. Bódis Péter,248,245,0.9879032258064516
43,TISZA,0013,Szűcs Dóra,0027,Diószegi Judit,253,253,1.0
43,TISZA,0013,Szűcs Dóra,0028,Bodóczi István,254,254,1.0
43,TISZA,0013,Szűcs Dóra,0029,Müller Anna,254,254,1.0
43,TISZA,0013,Szűcs Dóra,002A,Trompler Ildikó,249,247,0.9919678714859438
43,TISZA,0013,Szűcs Dóra,002B,Dr. Miskolczi Orsolya,253,253,1.0
43,TISZA,0013,Szűcs Dóra,002C,Jelencsik József,233,233,1.0
43,TISZA,0013,Szűcs Dóra,002D,Dr. Szabó Alexandra,253,253,1.0
43,TISZA,0013,Szűcs Dóra,002E,Halmai Ferenc,236,236,1.0
43,TISZA,0013,Szűcs Dóra,002F,Dr. Bögi Viktória,245,243,0.9918367346938776
43,TISZA,0013,Szűcs Dóra,002G,Tompa Enikő,253,253,1.0
43,TISZA,0013,Szűcs Dóra,002H,Dr. Gurzó Mária,253,253,1.0
43,TISZA,0013,Szűcs Dóra,002I,Dr. Lőrincz Viktória,243,241,0.9917695473251029
43,TISZA,0013,Szűcs Dóra,002J,Dr. Barna-Szabó Tímea,245,245,1.0
43,TISZA,0013,Szűcs Dóra,002K,Dr. Sárosi József,254,254,1.0
43,TISZA,0013,Szűcs Dóra,002L,Csatári Ernő,249,248,0.9959839357429718
43,TISZA,0013,Szűcs Dóra,002M,Bakos Csaba Attila,252,252,1.0
43,TISZA,0013,Szűcs Dóra,002N,Strompová Viktória,253,253,1.0
43,TISZA,0013,Szűcs Dóra,002O,Borics Mihály,247,247,1.0
43,TISZA,0013,Szűcs Dóra,002P,Csőszi Attila,252,251,0.996031746031746
43,TISZA,0013,Szűcs Dóra,002Q,Veres Ádám,236,236,1.0
43,TISZA,0013,Szűcs Dóra,002R,Szabó Tibor,251,251,1.0
43,TISZA,0013,Szűcs Dóra,002S,Hende Máté,248,248,1.0
43,TISZA,0013,Szűcs Dóra,002T,Balajti István,252,252,1.0
43,TISZA,0013,Szűcs Dóra,002U,Muhari Gergely,245,245,1.0
43,TISZA,0013,Szűcs Dóra,002V,Weigand István,246,246,1.0
43,TISZA,0013,Szűcs Dóra,002W,Dr. Virágh Gabriella Mária,254,254,1.0
43,TISZA,0013,Szűcs Dóra,002X,Trentin Balázs,217,216,0.9953917050691244
43,TISZA,0013,Szűcs Dóra,002Y,Szimon Renáta,233,233,1.0
43,TISZA,0013,Szűcs Dóra,002Z,Dr. Bilisics Zita,248,248,1.0
43,TISZA,0013,Szűcs Dóra,0030,Dr. Porpáczy Krisztina,250,250,1.0
43,TISZA,0013,Szűcs Dóra,0031,Bicskei László,253,253,1.0
43,TISZA,0013,Szűcs Dóra,0032,Dr. Árvay Nikolett,243,242,0.9958847736625515
43,TISZA,0013,Szűcs Dóra,0033,Varga Balázs,248,248,1.0
43,TISZA,0013,Szűcs Dóra,0034,Csontos Bence,252,250,0.9920634920634921
43,TISZA,0013,Szűcs Dóra,0035,Dr. Simon Zsuzsánna,244,244,1.0
43,TISZA,0013,Szűcs Dóra,0036,Ráki Zsolt,254,254,1.0
43,TISZA,0013,Szűcs Dóra,0037,Dr. Bóka Zsolt,248,247,0.9959677419354839
43,TISZA,0013,Szűcs Dóra,0038,Kovács Petra Judit,250,249,0.996
43,TISZA,0013,Szűcs Dóra,0039,Dr. Bugya László,254,254,1.0
43,TISZA,0013,Szűcs Dóra,003A,Lovkó Csaba,251,251,1.0
43,TISZA,0013,Szűcs Dóra,003B,Tóth Norbert,244,244,1.0
43,TISZA,0013,Szűcs Dóra,003C,Dr. Balatincz Péter,179,179,1.0
43,TISZA,0013,Szűcs Dóra,003D,Járosi Péter,254,254,1.0
43,TISZA,0013,Szűcs Dóra,003E,Gombár Dávid,250,250,1.0
43,TISZA,0013,Szűcs Dóra,003F,Szakács Péter Lajos,254,254,1.0
43,TISZA,0013,Szűcs Dóra,003G,Dr. Dicső Viktória,248,248,1.0
43,TISZA,0013,Szűcs Dóra,003H,Czakó Czirbus Pál,250,250,1.0
43,TISZA,0013,Szűcs Dóra,003I,Dr. Németh Csilla,246,245,0.9959349593495935
43,TISZA,0013,Szűcs Dóra,003J,Dr. Kovács Gyula,253,253,1.0
43,TISZA,0013,Szűcs Dóra,003K,Horváth Nándor Zsolt,254,254,1.0
43,TISZA,0013,Szűcs Dóra,003L,Kapronczai Balázs,249,249,1.0
43,TISZA,0013,Szűcs Dóra,003M,Dr. Juhász Áron,250,250,1.0
43,TISZA,0013,Szűcs Dóra,003N,Kiss János,235,235,1.0
43,TISZA,0013,Szűcs Dóra,003O,Gyömbér Dávid,251,251,1.0
43,TISZA,0013,Szűcs Dóra,003P,Havasi Balázs,241,241,1.0
43,TISZA,0013,Szűcs Dóra,003Q,Dr. Kovács Áron,252,252,1.0
43,TISZA,0013,Szűcs Dóra,003R,Csiszár Béla,253,253,1.0
43,TISZA,0013,Szűcs Dóra,003S,Dr. Szijjártó Gábor,251,251,1.0
43,TISZA,0013,Szűcs Dóra,003T,Rápli Róbert,245,244,0.9959183673469387
43,TISZA,0013,Szűcs Dóra,003U,Ujvári Szilvia,254,253,0.9960629921259843
43,TISZA,0013,Szűcs Dóra,003V,Dr. Farkas Csongor,254,254,1.0
43,TISZA,0013,Szűcs Dóra,003W,Csák László,250,250,1.0
43,TISZA,0013,Szűcs Dóra,003X,Néher András,251,251,1.0
43,TISZA,0013,Szűcs Dóra,003Y,Bárkányi Bence,254,254,1.0
43,TISZA,0013,Szűcs Dóra,003Z,Ferenczi Gábor,252,252,1.0
43,TISZA,0013,Szűcs Dóra,0040,Dr. Nagy Márta,252,252,1.0
43,TISZA,0013,Szűcs Dóra,0041,Dr. Gáspár Levente,252,252,1.0
43,TISZA,0013,Szűcs Dóra,0042,Dr. Hallerné Dr. Nagy Anikó,239,238,0.99581589958159
43,TISZA,0013,Szűcs Dóra,0043,Dr. Bihari Zoltán,249,244,0.9799196787148594
43,TISZA,0013,Szűcs Dóra,0044,Lontay László,246,246,1.0
43,TISZA,0013,Szűcs Dóra,0045,Cseh Tamás,249,247,0.9919678714859438
43,TISZA,0013,Szűcs Dóra,0046,Benke József,253,253,1.0
43,TISZA,0013,Szűcs Dóra,0047,Hatala-Orosz Csaba,252,252,1.0
43,TISZA,0013,Szűcs Dóra,0048,Rózsahegyi Áron,236,236,1.0
43,TISZA,0013,Szűcs Dóra,0049,Dr. Czipa András,194,194,1.0
43,TISZA,0013,Szűcs Dóra,004A,Juhász Roland Csongor,254,254,1.0
43,TISZA,0013,Szűcs Dóra,004B,Karsai-Juhász Katalin,244,244,1.0
43,TISZA,0013,Szűcs Dóra,004C,Judák Zsolt,253,251,0.9920948616600791
43,TISZA,0013,Szűcs Dóra,004D,Polgár György,254,254,1.0
43,TISZA,0013,Szűcs Dóra,004E,Tárkányi Zsolt,242,241,0.9958677685950413
43,TISZA,0013,Szűcs Dóra,004F,Dr. Stumpf Péter,254,253,0.9960629921259843
43,TISZA,0013,Szűcs Dóra,004G,Gajda Attila,252,251,0.996031746031746
43,TISZA,0013,Szűcs Dóra,004H,Molnár János,253,253,1.0
43,TISZA,0013,Szűcs Dóra,k122,Kármán András,226,225,0.995575221238938
43,TISZA,0013,Szűcs Dóra,m076,Magyar Péter,189,189,1.0
43,TISZA,0013,Szűcs Dóra,t067,Tarr Zoltán,228,225,0.9868421052631579
43,TISZA,0014,Velkey György László,0016,Kulcsár Krisztián,243,243,1.0
43,TISZA,0014,Velkey György László,0017,Melléthei-Barna Márton,227,226,0.9955947136563876
43,TISZA,0014,Velkey György László,0018,Jójárt Erika,238,238,1.0
43,TISZA,0014,Velkey György László,0019,Dr. Kátai-Németh Vilmos,238,237,0.9957983193277311
43,TISZA,0014,Velkey György László,001A,Molnár Zoltán,240,240,1.0
43,TISZA,0014,Velkey György László,001B,Dr. Kincse Csongor,243,243,1.0
43,TISZA,0014,Velkey György László,001C,Borsós Gabriella,238,237,0.9957983193277311
43,TISZA,0014,Velkey György László,001D,Szafkó Zoltán Péter,240,240,1.0
43,TISZA,0014,Velkey György László,001E,Kalázdi-Kerekes Kinga,221,221,1.0
43,TISZA,0014,Velkey György László,001F,Gyuk Zsolt,243,243,1.0
43,TISZA,0014,Velkey György László,001G,Schummer Orsolya,239,238,0.99581589958159
43,TISZA,0014,Velkey György László,001H,Varga Lőrinc Mihály,242,242,1.0
43,TISZA,0014,Velkey György László,001I,Sóti Anikó Zsuzsanna,241,241,1.0
43,TISZA,0014,Velkey György László,001J,Dr. Rák Richárd,238,238,1.0
43,TISZA,0014,Velkey György László,001K,Hajdu Márton,187,187,1.0
43,TISZA,0014,Velkey György László,001L,Pásztor Anett,242,242,1.0
43,TISZA,0014,Velkey György László,001M,Dr. Hantosi István,236,235,0.9957627118644068
43,TISZA,0014,Velkey György László,001N,Gyöngyösi István,234,232,0.9914529914529915
43,TISZA,0014,Velkey György László,001O,Dr. Sasi-Nagy Edit,243,243,1.0
43,TISZA,0014,Velkey György László,001P,Balogh Mihály,219,219,1.0
43,TISZA,0014,Velkey György László,001Q,Császár Martin,240,240,1.0
43,TISZA,0014,Velkey György László,001R,Berki Ákos,241,240,0.995850622406639
43,TISZA,0014,Velkey György László,001S,Dr. Simon Krisztián Márk,241,241,1.0
43,TISZA,0014,Velkey György László,001T,Tóth Tamás,235,235,1.0
43,TISZA,0014,Velkey György László,001U,Kőszegi Krisztián,234,233,0.9957264957264957
43,TISZA,0014,Velkey György László,001V,Dr. Kiss Máté Zsolt,242,241,0.9958677685950413
43,TISZA,0014,Velkey György László,001W,Lukács Gábor,242,242,1.0
43,TISZA,0014,Velkey György László,001X,Kaprinyák Tibor,242,242,1.0
43,TISZA,0014,Velkey György László,001Y,Porcher Áron,241,241,1.0
43,TISZA,0014,Velkey György László,001Z,Boda Nikoletta,240,240,1.0
43,TISZA,0014,Velkey György László,0020,Dr. Koncz Áron,243,243,1.0
43,TISZA,0014,Velkey György László,0021,László Endre Márton,243,242,0.9958847736625515
43,TISZA,0014,Velkey György László,0022,Perticsné Kácsor Andrea,242,242,1.0
43,TISZA,0014,Velkey György László,0023,Tóthmajor Balázs,243,243,1.0
43,TISZA,0014,Velkey György László,0024,Dr. Ruzsa Diána,242,242,1.0
43,TISZA,0014,Velkey György László,0025,Dr. Sopov Ildikó Éva,226,226,1.0
43,TISZA,0014,Velkey György László,0026,Dr. Bódis Péter,237,236,0.9957805907172996
43,TISZA,0014,Velkey György László,0027,Diószegi Judit,241,241,1.0
43,TISZA,0014,Velkey György László,0028,Bodóczi István,243,243,1.0
43,TISZA,0014,Velkey György László,0029,Müller Anna,243,243,1.0
43,TISZA,0014,Velkey György László,002A,Trompler Ildikó,238,238,1.0
43,TISZA,0014,Velkey György László,002B,Dr. Miskolczi Orsolya,242,242,1.0
43,TISZA,0014,Velkey György László,002C,Jelencsik József,222,222,1.0
43,TISZA,0014,Velkey György László,002D,Dr. Szabó Alexandra,242,242,1.0
43,TISZA,0014,Velkey György László,002E,Halmai Ferenc,231,231,1.0
43,TISZA,0014,Velkey György László,002F,Dr. Bögi Viktória,233,233,1.0
43,TISZA,0014,Velkey György László,002G,Tompa Enikő,241,241,1.0
43,TISZA,0014,Velkey György László,002H,Dr. Gurzó Mária,242,242,1.0
43,TISZA,0014,Velkey György László,002I,Dr. Lőrincz Viktória,233,233,1.0
43,TISZA,0014,Velkey György László,002J,Dr. Barna-Szabó Tímea,235,235,1.0
43,TISZA,0014,Velkey György László,002K,Dr. Sárosi József,243,243,1.0
43,TISZA,0014,Velkey György László,002L,Csatári Ernő,238,237,0.9957983193277311
43,TISZA,0014,Velkey György László,002M,Bakos Csaba Attila,242,242,1.0
43,TISZA,0014,Velkey György László,002N,Strompová Viktória,242,242,1.0
43,TISZA,0014,Velkey György László,002O,Borics Mihály,237,237,1.0
43,TISZA,0014,Velkey György László,002P,Csőszi Attila,242,241,0.9958677685950413
43,TISZA,0014,Velkey György László,002Q,Veres Ádám,226,226,1.0
43,TISZA,0014,Velkey György László,002R,Szabó Tibor,240,240,1.0
43,TISZA,0014,Velkey György László,002S,Hende Máté,238,238,1.0
43,TISZA,0014,Velkey György László,002T,Balajti István,241,241,1.0
43,TISZA,0014,Velkey György László,002U,Muhari Gergely,236,236,1.0
43,TISZA,0014,Velkey György László,002V,Weigand István,239,239,1.0
43,TISZA,0014,Velkey György László,002W,Dr. Virágh Gabriella Mária,243,243,1.0
43,TISZA,0014,Velkey György László,002X,Trentin Balázs,207,206,0.9951690821256038
43,TISZA,0014,Velkey György László,002Y,Szimon Renáta,222,222,1.0
43,TISZA,0014,Velkey György László,002Z,Dr. Bilisics Zita,237,237,1.0
43,TISZA,0014,Velkey György László,0030,Dr. Porpáczy Krisztina,240,240,1.0
43,TISZA,0014,Velkey György László,0031,Bicskei László,242,242,1.0
43,TISZA,0014,Velkey György László,0032,Dr. Árvay Nikolett,232,231,0.9956896551724138
43,TISZA,0014,Velkey György László,0033,Varga Balázs,239,239,1.0
43,TISZA,0014,Velkey György László,0034,Csontos Bence,242,242,1.0
43,TISZA,0014,Velkey György László,0035,Dr. Simon Zsuzsánna,233,233,1.0
43,TISZA,0014,Velkey György László,0036,Ráki Zsolt,243,243,1.0
43,TISZA,0014,Velkey György László,0037,Dr. Bóka Zsolt,240,239,0.9958333333333333
43,TISZA,0014,Velkey György László,0038,Kovács Petra Judit,241,240,0.995850622406639
43,TISZA,0014,Velkey György László,0039,Dr. Bugya László,243,243,1.0
43,TISZA,0014,Velkey György László,003A,Lovkó Csaba,240,240,1.0
43,TISZA,0014,Velkey György László,003B,Tóth Norbert,234,234,1.0
43,TISZA,0014,Velkey György László,003C,Dr. Balatincz Péter,177,177,1.0
43,TISZA,0014,Velkey György László,003D,Járosi Péter,243,243,1.0
43,TISZA,0014,Velkey György László,003E,Gombár Dávid,239,239,1.0
43,TISZA,0014,Velkey György László,003F,Szakács Péter Lajos,243,243,1.0
43,TISZA,0014,Velkey György László,003G,Dr. Dicső Viktória,236,236,1.0
43,TISZA,0014,Velkey György László,003H,Czakó Czirbus Pál,239,239,1.0
43,TISZA,0014,Velkey György László,003I,Dr. Németh Csilla,237,236,0.9957805907172996
43,TISZA,0014,Velkey György László,003J,Dr. Kovács Gyula,242,242,1.0
43,TISZA,0014,Velkey György László,003K,Horváth Nándor Zsolt,242,242,1.0
43,TISZA,0014,Velkey György László,003L,Kapronczai Balázs,240,240,1.0
43,TISZA,0014,Velkey György László,003M,Dr. Juhász Áron,240,240,1.0
43,TISZA,0014,Velkey György László,003N,Kiss János,226,226,1.0
43,TISZA,0014,Velkey György László,003O,Gyömbér Dávid,241,241,1.0
43,TISZA,0014,Velkey György László,003P,Havasi Balázs,230,230,1.0
43,TISZA,0014,Velkey György László,003Q,Dr. Kovács Áron,241,241,1.0
43,TISZA,0014,Velkey György László,003R,Csiszár Béla,242,242,1.0
43,TISZA,0014,Velkey György László,003S,Dr. Szijjártó Gábor,240,240,1.0
43,TISZA,0014,Velkey György László,003T,Rápli Róbert,237,236,0.9957805907172996
43,TISZA,0014,Velkey György László,003U,Ujvári Szilvia,243,242,0.9958847736625515
43,TISZA,0014,Velkey György László,003V,Dr. Farkas Csongor,243,243,1.0
43,TISZA,0014,Velkey György László,003W,Csák László,239,239,1.0
43,TISZA,0014,Velkey György László,003X,Néher András,240,240,1.0
43,TISZA,0014,Velkey György László,003Y,Bárkányi Bence,243,243,1.0
43,TISZA,0014,Velkey György László,003Z,Ferenczi Gábor,241,241,1.0
43,TISZA,0014,Velkey György László,0040,Dr. Nagy Márta,241,241,1.0
43,TISZA,0014,Velkey György László,0041,Dr. Gáspár Levente,242,242,1.0
43,TISZA,0014,Velkey György László,0042,Dr. Hallerné Dr. Nagy Anikó,232,231,0.9956896551724138
43,TISZA,0014,Velkey György László,0043,Dr. Bihari Zoltán,238,234,0.9831932773109243
43,TISZA,0014,Velkey György László,0044,Lontay László,234,234,1.0
43,TISZA,0014,Velkey György László,0045,Cseh Tamás,242,240,0.9917355371900827
43,TISZA,0014,Velkey György László,0046,Benke József,242,242,1.0
43,TISZA,0014,Velkey György László,0047,Hatala-Orosz Csaba,241,241,1.0
43,TISZA,0014,Velkey György László,0048,Rózsahegyi Áron,230,230,1.0
43,TISZA,0014,Velkey György László,0049,Dr. Czipa András,188,188,1.0
43,TISZA,0014,Velkey György László,004A,Juhász Roland Csongor,243,243,1.0
43,TISZA,0014,Velkey György László,004B,Karsai-Juhász Katalin,233,233,1.0
43,TISZA,0014,Velkey György László,004C,Judák Zsolt,242,240,0.9917355371900827
43,TISZA,0014,Velkey György László,004D,Polgár György,243,243,1.0
43,TISZA,0014,Velkey György László,004E,Tárkányi Zsolt,234,233,0.9957264957264957
43,TISZA,0014,Velkey György László,004F,Dr. Stumpf Péter,243,242,0.9958847736625515
43,TISZA,0014,Velkey György László,004G,Gajda Attila,242,242,1.0
43,TISZA,0014,Velkey György László,004H,Molnár János,242,242,1.0
43,TISZA,0014,Velkey György László,k122,Kármán András,223,222,0.9955156950672646
43,TISZA,0014,Velkey György László,m076,Magyar Péter,185,185,1.0
43,TISZA,0014,Velkey György László,t067,Tarr Zoltán,220,220,1.0
43,TISZA,0016,Kulcsár Krisztián,0017,Melléthei-Barna Márton,235,231,0.9829787234042553
43,TISZA,0016,Kulcsár Krisztián,0018,Jójárt Erika,247,247,1.0
43,TISZA,0016,Kulcsár Krisztián,0019,Dr. Kátai-Németh Vilmos,245,243,0.9918367346938776
43,TISZA,0016,Kulcsár Krisztián,001A,Molnár Zoltán,247,247,1.0
43,TISZA,0016,Kulcsár Krisztián,001B,Dr. Kincse Csongor,256,256,1.0
43,TISZA,0016,Kulcsár Krisztián,001C,Borsós Gabriella,251,250,0.9960159362549801
43,TISZA,0016,Kulcsár Krisztián,001D,Szafkó Zoltán Péter,252,250,0.9920634920634921
43,TISZA,0016,Kulcsár Krisztián,001E,Kalázdi-Kerekes Kinga,234,234,1.0
43,TISZA,0016,Kulcsár Krisztián,001F,Gyuk Zsolt,256,256,1.0
43,TISZA,0016,Kulcsár Krisztián,001G,Schummer Orsolya,252,251,0.996031746031746
43,TISZA,0016,Kulcsár Krisztián,001H,Varga Lőrinc Mihály,254,254,1.0
43,TISZA,0016,Kulcsár Krisztián,001I,Sóti Anikó Zsuzsanna,253,253,1.0
43,TISZA,0016,Kulcsár Krisztián,001J,Dr. Rák Richárd,251,251,1.0
43,TISZA,0016,Kulcsár Krisztián,001K,Hajdu Márton,193,191,0.9896373056994818
43,TISZA,0016,Kulcsár Krisztián,001L,Pásztor Anett,255,255,1.0
43,TISZA,0016,Kulcsár Krisztián,001M,Dr. Hantosi István,249,248,0.9959839357429718
43,TISZA,0016,Kulcsár Krisztián,001N,Gyöngyösi István,246,242,0.983739837398374
43,TISZA,0016,Kulcsár Krisztián,001O,Dr. Sasi-Nagy Edit,256,256,1.0
43,TISZA,0016,Kulcsár Krisztián,001P,Balogh Mihály,228,228,1.0
43,TISZA,0016,Kulcsár Krisztián,001Q,Császár Martin,253,253,1.0
43,TISZA,0016,Kulcsár Krisztián,001R,Berki Ákos,254,253,0.9960629921259843
43,TISZA,0016,Kulcsár Krisztián,001S,Dr. Simon Krisztián Márk,254,254,1.0
43,TISZA,0016,Kulcsár Krisztián,001T,Tóth Tamás,246,246,1.0
43,TISZA,0016,Kulcsár Krisztián,001U,Kőszegi Krisztián,243,241,0.9917695473251029
43,TISZA,0016,Kulcsár Krisztián,001V,Dr. Kiss Máté Zsolt,255,254,0.996078431372549
43,TISZA,0016,Kulcsár Krisztián,001W,Lukács Gábor,254,254,1.0
43,TISZA,0016,Kulcsár Krisztián,001X,Kaprinyák Tibor,255,255,1.0
43,TISZA,0016,Kulcsár Krisztián,001Y,Porcher Áron,254,254,1.0
43,TISZA,0016,Kulcsár Krisztián,001Z,Boda Nikoletta,252,252,1.0
43,TISZA,0016,Kulcsár Krisztián,0020,Dr. Koncz Áron,256,256,1.0
43,TISZA,0016,Kulcsár Krisztián,0021,László Endre Márton,256,255,0.99609375
43,TISZA,0016,Kulcsár Krisztián,0022,Perticsné Kácsor Andrea,255,254,0.996078431372549
43,TISZA,0016,Kulcsár Krisztián,0023,Tóthmajor Balázs,256,256,1.0
43,TISZA,0016,Kulcsár Krisztián,0024,Dr. Ruzsa Diána,254,251,0.9881889763779528
43,TISZA,0016,Kulcsár Krisztián,0025,Dr. Sopov Ildikó Éva,234,234,1.0
43,TISZA,0016,Kulcsár Krisztián,0026,Dr. Bódis Péter,250,246,0.984
43,TISZA,0016,Kulcsár Krisztián,0027,Diószegi Judit,254,254,1.0
43,TISZA,0016,Kulcsár Krisztián,0028,Bodóczi István,256,256,1.0
43,TISZA,0016,Kulcsár Krisztián,0029,Müller Anna,256,255,0.99609375
43,TISZA,0016,Kulcsár Krisztián,002A,Trompler Ildikó,251,248,0.9880478087649402
43,TISZA,0016,Kulcsár Krisztián,002B,Dr. Miskolczi Orsolya,255,255,1.0
43,TISZA,0016,Kulcsár Krisztián,002C,Jelencsik József,235,235,1.0
43,TISZA,0016,Kulcsár Krisztián,002D,Dr. Szabó Alexandra,255,255,1.0
43,TISZA,0016,Kulcsár Krisztián,002E,Halmai Ferenc,238,238,1.0
43,TISZA,0016,Kulcsár Krisztián,002F,Dr. Bögi Viktória,246,243,0.9878048780487805
43,TISZA,0016,Kulcsár Krisztián,002G,Tompa Enikő,254,253,0.9960629921259843
43,TISZA,0016,Kulcsár Krisztián,002H,Dr. Gurzó Mária,255,255,1.0
43,TISZA,0016,Kulcsár Krisztián,002I,Dr. Lőrincz Viktória,244,242,0.9918032786885246
43,TISZA,0016,Kulcsár Krisztián,002J,Dr. Barna-Szabó Tímea,247,247,1.0
43,TISZA,0016,Kulcsár Krisztián,002K,Dr. Sárosi József,256,256,1.0
43,TISZA,0016,Kulcsár Krisztián,002L,Csatári Ernő,251,250,0.9960159362549801
43,TISZA,0016,Kulcsár Krisztián,002M,Bakos Csaba Attila,254,254,1.0
43,TISZA,0016,Kulcsár Krisztián,002N,Strompová Viktória,254,254,1.0
43,TISZA,0016,Kulcsár Krisztián,002O,Borics Mihály,249,249,1.0
43,TISZA,0016,Kulcsár Krisztián,002P,Csőszi Attila,254,252,0.9921259842519685
43,TISZA,0016,Kulcsár Krisztián,002Q,Veres Ádám,238,238,1.0
43,TISZA,0016,Kulcsár Krisztián,002R,Szabó Tibor,253,253,1.0
43,TISZA,0016,Kulcsár Krisztián,002S,Hende Máté,250,250,1.0
43,TISZA,0016,Kulcsár Krisztián,002T,Balajti István,254,254,1.0
43,TISZA,0016,Kulcsár Krisztián,002U,Muhari Gergely,247,247,1.0
43,TISZA,0016,Kulcsár Krisztián,002V,Weigand István,248,248,1.0
43,TISZA,0016,Kulcsár Krisztián,002W,Dr. Virágh Gabriella Mária,256,256,1.0
43,TISZA,0016,Kulcsár Krisztián,002X,Trentin Balázs,219,218,0.9954337899543378
43,TISZA,0016,Kulcsár Krisztián,002Y,Szimon Renáta,235,235,1.0
43,TISZA,0016,Kulcsár Krisztián,002Z,Dr. Bilisics Zita,250,250,1.0
43,TISZA,0016,Kulcsár Krisztián,0030,Dr. Porpáczy Krisztina,251,251,1.0
43,TISZA,0016,Kulcsár Krisztián,0031,Bicskei László,255,255,1.0
43,TISZA,0016,Kulcsár Krisztián,0032,Dr. Árvay Nikolett,244,243,0.9959016393442623
43,TISZA,0016,Kulcsár Krisztián,0033,Varga Balázs,250,250,1.0
43,TISZA,0016,Kulcsár Krisztián,0034,Csontos Bence,253,251,0.9920948616600791
43,TISZA,0016,Kulcsár Krisztián,0035,Dr. Simon Zsuzsánna,246,246,1.0
43,TISZA,0016,Kulcsár Krisztián,0036,Ráki Zsolt,256,256,1.0
43,TISZA,0016,Kulcsár Krisztián,0037,Dr. Bóka Zsolt,250,249,0.996
43,TISZA,0016,Kulcsár Krisztián,0038,Kovács Petra Judit,250,249,0.996
43,TISZA,0016,Kulcsár Krisztián,0039,Dr. Bugya László,256,256,1.0
43,TISZA,0016,Kulcsár Krisztián,003A,Lovkó Csaba,253,253,1.0
43,TISZA,0016,Kulcsár Krisztián,003B,Tóth Norbert,244,244,1.0
43,TISZA,0016,Kulcsár Krisztián,003C,Dr. Balatincz Péter,181,181,1.0
43,TISZA,0016,Kulcsár Krisztián,003D,Járosi Péter,256,256,1.0
43,TISZA,0016,Kulcsár Krisztián,003E,Gombár Dávid,252,252,1.0
43,TISZA,0016,Kulcsár Krisztián,003F,Szakács Péter Lajos,256,256,1.0
43,TISZA,0016,Kulcsár Krisztián,003G,Dr. Dicső Viktória,249,249,1.0
43,TISZA,0016,Kulcsár Krisztián,003H,Czakó Czirbus Pál,251,251,1.0
43,TISZA,0016,Kulcsár Krisztián,003I,Dr. Németh Csilla,248,247,0.9959677419354839
43,TISZA,0016,Kulcsár Krisztián,003J,Dr. Kovács Gyula,255,255,1.0
43,TISZA,0016,Kulcsár Krisztián,003K,Horváth Nándor Zsolt,255,255,1.0
43,TISZA,0016,Kulcsár Krisztián,003L,Kapronczai Balázs,251,251,1.0
43,TISZA,0016,Kulcsár Krisztián,003M,Dr. Juhász Áron,252,252,1.0
43,TISZA,0016,Kulcsár Krisztián,003N,Kiss János,237,237,1.0
43,TISZA,0016,Kulcsár Krisztián,003O,Gyömbér Dávid,253,253,1.0
43,TISZA,0016,Kulcsár Krisztián,003P,Havasi Balázs,243,243,1.0
43,TISZA,0016,Kulcsár Krisztián,003Q,Dr. Kovács Áron,254,254,1.0
43,TISZA,0016,Kulcsár Krisztián,003R,Csiszár Béla,255,255,1.0
43,TISZA,0016,Kulcsár Krisztián,003S,Dr. Szijjártó Gábor,253,253,1.0
43,TISZA,0016,Kulcsár Krisztián,003T,Rápli Róbert,247,246,0.9959514170040485
43,TISZA,0016,Kulcsár Krisztián,003U,Ujvári Szilvia,256,255,0.99609375
43,TISZA,0016,Kulcsár Krisztián,003V,Dr. Farkas Csongor,256,256,1.0
43,TISZA,0016,Kulcsár Krisztián,003W,Csák László,252,252,1.0
43,TISZA,0016,Kulcsár Krisztián,003X,Néher András,253,253,1.0
43,TISZA,0016,Kulcsár Krisztián,003Y,Bárkányi Bence,256,256,1.0
43,TISZA,0016,Kulcsár Krisztián,003Z,Ferenczi Gábor,254,254,1.0
43,TISZA,0016,Kulcsár Krisztián,0040,Dr. Nagy Márta,254,254,1.0
43,TISZA,0016,Kulcsár Krisztián,0041,Dr. Gáspár Levente,254,254,1.0
43,TISZA,0016,Kulcsár Krisztián,0042,Dr. Hallerné Dr. Nagy Anikó,240,239,0.9958333333333333
43,TISZA,0016,Kulcsár Krisztián,0043,Dr. Bihari Zoltán,251,246,0.9800796812749004
43,TISZA,0016,Kulcsár Krisztián,0044,Lontay László,247,247,1.0
43,TISZA,0016,Kulcsár Krisztián,0045,Cseh Tamás,251,249,0.9920318725099602
43,TISZA,0016,Kulcsár Krisztián,0046,Benke József,255,255,1.0
43,TISZA,0016,Kulcsár Krisztián,0047,Hatala-Orosz Csaba,254,253,0.9960629921259843
43,TISZA,0016,Kulcsár Krisztián,0048,Rózsahegyi Áron,238,238,1.0
43,TISZA,0016,Kulcsár Krisztián,0049,Dr. Czipa András,195,195,1.0
43,TISZA,0016,Kulcsár Krisztián,004A,Juhász Roland Csongor,256,256,1.0
43,TISZA,0016,Kulcsár Krisztián,004B,Karsai-Juhász Katalin,246,246,1.0
43,TISZA,0016,Kulcsár Krisztián,004C,Judák Zsolt,255,253,0.9921568627450981
43,TISZA,0016,Kulcsár Krisztián,004D,Polgár György,256,256,1.0
43,TISZA,0016,Kulcsár Krisztián,004E,Tárkányi Zsolt,244,243,0.9959016393442623
43,TISZA,0016,Kulcsár Krisztián,004F,Dr. Stumpf Péter,256,255,0.99609375
43,TISZA,0016,Kulcsár Krisztián,004G,Gajda Attila,254,252,0.9921259842519685
43,TISZA,0016,Kulcsár Krisztián,004H,Molnár János,255,255,1.0
43,TISZA,0016,Kulcsár Krisztián,k122,Kármán András,227,226,0.9955947136563876
43,TISZA,0016,Kulcsár Krisztián,m076,Magyar Péter,189,189,1.0
43,TISZA,0016,Kulcsár Krisztián,t067,Tarr Zoltán,229,226,0.9868995633187773
43,TISZA,0017,Melléthei-Barna Márton,0018,Jójárt Erika,227,225,0.9911894273127754
43,TISZA,0017,Melléthei-Barna Márton,0019,Dr. Kátai-Németh Vilmos,228,225,0.9868421052631579
43,TISZA,0017,Melléthei-Barna Márton,001A,Molnár Zoltán,231,227,0.9826839826839827
43,TISZA,0017,Melléthei-Barna Márton,001B,Dr. Kincse Csongor,235,231,0.9829787234042553
43,TISZA,0017,Melléthei-Barna Márton,001C,Borsós Gabriella,233,228,0.9785407725321889
43,TISZA,0017,Melléthei-Barna Márton,001D,Szafkó Zoltán Péter,232,230,0.9913793103448276
43,TISZA,0017,Melléthei-Barna Márton,001E,Kalázdi-Kerekes Kinga,213,209,0.9812206572769953
43,TISZA,0017,Melléthei-Barna Márton,001F,Gyuk Zsolt,235,231,0.9829787234042553
43,TISZA,0017,Melléthei-Barna Márton,001G,Schummer Orsolya,233,228,0.9785407725321889
43,TISZA,0017,Melléthei-Barna Márton,001H,Varga Lőrinc Mihály,234,230,0.9829059829059829
43,TISZA,0017,Melléthei-Barna Márton,001I,Sóti Anikó Zsuzsanna,232,229,0.9870689655172413
43,TISZA,0017,Melléthei-Barna Márton,001J,Dr. Rák Richárd,235,231,0.9829787234042553
43,TISZA,0017,Melléthei-Barna Márton,001K,Hajdu Márton,176,175,0.9943181818181818
43,TISZA,0017,Melléthei-Barna Márton,001L,Pásztor Anett,234,230,0.9829059829059829
43,TISZA,0017,Melléthei-Barna Márton,001M,Dr. Hantosi István,232,228,0.9827586206896551
43,TISZA,0017,Melléthei-Barna Márton,001N,Gyöngyösi István,226,223,0.9867256637168141
43,TISZA,0017,Melléthei-Barna Márton,001O,Dr. Sasi-Nagy Edit,235,231,0.9829787234042553
43,TISZA,0017,Melléthei-Barna Márton,001P,Balogh Mihály,208,207,0.9951923076923077
43,TISZA,0017,Melléthei-Barna Márton,001Q,Császár Martin,233,229,0.9828326180257511
43,TISZA,0017,Melléthei-Barna Márton,001R,Berki Ákos,233,230,0.9871244635193133
43,TISZA,0017,Melléthei-Barna Márton,001S,Dr. Simon Krisztián Márk,234,230,0.9829059829059829
43,TISZA,0017,Melléthei-Barna Márton,001T,Tóth Tamás,229,225,0.982532751091703
43,TISZA,0017,Melléthei-Barna Márton,001U,Kőszegi Krisztián,227,221,0.973568281938326
43,TISZA,0017,Melléthei-Barna Márton,001V,Dr. Kiss Máté Zsolt,235,230,0.9787234042553191
43,TISZA,0017,Melléthei-Barna Márton,001W,Lukács Gábor,233,229,0.9828326180257511
43,TISZA,0017,Melléthei-Barna Márton,001X,Kaprinyák Tibor,234,230,0.9829059829059829
43,TISZA,0017,Melléthei-Barna Márton,001Y,Porcher Áron,233,229,0.9828326180257511
43,TISZA,0017,Melléthei-Barna Márton,001Z,Boda Nikoletta,233,229,0.9828326180257511
43,TISZA,0017,Melléthei-Barna Márton,0020,Dr. Koncz Áron,235,231,0.9829787234042553
43,TISZA,0017,Melléthei-Barna Márton,0021,László Endre Márton,235,230,0.9787234042553191
43,TISZA,0017,Melléthei-Barna Márton,0022,Perticsné Kácsor Andrea,234,231,0.9871794871794872
43,TISZA,0017,Melléthei-Barna Márton,0023,Tóthmajor Balázs,235,231,0.9829787234042553
43,TISZA,0017,Melléthei-Barna Márton,0024,Dr. Ruzsa Diána,234,231,0.9871794871794872
43,TISZA,0017,Melléthei-Barna Márton,0025,Dr. Sopov Ildikó Éva,220,216,0.9818181818181818
43,TISZA,0017,Melléthei-Barna Márton,0026,Dr. Bódis Péter,231,229,0.9913419913419913
43,TISZA,0017,Melléthei-Barna Márton,0027,Diószegi Judit,233,229,0.9828326180257511
43,TISZA,0017,Melléthei-Barna Márton,0028,Bodóczi István,235,231,0.9829787234042553
43,TISZA,0017,Melléthei-Barna Márton,0029,Müller Anna,235,232,0.9872340425531915
43,TISZA,0017,Melléthei-Barna Márton,002A,Trompler Ildikó,231,230,0.9956709956709957
43,TISZA,0017,Melléthei-Barna Márton,002B,Dr. Miskolczi Orsolya,235,231,0.9829787234042553
43,TISZA,0017,Melléthei-Barna Márton,002C,Jelencsik József,216,212,0.9814814814814815
43,TISZA,0017,Melléthei-Barna Márton,002D,Dr. Szabó Alexandra,234,230,0.9829059829059829
43,TISZA,0017,Melléthei-Barna Márton,002E,Halmai Ferenc,220,216,0.9818181818181818
43,TISZA,0017,Melléthei-Barna Márton,002F,Dr. Bögi Viktória,225,224,0.9955555555555555
43,TISZA,0017,Melléthei-Barna Márton,002G,Tompa Enikő,233,230,0.9871244635193133
43,TISZA,0017,Melléthei-Barna Márton,002H,Dr. Gurzó Mária,234,230,0.9829059829059829
43,TISZA,0017,Melléthei-Barna Márton,002I,Dr. Lőrincz Viktória,225,223,0.9911111111111112
43,TISZA,0017,Melléthei-Barna Márton,002J,Dr. Barna-Szabó Tímea,232,228,0.9827586206896551
43,TISZA,0017,Melléthei-Barna Márton,002K,Dr. Sárosi József,235,231,0.9829787234042553
43,TISZA,0017,Melléthei-Barna Márton,002L,Csatári Ernő,233,228,0.9785407725321889
43,TISZA,0017,Melléthei-Barna Márton,002M,Bakos Csaba Attila,234,230,0.9829059829059829
43,TISZA,0017,Melléthei-Barna Márton,002N,Strompová Viktória,234,231,0.9871794871794872
43,TISZA,0017,Melléthei-Barna Márton,002O,Borics Mihály,231,227,0.9826839826839827
43,TISZA,0017,Melléthei-Barna Márton,002P,Csőszi Attila,234,232,0.9914529914529915
43,TISZA,0017,Melléthei-Barna Márton,002Q,Veres Ádám,221,217,0.9819004524886877
43,TISZA,0017,Melléthei-Barna Márton,002R,Szabó Tibor,235,231,0.9829787234042553
43,TISZA,0017,Melléthei-Barna Márton,002S,Hende Máté,232,229,0.9870689655172413
43,TISZA,0017,Melléthei-Barna Márton,002T,Balajti István,234,230,0.9829059829059829
43,TISZA,0017,Melléthei-Barna Márton,002U,Muhari Gergely,229,225,0.982532751091703
43,TISZA,0017,Melléthei-Barna Márton,002V,Weigand István,232,228,0.9827586206896551
43,TISZA,0017,Melléthei-Barna Márton,002W,Dr. Virágh Gabriella Mária,235,231,0.9829787234042553
43,TISZA,0017,Melléthei-Barna Márton,002X,Trentin Balázs,201,196,0.9751243781094527
43,TISZA,0017,Melléthei-Barna Márton,002Y,Szimon Renáta,215,211,0.9813953488372092
43,TISZA,0017,Melléthei-Barna Márton,002Z,Dr. Bilisics Zita,230,226,0.9826086956521739
43,TISZA,0017,Melléthei-Barna Márton,0030,Dr. Porpáczy Krisztina,230,227,0.9869565217391304
43,TISZA,0017,Melléthei-Barna Márton,0031,Bicskei László,235,231,0.9829787234042553
43,TISZA,0017,Melléthei-Barna Márton,0032,Dr. Árvay Nikolett,223,219,0.9820627802690582
43,TISZA,0017,Melléthei-Barna Márton,0033,Varga Balázs,232,228,0.9827586206896551
43,TISZA,0017,Melléthei-Barna Márton,0034,Csontos Bence,232,231,0.9956896551724138
43,TISZA,0017,Melléthei-Barna Márton,0035,Dr. Simon Zsuzsánna,230,226,0.9826086956521739
43,TISZA,0017,Melléthei-Barna Márton,0036,Ráki Zsolt,235,231,0.9829787234042553
43,TISZA,0017,Melléthei-Barna Márton,0037,Dr. Bóka Zsolt,234,229,0.9786324786324786
43,TISZA,0017,Melléthei-Barna Márton,0038,Kovács Petra Judit,229,226,0.9868995633187773
43,TISZA,0017,Melléthei-Barna Márton,0039,Dr. Bugya László,235,231,0.9829787234042553
43,TISZA,0017,Melléthei-Barna Márton,003A,Lovkó Csaba,234,230,0.9829059829059829
43,TISZA,0017,Melléthei-Barna Márton,003B,Tóth Norbert,228,225,0.9868421052631579
43,TISZA,0017,Melléthei-Barna Márton,003C,Dr. Balatincz Péter,167,163,0.9760479041916168
43,TISZA,0017,Melléthei-Barna Márton,003D,Járosi Péter,235,231,0.9829787234042553
43,TISZA,0017,Melléthei-Barna Márton,003E,Gombár Dávid,233,229,0.9828326180257511
43,TISZA,0017,Melléthei-Barna Márton,003F,Szakács Péter Lajos,235,231,0.9829787234042553
43,TISZA,0017,Melléthei-Barna Márton,003G,Dr. Dicső Viktória,228,224,0.9824561403508771
43,TISZA,0017,Melléthei-Barna Márton,003H,Czakó Czirbus Pál,230,227,0.9869565217391304
43,TISZA,0017,Melléthei-Barna Márton,003I,Dr. Németh Csilla,229,224,0.9781659388646288
43,TISZA,0017,Melléthei-Barna Márton,003J,Dr. Kovács Gyula,235,231,0.9829787234042553
43,TISZA,0017,Melléthei-Barna Márton,003K,Horváth Nándor Zsolt,234,230,0.9829059829059829
43,TISZA,0017,Melléthei-Barna Márton,003L,Kapronczai Balázs,234,230,0.9829059829059829
43,TISZA,0017,Melléthei-Barna Márton,003M,Dr. Juhász Áron,232,228,0.9827586206896551
43,TISZA,0017,Melléthei-Barna Márton,003N,Kiss János,221,217,0.9819004524886877
43,TISZA,0017,Melléthei-Barna Márton,003O,Gyömbér Dávid,234,230,0.9829059829059829
43,TISZA,0017,Melléthei-Barna Márton,003P,Havasi Balázs,227,223,0.9823788546255506
43,TISZA,0017,Melléthei-Barna Márton,003Q,Dr. Kovács Áron,233,229,0.9828326180257511
43,TISZA,0017,Melléthei-Barna Márton,003R,Csiszár Béla,234,230,0.9829059829059829
43,TISZA,0017,Melléthei-Barna Márton,003S,Dr. Szijjártó Gábor,232,228,0.9827586206896551
43,TISZA,0017,Melléthei-Barna Márton,003T,Rápli Róbert,228,224,0.9824561403508771
43,TISZA,0017,Melléthei-Barna Márton,003U,Ujvári Szilvia,235,230,0.9787234042553191
43,TISZA,0017,Melléthei-Barna Márton,003V,Dr. Farkas Csongor,235,231,0.9829787234042553
43,TISZA,0017,Melléthei-Barna Márton,003W,Csák László,231,227,0.9826839826839827
43,TISZA,0017,Melléthei-Barna Márton,003X,Néher András,233,229,0.9828326180257511
43,TISZA,0017,Melléthei-Barna Márton,003Y,Bárkányi Bence,235,231,0.9829787234042553
43,TISZA,0017,Melléthei-Barna Márton,003Z,Ferenczi Gábor,235,231,0.9829787234042553
43,TISZA,0017,Melléthei-Barna Márton,0040,Dr. Nagy Márta,233,229,0.9828326180257511
43,TISZA,0017,Melléthei-Barna Márton,0041,Dr. Gáspár Levente,234,230,0.9829059829059829
43,TISZA,0017,Melléthei-Barna Márton,0042,Dr. Hallerné Dr. Nagy Anikó,226,222,0.9823008849557522
43,TISZA,0017,Melléthei-Barna Márton,0043,Dr. Bihari Zoltán,230,225,0.9782608695652174
43,TISZA,0017,Melléthei-Barna Márton,0044,Lontay László,231,227,0.9826839826839827
43,TISZA,0017,Melléthei-Barna Márton,0045,Cseh Tamás,232,228,0.9827586206896551
43,TISZA,0017,Melléthei-Barna Márton,0046,Benke József,234,230,0.9829059829059829
43,TISZA,0017,Melléthei-Barna Márton,0047,Hatala-Orosz Csaba,234,231,0.9871794871794872
43,TISZA,0017,Melléthei-Barna Márton,0048,Rózsahegyi Áron,221,217,0.9819004524886877
43,TISZA,0017,Melléthei-Barna Márton,0049,Dr. Czipa András,186,183,0.9838709677419355
43,TISZA,0017,Melléthei-Barna Márton,004A,Juhász Roland Csongor,235,231,0.9829787234042553
43,TISZA,0017,Melléthei-Barna Márton,004B,Karsai-Juhász Katalin,226,222,0.9823008849557522
43,TISZA,0017,Melléthei-Barna Márton,004C,Judák Zsolt,234,229,0.9786324786324786
43,TISZA,0017,Melléthei-Barna Márton,004D,Polgár György,235,231,0.9829787234042553
43,TISZA,0017,Melléthei-Barna Márton,004E,Tárkányi Zsolt,232,227,0.978448275862069
43,TISZA,0017,Melléthei-Barna Márton,004F,Dr. Stumpf Péter,235,230,0.9787234042553191
43,TISZA,0017,Melléthei-Barna Márton,004G,Gajda Attila,233,232,0.9957081545064378
43,TISZA,0017,Melléthei-Barna Márton,004H,Molnár János,234,230,0.9829059829059829
43,TISZA,0017,Melléthei-Barna Márton,k122,Kármán András,218,213,0.9770642201834863
43,TISZA,0017,Melléthei-Barna Márton,m076,Magyar Péter,185,184,0.9945945945945946
43,TISZA,0017,Melléthei-Barna Márton,t067,Tarr Zoltán,217,213,0.9815668202764977
43,TISZA,0018,Jójárt Erika,0019,Dr. Kátai-Németh Vilmos,238,237,0.9957983193277311
43,TISZA,0018,Jójárt Erika,001A,Molnár Zoltán,238,238,1.0
43,TISZA,0018,Jójárt Erika,001B,Dr. Kincse Csongor,247,247,1.0
43,TISZA,0018,Jójárt Erika,001C,Borsós Gabriella,243,242,0.9958847736625515
43,TISZA,0018,Jójárt Erika,001D,Szafkó Zoltán Péter,244,243,0.9959016393442623
43,TISZA,0018,Jójárt Erika,001E,Kalázdi-Kerekes Kinga,225,225,1.0
43,TISZA,0018,Jójárt Erika,001F,Gyuk Zsolt,247,247,1.0
43,TISZA,0018,Jójárt Erika,001G,Schummer Orsolya,244,243,0.9959016393442623
43,TISZA,0018,Jójárt Erika,001H,Varga Lőrinc Mihály,246,246,1.0
43,TISZA,0018,Jójárt Erika,001I,Sóti Anikó Zsuzsanna,244,244,1.0
43,TISZA,0018,Jójárt Erika,001J,Dr. Rák Richárd,242,242,1.0
43,TISZA,0018,Jójárt Erika,001K,Hajdu Márton,187,187,1.0
43,TISZA,0018,Jójárt Erika,001L,Pásztor Anett,246,246,1.0
43,TISZA,0018,Jójárt Erika,001M,Dr. Hantosi István,241,240,0.995850622406639
43,TISZA,0018,Jójárt Erika,001N,Gyöngyösi István,239,236,0.9874476987447699
43,TISZA,0018,Jójárt Erika,001O,Dr. Sasi-Nagy Edit,247,247,1.0
43,TISZA,0018,Jójárt Erika,001P,Balogh Mihály,223,223,1.0
43,TISZA,0018,Jójárt Erika,001Q,Császár Martin,244,244,1.0
43,TISZA,0018,Jójárt Erika,001R,Berki Ákos,245,244,0.9959183673469387
43,TISZA,0018,Jójárt Erika,001S,Dr. Simon Krisztián Márk,246,246,1.0
43,TISZA,0018,Jójárt Erika,001T,Tóth Tamás,239,239,1.0
43,TISZA,0018,Jójárt Erika,001U,Kőszegi Krisztián,234,232,0.9914529914529915
43,TISZA,0018,Jójárt Erika,001V,Dr. Kiss Máté Zsolt,247,246,0.9959514170040485
43,TISZA,0018,Jójárt Erika,001W,Lukács Gábor,246,246,1.0
43,TISZA,0018,Jójárt Erika,001X,Kaprinyák Tibor,246,246,1.0
43,TISZA,0018,Jójárt Erika,001Y,Porcher Áron,245,245,1.0
43,TISZA,0018,Jójárt Erika,001Z,Boda Nikoletta,244,244,1.0
43,TISZA,0018,Jójárt Erika,0020,Dr. Koncz Áron,247,247,1.0
43,TISZA,0018,Jójárt Erika,0021,László Endre Márton,247,246,0.9959514170040485
43,TISZA,0018,Jójárt Erika,0022,Perticsné Kácsor Andrea,246,245,0.9959349593495935
43,TISZA,0018,Jójárt Erika,0023,Tóthmajor Balázs,247,247,1.0
43,TISZA,0018,Jójárt Erika,0024,Dr. Ruzsa Diána,245,243,0.9918367346938776
43,TISZA,0018,Jójárt Erika,0025,Dr. Sopov Ildikó Éva,227,227,1.0
43,TISZA,0018,Jójárt Erika,0026,Dr. Bódis Péter,242,240,0.9917355371900827
43,TISZA,0018,Jójárt Erika,0027,Diószegi Judit,245,245,1.0
43,TISZA,0018,Jójárt Erika,0028,Bodóczi István,247,247,1.0
43,TISZA,0018,Jójárt Erika,0029,Müller Anna,247,246,0.9959514170040485
43,TISZA,0018,Jójárt Erika,002A,Trompler Ildikó,242,241,0.9958677685950413
43,TISZA,0018,Jójárt Erika,002B,Dr. Miskolczi Orsolya,247,247,1.0
43,TISZA,0018,Jójárt Erika,002C,Jelencsik József,227,227,1.0
43,TISZA,0018,Jójárt Erika,002D,Dr. Szabó Alexandra,246,246,1.0
43,TISZA,0018,Jójárt Erika,002E,Halmai Ferenc,231,231,1.0
43,TISZA,0018,Jójárt Erika,002F,Dr. Bögi Viktória,237,236,0.9957805907172996
43,TISZA,0018,Jójárt Erika,002G,Tompa Enikő,245,244,0.9959183673469387
43,TISZA,0018,Jójárt Erika,002H,Dr. Gurzó Mária,246,246,1.0
43,TISZA,0018,Jójárt Erika,002I,Dr. Lőrincz Viktória,237,236,0.9957805907172996
43,TISZA,0018,Jójárt Erika,002J,Dr. Barna-Szabó Tímea,238,238,1.0
43,TISZA,0018,Jójárt Erika,002K,Dr. Sárosi József,247,247,1.0
43,TISZA,0018,Jójárt Erika,002L,Csatári Ernő,242,241,0.9958677685950413
43,TISZA,0018,Jójárt Erika,002M,Bakos Csaba Attila,245,245,1.0
43,TISZA,0018,Jójárt Erika,002N,Strompová Viktória,246,246,1.0
43,TISZA,0018,Jójárt Erika,002O,Borics Mihály,240,240,1.0
43,TISZA,0018,Jójárt Erika,002P,Csőszi Attila,245,243,0.9918367346938776
43,TISZA,0018,Jójárt Erika,002Q,Veres Ádám,230,230,1.0
43,TISZA,0018,Jójárt Erika,002R,Szabó Tibor,245,245,1.0
43,TISZA,0018,Jójárt Erika,002S,Hende Máté,242,242,1.0
43,TISZA,0018,Jójárt Erika,002T,Balajti István,245,245,1.0
43,TISZA,0018,Jójárt Erika,002U,Muhari Gergely,239,239,1.0
43,TISZA,0018,Jójárt Erika,002V,Weigand István,239,239,1.0
43,TISZA,0018,Jójárt Erika,002W,Dr. Virágh Gabriella Mária,247,247,1.0
43,TISZA,0018,Jójárt Erika,002X,Trentin Balázs,211,210,0.995260663507109
43,TISZA,0018,Jójárt Erika,002Y,Szimon Renáta,226,226,1.0
43,TISZA,0018,Jójárt Erika,002Z,Dr. Bilisics Zita,241,241,1.0
43,TISZA,0018,Jójárt Erika,0030,Dr. Porpáczy Krisztina,242,242,1.0
43,TISZA,0018,Jójárt Erika,0031,Bicskei László,246,246,1.0
43,TISZA,0018,Jójárt Erika,0032,Dr. Árvay Nikolett,235,234,0.9957446808510638
43,TISZA,0018,Jójárt Erika,0033,Varga Balázs,241,241,1.0
43,TISZA,0018,Jójárt Erika,0034,Csontos Bence,244,244,1.0
43,TISZA,0018,Jójárt Erika,0035,Dr. Simon Zsuzsánna,238,238,1.0
43,TISZA,0018,Jójárt Erika,0036,Ráki Zsolt,247,247,1.0
43,TISZA,0018,Jójárt Erika,0037,Dr. Bóka Zsolt,242,241,0.9958677685950413
43,TISZA,0018,Jójárt Erika,0038,Kovács Petra Judit,243,242,0.9958847736625515
43,TISZA,0018,Jójárt Erika,0039,Dr. Bugya László,247,247,1.0
43,TISZA,0018,Jójárt Erika,003A,Lovkó Csaba,245,245,1.0
43,TISZA,0018,Jójárt Erika,003B,Tóth Norbert,236,236,1.0
43,TISZA,0018,Jójárt Erika,003C,Dr. Balatincz Péter,175,175,1.0
43,TISZA,0018,Jójárt Erika,003D,Járosi Péter,247,247,1.0
43,TISZA,0018,Jójárt Erika,003E,Gombár Dávid,244,244,1.0
43,TISZA,0018,Jójárt Erika,003F,Szakács Péter Lajos,247,247,1.0
43,TISZA,0018,Jójárt Erika,003G,Dr. Dicső Viktória,240,240,1.0
43,TISZA,0018,Jójárt Erika,003H,Czakó Czirbus Pál,242,242,1.0
43,TISZA,0018,Jójárt Erika,003I,Dr. Németh Csilla,240,239,0.9958333333333333
43,TISZA,0018,Jójárt Erika,003J,Dr. Kovács Gyula,246,246,1.0
43,TISZA,0018,Jójárt Erika,003K,Horváth Nándor Zsolt,246,246,1.0
43,TISZA,0018,Jójárt Erika,003L,Kapronczai Balázs,242,242,1.0
43,TISZA,0018,Jójárt Erika,003M,Dr. Juhász Áron,244,244,1.0
43,TISZA,0018,Jójárt Erika,003N,Kiss János,230,230,1.0
43,TISZA,0018,Jójárt Erika,003O,Gyömbér Dávid,246,246,1.0
43,TISZA,0018,Jójárt Erika,003P,Havasi Balázs,236,236,1.0
43,TISZA,0018,Jójárt Erika,003Q,Dr. Kovács Áron,245,245,1.0
43,TISZA,0018,Jójárt Erika,003R,Csiszár Béla,246,246,1.0
43,TISZA,0018,Jójárt Erika,003S,Dr. Szijjártó Gábor,245,245,1.0
43,TISZA,0018,Jójárt Erika,003T,Rápli Róbert,238,238,1.0
43,TISZA,0018,Jójárt Erika,003U,Ujvári Szilvia,247,246,0.9959514170040485
43,TISZA,0018,Jójárt Erika,003V,Dr. Farkas Csongor,247,247,1.0
43,TISZA,0018,Jójárt Erika,003W,Csák László,244,244,1.0
43,TISZA,0018,Jójárt Erika,003X,Néher András,244,244,1.0
43,TISZA,0018,Jójárt Erika,003Y,Bárkányi Bence,247,247,1.0
43,TISZA,0018,Jójárt Erika,003Z,Ferenczi Gábor,246,246,1.0
43,TISZA,0018,Jójárt Erika,0040,Dr. Nagy Márta,245,245,1.0
43,TISZA,0018,Jójárt Erika,0041,Dr. Gáspár Levente,245,245,1.0
43,TISZA,0018,Jójárt Erika,0042,Dr. Hallerné Dr. Nagy Anikó,232,231,0.9956896551724138
43,TISZA,0018,Jójárt Erika,0043,Dr. Bihari Zoltán,242,237,0.9793388429752066
43,TISZA,0018,Jójárt Erika,0044,Lontay László,238,238,1.0
43,TISZA,0018,Jójárt Erika,0045,Cseh Tamás,242,241,0.9958677685950413
43,TISZA,0018,Jójárt Erika,0046,Benke József,246,246,1.0
43,TISZA,0018,Jójárt Erika,0047,Hatala-Orosz Csaba,246,245,0.9959349593495935
43,TISZA,0018,Jójárt Erika,0048,Rózsahegyi Áron,229,229,1.0
43,TISZA,0018,Jójárt Erika,0049,Dr. Czipa András,189,189,1.0
43,TISZA,0018,Jójárt Erika,004A,Juhász Roland Csongor,247,247,1.0
43,TISZA,0018,Jójárt Erika,004B,Karsai-Juhász Katalin,237,237,1.0
43,TISZA,0018,Jójárt Erika,004C,Judák Zsolt,246,244,0.991869918699187
43,TISZA,0018,Jójárt Erika,004D,Polgár György,247,247,1.0
43,TISZA,0018,Jójárt Erika,004E,Tárkányi Zsolt,236,235,0.9957627118644068
43,TISZA,0018,Jójárt Erika,004F,Dr. Stumpf Péter,247,246,0.9959514170040485
43,TISZA,0018,Jójárt Erika,004G,Gajda Attila,246,245,0.9959349593495935
43,TISZA,0018,Jójárt Erika,004H,Molnár János,246,246,1.0
43,TISZA,0018,Jójárt Erika,k122,Kármán András,222,221,0.9954954954954955
43,TISZA,0018,Jójárt Erika,m076,Magyar Péter,185,185,1.0
43,TISZA,0018,Jójárt Erika,t067,Tarr Zoltán,223,222,0.9955156950672646
43,TISZA,0019,Dr. Kátai-Németh Vilmos,001A,Molnár Zoltán,240,238,0.9916666666666667
43,TISZA,0019,Dr. Kátai-Németh Vilmos,001B,Dr. Kincse Csongor,245,243,0.9918367346938776
43,TISZA,0019,Dr. Kátai-Németh Vilmos,001C,Borsós Gabriella,240,237,0.9875
43,TISZA,0019,Dr. Kátai-Németh Vilmos,001D,Szafkó Zoltán Péter,242,240,0.9917355371900827
43,TISZA,0019,Dr. Kátai-Németh Vilmos,001E,Kalázdi-Kerekes Kinga,223,221,0.9910313901345291
43,TISZA,0019,Dr. Kátai-Németh Vilmos,001F,Gyuk Zsolt,245,243,0.9918367346938776
43,TISZA,0019,Dr. Kátai-Németh Vilmos,001G,Schummer Orsolya,241,238,0.9875518672199171
43,TISZA,0019,Dr. Kátai-Németh Vilmos,001H,Varga Lőrinc Mihály,244,242,0.9918032786885246
43,TISZA,0019,Dr. Kátai-Németh Vilmos,001I,Sóti Anikó Zsuzsanna,242,240,0.9917355371900827
43,TISZA,0019,Dr. Kátai-Németh Vilmos,001J,Dr. Rák Richárd,240,238,0.9916666666666667
43,TISZA,0019,Dr. Kátai-Németh Vilmos,001K,Hajdu Márton,189,187,0.9894179894179894
43,TISZA,0019,Dr. Kátai-Németh Vilmos,001L,Pásztor Anett,244,242,0.9918032786885246
43,TISZA,0019,Dr. Kátai-Németh Vilmos,001M,Dr. Hantosi István,238,236,0.9915966386554622
43,TISZA,0019,Dr. Kátai-Németh Vilmos,001N,Gyöngyösi István,235,231,0.9829787234042553
43,TISZA,0019,Dr. Kátai-Németh Vilmos,001O,Dr. Sasi-Nagy Edit,245,243,0.9918367346938776
43,TISZA,0019,Dr. Kátai-Németh Vilmos,001P,Balogh Mihály,219,218,0.9954337899543378
43,TISZA,0019,Dr. Kátai-Németh Vilmos,001Q,Császár Martin,242,240,0.9917355371900827
43,TISZA,0019,Dr. Kátai-Németh Vilmos,001R,Berki Ákos,243,241,0.9917695473251029
43,TISZA,0019,Dr. Kátai-Németh Vilmos,001S,Dr. Simon Krisztián Márk,243,241,0.9917695473251029
43,TISZA,0019,Dr. Kátai-Németh Vilmos,001T,Tóth Tamás,239,237,0.9916317991631799
43,TISZA,0019,Dr. Kátai-Németh Vilmos,001U,Kőszegi Krisztián,235,231,0.9829787234042553
43,TISZA,0019,Dr. Kátai-Németh Vilmos,001V,Dr. Kiss Máté Zsolt,244,241,0.9877049180327869
43,TISZA,0019,Dr. Kátai-Németh Vilmos,001W,Lukács Gábor,244,242,0.9918032786885246
43,TISZA,0019,Dr. Kátai-Németh Vilmos,001X,Kaprinyák Tibor,244,242,0.9918032786885246
43,TISZA,0019,Dr. Kátai-Németh Vilmos,001Y,Porcher Áron,243,241,0.9917695473251029
43,TISZA,0019,Dr. Kátai-Németh Vilmos,001Z,Boda Nikoletta,242,240,0.9917355371900827
43,TISZA,0019,Dr. Kátai-Németh Vilmos,0020,Dr. Koncz Áron,245,243,0.9918367346938776
43,TISZA,0019,Dr. Kátai-Németh Vilmos,0021,László Endre Márton,245,242,0.9877551020408163
43,TISZA,0019,Dr. Kátai-Németh Vilmos,0022,Perticsné Kácsor Andrea,244,241,0.9877049180327869
43,TISZA,0019,Dr. Kátai-Németh Vilmos,0023,Tóthmajor Balázs,245,243,0.9918367346938776
43,TISZA,0019,Dr. Kátai-Németh Vilmos,0024,Dr. Ruzsa Diána,243,240,0.9876543209876543
43,TISZA,0019,Dr. Kátai-Németh Vilmos,0025,Dr. Sopov Ildikó Éva,230,228,0.991304347826087
43,TISZA,0019,Dr. Kátai-Németh Vilmos,0026,Dr. Bódis Péter,239,235,0.9832635983263598
43,TISZA,0019,Dr. Kátai-Németh Vilmos,0027,Diószegi Judit,243,241,0.9917695473251029
43,TISZA,0019,Dr. Kátai-Németh Vilmos,0028,Bodóczi István,245,243,0.9918367346938776
43,TISZA,0019,Dr. Kátai-Németh Vilmos,0029,Müller Anna,245,242,0.9877551020408163
43,TISZA,0019,Dr. Kátai-Németh Vilmos,002A,Trompler Ildikó,241,238,0.9875518672199171
43,TISZA,0019,Dr. Kátai-Németh Vilmos,002B,Dr. Miskolczi Orsolya,244,242,0.9918032786885246
43,TISZA,0019,Dr. Kátai-Németh Vilmos,002C,Jelencsik József,224,222,0.9910714285714286
43,TISZA,0019,Dr. Kátai-Németh Vilmos,002D,Dr. Szabó Alexandra,244,242,0.9918032786885246
43,TISZA,0019,Dr. Kátai-Németh Vilmos,002E,Halmai Ferenc,235,233,0.9914893617021276
43,TISZA,0019,Dr. Kátai-Németh Vilmos,002F,Dr. Bögi Viktória,235,232,0.9872340425531915
43,TISZA,0019,Dr. Kátai-Németh Vilmos,002G,Tompa Enikő,243,240,0.9876543209876543
43,TISZA,0019,Dr. Kátai-Németh Vilmos,002H,Dr. Gurzó Mária,244,242,0.9918032786885246
43,TISZA,0019,Dr. Kátai-Németh Vilmos,002I,Dr. Lőrincz Viktória,233,231,0.9914163090128756
43,TISZA,0019,Dr. Kátai-Németh Vilmos,002J,Dr. Barna-Szabó Tímea,239,237,0.9916317991631799
43,TISZA,0019,Dr. Kátai-Németh Vilmos,002K,Dr. Sárosi József,245,243,0.9918367346938776
43,TISZA,0019,Dr. Kátai-Németh Vilmos,002L,Csatári Ernő,242,239,0.987603305785124
43,TISZA,0019,Dr. Kátai-Németh Vilmos,002M,Bakos Csaba Attila,244,242,0.9918032786885246
43,TISZA,0019,Dr. Kátai-Németh Vilmos,002N,Strompová Viktória,243,241,0.9917695473251029
43,TISZA,0019,Dr. Kátai-Németh Vilmos,002O,Borics Mihály,239,237,0.9916317991631799
43,TISZA,0019,Dr. Kátai-Németh Vilmos,002P,Csőszi Attila,243,240,0.9876543209876543
43,TISZA,0019,Dr. Kátai-Németh Vilmos,002Q,Veres Ádám,228,226,0.9912280701754386
43,TISZA,0019,Dr. Kátai-Németh Vilmos,002R,Szabó Tibor,242,240,0.9917355371900827
43,TISZA,0019,Dr. Kátai-Németh Vilmos,002S,Hende Máté,239,237,0.9916317991631799
43,TISZA,0019,Dr. Kátai-Németh Vilmos,002T,Balajti István,243,241,0.9917695473251029
43,TISZA,0019,Dr. Kátai-Németh Vilmos,002U,Muhari Gergely,238,236,0.9915966386554622
43,TISZA,0019,Dr. Kátai-Németh Vilmos,002V,Weigand István,239,237,0.9916317991631799
43,TISZA,0019,Dr. Kátai-Németh Vilmos,002W,Dr. Virágh Gabriella Mária,245,243,0.9918367346938776
43,TISZA,0019,Dr. Kátai-Németh Vilmos,002X,Trentin Balázs,210,207,0.9857142857142858
43,TISZA,0019,Dr. Kátai-Németh Vilmos,002Y,Szimon Renáta,224,222,0.9910714285714286
43,TISZA,0019,Dr. Kátai-Németh Vilmos,002Z,Dr. Bilisics Zita,239,237,0.9916317991631799
43,TISZA,0019,Dr. Kátai-Németh Vilmos,0030,Dr. Porpáczy Krisztina,240,238,0.9916666666666667
43,TISZA,0019,Dr. Kátai-Németh Vilmos,0031,Bicskei László,245,243,0.9918367346938776
43,TISZA,0019,Dr. Kátai-Németh Vilmos,0032,Dr. Árvay Nikolett,233,230,0.9871244635193133
43,TISZA,0019,Dr. Kátai-Németh Vilmos,0033,Varga Balázs,243,241,0.9917695473251029
43,TISZA,0019,Dr. Kátai-Németh Vilmos,0034,Csontos Bence,243,241,0.9917695473251029
43,TISZA,0019,Dr. Kátai-Németh Vilmos,0035,Dr. Simon Zsuzsánna,235,233,0.9914893617021276
43,TISZA,0019,Dr. Kátai-Németh Vilmos,0036,Ráki Zsolt,245,243,0.9918367346938776
43,TISZA,0019,Dr. Kátai-Németh Vilmos,0037,Dr. Bóka Zsolt,241,238,0.9875518672199171
43,TISZA,0019,Dr. Kátai-Németh Vilmos,0038,Kovács Petra Judit,240,238,0.9916666666666667
43,TISZA,0019,Dr. Kátai-Németh Vilmos,0039,Dr. Bugya László,245,243,0.9918367346938776
43,TISZA,0019,Dr. Kátai-Németh Vilmos,003A,Lovkó Csaba,242,240,0.9917355371900827
43,TISZA,0019,Dr. Kátai-Németh Vilmos,003B,Tóth Norbert,235,233,0.9914893617021276
43,TISZA,0019,Dr. Kátai-Németh Vilmos,003C,Dr. Balatincz Péter,179,177,0.9888268156424581
43,TISZA,0019,Dr. Kátai-Németh Vilmos,003D,Járosi Péter,245,243,0.9918367346938776
43,TISZA,0019,Dr. Kátai-Németh Vilmos,003E,Gombár Dávid,242,240,0.9917355371900827
43,TISZA,0019,Dr. Kátai-Németh Vilmos,003F,Szakács Péter Lajos,245,243,0.9918367346938776
43,TISZA,0019,Dr. Kátai-Németh Vilmos,003G,Dr. Dicső Viktória,238,236,0.9915966386554622
43,TISZA,0019,Dr. Kátai-Németh Vilmos,003H,Czakó Czirbus Pál,240,238,0.9916666666666667
43,TISZA,0019,Dr. Kátai-Németh Vilmos,003I,Dr. Németh Csilla,239,236,0.9874476987447699
43,TISZA,0019,Dr. Kátai-Németh Vilmos,003J,Dr. Kovács Gyula,244,242,0.9918032786885246
43,TISZA,0019,Dr. Kátai-Németh Vilmos,003K,Horváth Nándor Zsolt,244,242,0.9918032786885246
43,TISZA,0019,Dr. Kátai-Németh Vilmos,003L,Kapronczai Balázs,240,238,0.9916666666666667
43,TISZA,0019,Dr. Kátai-Németh Vilmos,003M,Dr. Juhász Áron,242,240,0.9917355371900827
43,TISZA,0019,Dr. Kátai-Németh Vilmos,003N,Kiss János,227,225,0.9911894273127754
43,TISZA,0019,Dr. Kátai-Németh Vilmos,003O,Gyömbér Dávid,243,241,0.9917695473251029
43,TISZA,0019,Dr. Kátai-Németh Vilmos,003P,Havasi Balázs,234,232,0.9914529914529915
43,TISZA,0019,Dr. Kátai-Németh Vilmos,003Q,Dr. Kovács Áron,243,241,0.9917695473251029
43,TISZA,0019,Dr. Kátai-Németh Vilmos,003R,Csiszár Béla,244,242,0.9918032786885246
43,TISZA,0019,Dr. Kátai-Németh Vilmos,003S,Dr. Szijjártó Gábor,242,240,0.9917355371900827
43,TISZA,0019,Dr. Kátai-Németh Vilmos,003T,Rápli Róbert,239,236,0.9874476987447699
43,TISZA,0019,Dr. Kátai-Németh Vilmos,003U,Ujvári Szilvia,245,242,0.9877551020408163
43,TISZA,0019,Dr. Kátai-Németh Vilmos,003V,Dr. Farkas Csongor,245,243,0.9918367346938776
43,TISZA,0019,Dr. Kátai-Németh Vilmos,003W,Csák László,241,239,0.991701244813278
43,TISZA,0019,Dr. Kátai-Németh Vilmos,003X,Néher András,242,240,0.9917355371900827
43,TISZA,0019,Dr. Kátai-Németh Vilmos,003Y,Bárkányi Bence,245,243,0.9918367346938776
43,TISZA,0019,Dr. Kátai-Németh Vilmos,003Z,Ferenczi Gábor,243,241,0.9917695473251029
43,TISZA,0019,Dr. Kátai-Németh Vilmos,0040,Dr. Nagy Márta,243,241,0.9917695473251029
43,TISZA,0019,Dr. Kátai-Németh Vilmos,0041,Dr. Gáspár Levente,243,241,0.9917695473251029
43,TISZA,0019,Dr. Kátai-Németh Vilmos,0042,Dr. Hallerné Dr. Nagy Anikó,231,228,0.987012987012987
43,TISZA,0019,Dr. Kátai-Németh Vilmos,0043,Dr. Bihari Zoltán,240,235,0.9791666666666666
43,TISZA,0019,Dr. Kátai-Németh Vilmos,0044,Lontay László,237,235,0.9915611814345991
43,TISZA,0019,Dr. Kátai-Németh Vilmos,0045,Cseh Tamás,242,239,0.987603305785124
43,TISZA,0019,Dr. Kátai-Németh Vilmos,0046,Benke József,244,242,0.9918032786885246
43,TISZA,0019,Dr. Kátai-Németh Vilmos,0047,Hatala-Orosz Csaba,243,240,0.9876543209876543
43,TISZA,0019,Dr. Kátai-Németh Vilmos,0048,Rózsahegyi Áron,230,228,0.991304347826087
43,TISZA,0019,Dr. Kátai-Németh Vilmos,0049,Dr. Czipa András,190,189,0.9947368421052631
43,TISZA,0019,Dr. Kátai-Németh Vilmos,004A,Juhász Roland Csongor,245,243,0.9918367346938776
43,TISZA,0019,Dr. Kátai-Németh Vilmos,004B,Karsai-Juhász Katalin,235,233,0.9914893617021276
43,TISZA,0019,Dr. Kátai-Németh Vilmos,004C,Judák Zsolt,244,242,0.9918032786885246
43,TISZA,0019,Dr. Kátai-Németh Vilmos,004D,Polgár György,245,243,0.9918367346938776
43,TISZA,0019,Dr. Kátai-Németh Vilmos,004E,Tárkányi Zsolt,235,232,0.9872340425531915
43,TISZA,0019,Dr. Kátai-Németh Vilmos,004F,Dr. Stumpf Péter,245,242,0.9877551020408163
43,TISZA,0019,Dr. Kátai-Németh Vilmos,004G,Gajda Attila,243,241,0.9917695473251029
43,TISZA,0019,Dr. Kátai-Németh Vilmos,004H,Molnár János,244,242,0.9918032786885246
43,TISZA,0019,Dr. Kátai-Németh Vilmos,k122,Kármán András,224,221,0.9866071428571429
43,TISZA,0019,Dr. Kátai-Németh Vilmos,m076,Magyar Péter,182,181,0.9945054945054945
43,TISZA,0019,Dr. Kátai-Németh Vilmos,t067,Tarr Zoltán,222,218,0.9819819819819819
43,TISZA,001A,Molnár Zoltán,001B,Dr. Kincse Csongor,247,247,1.0
43,TISZA,001A,Molnár Zoltán,001C,Borsós Gabriella,243,242,0.9958847736625515
43,TISZA,001A,Molnár Zoltán,001D,Szafkó Zoltán Péter,243,241,0.9917695473251029
43,TISZA,001A,Molnár Zoltán,001E,Kalázdi-Kerekes Kinga,226,226,1.0
43,TISZA,001A,Molnár Zoltán,001F,Gyuk Zsolt,247,247,1.0
43,TISZA,001A,Molnár Zoltán,001G,Schummer Orsolya,243,242,0.9958847736625515
43,TISZA,001A,Molnár Zoltán,001H,Varga Lőrinc Mihály,245,245,1.0
43,TISZA,001A,Molnár Zoltán,001I,Sóti Anikó Zsuzsanna,245,245,1.0
43,TISZA,001A,Molnár Zoltán,001J,Dr. Rák Richárd,242,242,1.0
43,TISZA,001A,Molnár Zoltán,001K,Hajdu Márton,187,185,0.9893048128342246
43,TISZA,001A,Molnár Zoltán,001L,Pásztor Anett,246,246,1.0
43,TISZA,001A,Molnár Zoltán,001M,Dr. Hantosi István,240,240,1.0
43,TISZA,001A,Molnár Zoltán,001N,Gyöngyösi István,237,233,0.9831223628691983
43,TISZA,001A,Molnár Zoltán,001O,Dr. Sasi-Nagy Edit,247,247,1.0
43,TISZA,001A,Molnár Zoltán,001P,Balogh Mihály,220,220,1.0
43,TISZA,001A,Molnár Zoltán,001Q,Császár Martin,244,244,1.0
43,TISZA,001A,Molnár Zoltán,001R,Berki Ákos,245,244,0.9959183673469387
43,TISZA,001A,Molnár Zoltán,001S,Dr. Simon Krisztián Márk,245,245,1.0
43,TISZA,001A,Molnár Zoltán,001T,Tóth Tamás,239,239,1.0
43,TISZA,001A,Molnár Zoltán,001U,Kőszegi Krisztián,237,235,0.9915611814345991
43,TISZA,001A,Molnár Zoltán,001V,Dr. Kiss Máté Zsolt,246,245,0.9959349593495935
43,TISZA,001A,Molnár Zoltán,001W,Lukács Gábor,245,245,1.0
43,TISZA,001A,Molnár Zoltán,001X,Kaprinyák Tibor,246,246,1.0
43,TISZA,001A,Molnár Zoltán,001Y,Porcher Áron,245,245,1.0
43,TISZA,001A,Molnár Zoltán,001Z,Boda Nikoletta,243,243,1.0
43,TISZA,001A,Molnár Zoltán,0020,Dr. Koncz Áron,247,247,1.0
43,TISZA,001A,Molnár Zoltán,0021,László Endre Márton,247,246,0.9959514170040485
43,TISZA,001A,Molnár Zoltán,0022,Perticsné Kácsor Andrea,246,245,0.9959349593495935
43,TISZA,001A,Molnár Zoltán,0023,Tóthmajor Balázs,247,247,1.0
43,TISZA,001A,Molnár Zoltán,0024,Dr. Ruzsa Diána,246,243,0.9878048780487805
43,TISZA,001A,Molnár Zoltán,0025,Dr. Sopov Ildikó Éva,228,228,1.0
43,TISZA,001A,Molnár Zoltán,0026,Dr. Bódis Péter,242,238,0.9834710743801653
43,TISZA,001A,Molnár Zoltán,0027,Diószegi Judit,245,245,1.0
43,TISZA,001A,Molnár Zoltán,0028,Bodóczi István,247,247,1.0
43,TISZA,001A,Molnár Zoltán,0029,Müller Anna,247,246,0.9959514170040485
43,TISZA,001A,Molnár Zoltán,002A,Trompler Ildikó,243,240,0.9876543209876543
43,TISZA,001A,Molnár Zoltán,002B,Dr. Miskolczi Orsolya,246,246,1.0
43,TISZA,001A,Molnár Zoltán,002C,Jelencsik József,226,226,1.0
43,TISZA,001A,Molnár Zoltán,002D,Dr. Szabó Alexandra,247,247,1.0
43,TISZA,001A,Molnár Zoltán,002E,Halmai Ferenc,232,232,1.0
43,TISZA,001A,Molnár Zoltán,002F,Dr. Bögi Viktória,237,234,0.9873417721518988
43,TISZA,001A,Molnár Zoltán,002G,Tompa Enikő,245,244,0.9959183673469387
43,TISZA,001A,Molnár Zoltán,002H,Dr. Gurzó Mária,246,246,1.0
43,TISZA,001A,Molnár Zoltán,002I,Dr. Lőrincz Viktória,236,234,0.9915254237288136
43,TISZA,001A,Molnár Zoltán,002J,Dr. Barna-Szabó Tímea,240,240,1.0
43,TISZA,001A,Molnár Zoltán,002K,Dr. Sárosi József,247,247,1.0
43,TISZA,001A,Molnár Zoltán,002L,Csatári Ernő,243,243,1.0
43,TISZA,001A,Molnár Zoltán,002M,Bakos Csaba Attila,245,245,1.0
43,TISZA,001A,Molnár Zoltán,002N,Strompová Viktória,245,245,1.0
43,TISZA,001A,Molnár Zoltán,002O,Borics Mihály,241,241,1.0
43,TISZA,001A,Molnár Zoltán,002P,Csőszi Attila,246,244,0.991869918699187
43,TISZA,001A,Molnár Zoltán,002Q,Veres Ádám,229,229,1.0
43,TISZA,001A,Molnár Zoltán,002R,Szabó Tibor,244,244,1.0
43,TISZA,001A,Molnár Zoltán,002S,Hende Máté,241,241,1.0
43,TISZA,001A,Molnár Zoltán,002T,Balajti István,245,245,1.0
43,TISZA,001A,Molnár Zoltán,002U,Muhari Gergely,240,240,1.0
43,TISZA,001A,Molnár Zoltán,002V,Weigand István,243,243,1.0
43,TISZA,001A,Molnár Zoltán,002W,Dr. Virágh Gabriella Mária,247,247,1.0
43,TISZA,001A,Molnár Zoltán,002X,Trentin Balázs,212,211,0.9952830188679245
43,TISZA,001A,Molnár Zoltán,002Y,Szimon Renáta,226,226,1.0
43,TISZA,001A,Molnár Zoltán,002Z,Dr. Bilisics Zita,242,242,1.0
43,TISZA,001A,Molnár Zoltán,0030,Dr. Porpáczy Krisztina,243,243,1.0
43,TISZA,001A,Molnár Zoltán,0031,Bicskei László,247,247,1.0
43,TISZA,001A,Molnár Zoltán,0032,Dr. Árvay Nikolett,235,234,0.9957446808510638
43,TISZA,001A,Molnár Zoltán,0033,Varga Balázs,244,244,1.0
43,TISZA,001A,Molnár Zoltán,0034,Csontos Bence,245,243,0.9918367346938776
43,TISZA,001A,Molnár Zoltán,0035,Dr. Simon Zsuzsánna,238,238,1.0
43,TISZA,001A,Molnár Zoltán,0036,Ráki Zsolt,247,247,1.0
43,TISZA,001A,Molnár Zoltán,0037,Dr. Bóka Zsolt,245,245,1.0
43,TISZA,001A,Molnár Zoltán,0038,Kovács Petra Judit,241,241,1.0
43,TISZA,001A,Molnár Zoltán,0039,Dr. Bugya László,247,247,1.0
43,TISZA,001A,Molnár Zoltán,003A,Lovkó Csaba,244,244,1.0
43,TISZA,001A,Molnár Zoltán,003B,Tóth Norbert,238,238,1.0
43,TISZA,001A,Molnár Zoltán,003C,Dr. Balatincz Péter,178,178,1.0
43,TISZA,001A,Molnár Zoltán,003D,Járosi Péter,247,247,1.0
43,TISZA,001A,Molnár Zoltán,003E,Gombár Dávid,244,244,1.0
43,TISZA,001A,Molnár Zoltán,003F,Szakács Péter Lajos,247,247,1.0
43,TISZA,001A,Molnár Zoltán,003G,Dr. Dicső Viktória,242,242,1.0
43,TISZA,001A,Molnár Zoltán,003H,Czakó Czirbus Pál,243,243,1.0
43,TISZA,001A,Molnár Zoltán,003I,Dr. Németh Csilla,241,241,1.0
43,TISZA,001A,Molnár Zoltán,003J,Dr. Kovács Gyula,246,246,1.0
43,TISZA,001A,Molnár Zoltán,003K,Horváth Nándor Zsolt,246,246,1.0
43,TISZA,001A,Molnár Zoltán,003L,Kapronczai Balázs,244,244,1.0
43,TISZA,001A,Molnár Zoltán,003M,Dr. Juhász Áron,243,243,1.0
43,TISZA,001A,Molnár Zoltán,003N,Kiss János,231,231,1.0
43,TISZA,001A,Molnár Zoltán,003O,Gyömbér Dávid,244,244,1.0
43,TISZA,001A,Molnár Zoltán,003P,Havasi Balázs,235,235,1.0
43,TISZA,001A,Molnár Zoltán,003Q,Dr. Kovács Áron,245,245,1.0
43,TISZA,001A,Molnár Zoltán,003R,Csiszár Béla,246,246,1.0
43,TISZA,001A,Molnár Zoltán,003S,Dr. Szijjártó Gábor,244,244,1.0
43,TISZA,001A,Molnár Zoltán,003T,Rápli Róbert,240,239,0.9958333333333333
43,TISZA,001A,Molnár Zoltán,003U,Ujvári Szilvia,247,247,1.0
43,TISZA,001A,Molnár Zoltán,003V,Dr. Farkas Csongor,247,247,1.0
43,TISZA,001A,Molnár Zoltán,003W,Csák László,244,244,1.0
43,TISZA,001A,Molnár Zoltán,003X,Néher András,244,244,1.0
43,TISZA,001A,Molnár Zoltán,003Y,Bárkányi Bence,247,247,1.0
43,TISZA,001A,Molnár Zoltán,003Z,Ferenczi Gábor,245,245,1.0
43,TISZA,001A,Molnár Zoltán,0040,Dr. Nagy Márta,245,245,1.0
43,TISZA,001A,Molnár Zoltán,0041,Dr. Gáspár Levente,246,246,1.0
43,TISZA,001A,Molnár Zoltán,0042,Dr. Hallerné Dr. Nagy Anikó,235,234,0.9957446808510638
43,TISZA,001A,Molnár Zoltán,0043,Dr. Bihari Zoltán,242,238,0.9834710743801653
43,TISZA,001A,Molnár Zoltán,0044,Lontay László,239,239,1.0
43,TISZA,001A,Molnár Zoltán,0045,Cseh Tamás,246,245,0.9959349593495935
43,TISZA,001A,Molnár Zoltán,0046,Benke József,246,246,1.0
43,TISZA,001A,Molnár Zoltán,0047,Hatala-Orosz Csaba,246,245,0.9959349593495935
43,TISZA,001A,Molnár Zoltán,0048,Rózsahegyi Áron,232,232,1.0
43,TISZA,001A,Molnár Zoltán,0049,Dr. Czipa András,192,192,1.0
43,TISZA,001A,Molnár Zoltán,004A,Juhász Roland Csongor,247,247,1.0
43,TISZA,001A,Molnár Zoltán,004B,Karsai-Juhász Katalin,237,237,1.0
43,TISZA,001A,Molnár Zoltán,004C,Judák Zsolt,246,245,0.9959349593495935
43,TISZA,001A,Molnár Zoltán,004D,Polgár György,247,247,1.0
43,TISZA,001A,Molnár Zoltán,004E,Tárkányi Zsolt,239,238,0.99581589958159
43,TISZA,001A,Molnár Zoltán,004F,Dr. Stumpf Péter,247,247,1.0
43,TISZA,001A,Molnár Zoltán,004G,Gajda Attila,245,243,0.9918367346938776
43,TISZA,001A,Molnár Zoltán,004H,Molnár János,246,246,1.0
43,TISZA,001A,Molnár Zoltán,k122,Kármán András,225,224,0.9955555555555555
43,TISZA,001A,Molnár Zoltán,m076,Magyar Péter,186,186,1.0
43,TISZA,001A,Molnár Zoltán,t067,Tarr Zoltán,225,222,0.9866666666666667
43,TISZA,001B,Dr. Kincse Csongor,001C,Borsós Gabriella,251,250,0.9960159362549801
43,TISZA,001B,Dr. Kincse Csongor,001D,Szafkó Zoltán Péter,252,250,0.9920634920634921
43,TISZA,001B,Dr. Kincse Csongor,001E,Kalázdi-Kerekes Kinga,234,234,1.0
43,TISZA,001B,Dr. Kincse Csongor,001F,Gyuk Zsolt,256,256,1.0
43,TISZA,001B,Dr. Kincse Csongor,001G,Schummer Orsolya,252,251,0.996031746031746
43,TISZA,001B,Dr. Kincse Csongor,001H,Varga Lőrinc Mihály,254,254,1.0
43,TISZA,001B,Dr. Kincse Csongor,001I,Sóti Anikó Zsuzsanna,253,253,1.0
43,TISZA,001B,Dr. Kincse Csongor,001J,Dr. Rák Richárd,251,251,1.0
43,TISZA,001B,Dr. Kincse Csongor,001K,Hajdu Márton,193,191,0.9896373056994818
43,TISZA,001B,Dr. Kincse Csongor,001L,Pásztor Anett,255,255,1.0
43,TISZA,001B,Dr. Kincse Csongor,001M,Dr. Hantosi István,249,248,0.9959839357429718
43,TISZA,001B,Dr. Kincse Csongor,001N,Gyöngyösi István,246,242,0.983739837398374
43,TISZA,001B,Dr. Kincse Csongor,001O,Dr. Sasi-Nagy Edit,256,256,1.0
43,TISZA,001B,Dr. Kincse Csongor,001P,Balogh Mihály,228,228,1.0
43,TISZA,001B,Dr. Kincse Csongor,001Q,Császár Martin,253,253,1.0
43,TISZA,001B,Dr. Kincse Csongor,001R,Berki Ákos,254,253,0.9960629921259843
43,TISZA,001B,Dr. Kincse Csongor,001S,Dr. Simon Krisztián Márk,254,254,1.0
43,TISZA,001B,Dr. Kincse Csongor,001T,Tóth Tamás,246,246,1.0
43,TISZA,001B,Dr. Kincse Csongor,001U,Kőszegi Krisztián,243,241,0.9917695473251029
43,TISZA,001B,Dr. Kincse Csongor,001V,Dr. Kiss Máté Zsolt,255,254,0.996078431372549
43,TISZA,001B,Dr. Kincse Csongor,001W,Lukács Gábor,254,254,1.0
43,TISZA,001B,Dr. Kincse Csongor,001X,Kaprinyák Tibor,255,255,1.0
43,TISZA,001B,Dr. Kincse Csongor,001Y,Porcher Áron,254,254,1.0
43,TISZA,001B,Dr. Kincse Csongor,001Z,Boda Nikoletta,252,252,1.0
43,TISZA,001B,Dr. Kincse Csongor,0020,Dr. Koncz Áron,256,256,1.0
43,TISZA,001B,Dr. Kincse Csongor,0021,László Endre Márton,256,255,0.99609375
43,TISZA,001B,Dr. Kincse Csongor,0022,Perticsné Kácsor Andrea,255,254,0.996078431372549
43,TISZA,001B,Dr. Kincse Csongor,0023,Tóthmajor Balázs,256,256,1.0
43,TISZA,001B,Dr. Kincse Csongor,0024,Dr. Ruzsa Diána,254,251,0.9881889763779528
43,TISZA,001B,Dr. Kincse Csongor,0025,Dr. Sopov Ildikó Éva,234,234,1.0
43,TISZA,001B,Dr. Kincse Csongor,0026,Dr. Bódis Péter,250,246,0.984
43,TISZA,001B,Dr. Kincse Csongor,0027,Diószegi Judit,254,254,1.0
43,TISZA,001B,Dr. Kincse Csongor,0028,Bodóczi István,256,256,1.0
43,TISZA,001B,Dr. Kincse Csongor,0029,Müller Anna,256,255,0.99609375
43,TISZA,001B,Dr. Kincse Csongor,002A,Trompler Ildikó,251,248,0.9880478087649402
43,TISZA,001B,Dr. Kincse Csongor,002B,Dr. Miskolczi Orsolya,255,255,1.0
43,TISZA,001B,Dr. Kincse Csongor,002C,Jelencsik József,235,235,1.0
43,TISZA,001B,Dr. Kincse Csongor,002D,Dr. Szabó Alexandra,255,255,1.0
43,TISZA,001B,Dr. Kincse Csongor,002E,Halmai Ferenc,238,238,1.0
43,TISZA,001B,Dr. Kincse Csongor,002F,Dr. Bögi Viktória,246,243,0.9878048780487805
43,TISZA,001B,Dr. Kincse Csongor,002G,Tompa Enikő,254,253,0.9960629921259843
43,TISZA,001B,Dr. Kincse Csongor,002H,Dr. Gurzó Mária,255,255,1.0
43,TISZA,001B,Dr. Kincse Csongor,002I,Dr. Lőrincz Viktória,244,242,0.9918032786885246
43,TISZA,001B,Dr. Kincse Csongor,002J,Dr. Barna-Szabó Tímea,247,247,1.0
43,TISZA,001B,Dr. Kincse Csongor,002K,Dr. Sárosi József,256,256,1.0
43,TISZA,001B,Dr. Kincse Csongor,002L,Csatári Ernő,251,250,0.9960159362549801
43,TISZA,001B,Dr. Kincse Csongor,002M,Bakos Csaba Attila,254,254,1.0
43,TISZA,001B,Dr. Kincse Csongor,002N,Strompová Viktória,254,254,1.0
43,TISZA,001B,Dr. Kincse Csongor,002O,Borics Mihály,249,249,1.0
43,TISZA,001B,Dr. Kincse Csongor,002P,Csőszi Attila,254,252,0.9921259842519685
43,TISZA,001B,Dr. Kincse Csongor,002Q,Veres Ádám,238,238,1.0
43,TISZA,001B,Dr. Kincse Csongor,002R,Szabó Tibor,253,253,1.0
43,TISZA,001B,Dr. Kincse Csongor,002S,Hende Máté,250,250,1.0
43,TISZA,001B,Dr. Kincse Csongor,002T,Balajti István,254,254,1.0
43,TISZA,001B,Dr. Kincse Csongor,002U,Muhari Gergely,247,247,1.0
43,TISZA,001B,Dr. Kincse Csongor,002V,Weigand István,248,248,1.0
43,TISZA,001B,Dr. Kincse Csongor,002W,Dr. Virágh Gabriella Mária,256,256,1.0
43,TISZA,001B,Dr. Kincse Csongor,002X,Trentin Balázs,219,218,0.9954337899543378
43,TISZA,001B,Dr. Kincse Csongor,002Y,Szimon Renáta,235,235,1.0
43,TISZA,001B,Dr. Kincse Csongor,002Z,Dr. Bilisics Zita,250,250,1.0
43,TISZA,001B,Dr. Kincse Csongor,0030,Dr. Porpáczy Krisztina,251,251,1.0
43,TISZA,001B,Dr. Kincse Csongor,0031,Bicskei László,255,255,1.0
43,TISZA,001B,Dr. Kincse Csongor,0032,Dr. Árvay Nikolett,244,243,0.9959016393442623
43,TISZA,001B,Dr. Kincse Csongor,0033,Varga Balázs,250,250,1.0
43,TISZA,001B,Dr. Kincse Csongor,0034,Csontos Bence,253,251,0.9920948616600791
43,TISZA,001B,Dr. Kincse Csongor,0035,Dr. Simon Zsuzsánna,246,246,1.0
43,TISZA,001B,Dr. Kincse Csongor,0036,Ráki Zsolt,256,256,1.0
43,TISZA,001B,Dr. Kincse Csongor,0037,Dr. Bóka Zsolt,250,249,0.996
43,TISZA,001B,Dr. Kincse Csongor,0038,Kovács Petra Judit,250,249,0.996
43,TISZA,001B,Dr. Kincse Csongor,0039,Dr. Bugya László,256,256,1.0
43,TISZA,001B,Dr. Kincse Csongor,003A,Lovkó Csaba,253,253,1.0
43,TISZA,001B,Dr. Kincse Csongor,003B,Tóth Norbert,244,244,1.0
43,TISZA,001B,Dr. Kincse Csongor,003C,Dr. Balatincz Péter,181,181,1.0
43,TISZA,001B,Dr. Kincse Csongor,003D,Járosi Péter,256,256,1.0
43,TISZA,001B,Dr. Kincse Csongor,003E,Gombár Dávid,252,252,1.0
43,TISZA,001B,Dr. Kincse Csongor,003F,Szakács Péter Lajos,256,256,1.0
43,TISZA,001B,Dr. Kincse Csongor,003G,Dr. Dicső Viktória,249,249,1.0
43,TISZA,001B,Dr. Kincse Csongor,003H,Czakó Czirbus Pál,251,251,1.0
43,TISZA,001B,Dr. Kincse Csongor,003I,Dr. Németh Csilla,248,247,0.9959677419354839
43,TISZA,001B,Dr. Kincse Csongor,003J,Dr. Kovács Gyula,255,255,1.0
43,TISZA,001B,Dr. Kincse Csongor,003K,Horváth Nándor Zsolt,255,255,1.0
43,TISZA,001B,Dr. Kincse Csongor,003L,Kapronczai Balázs,251,251,1.0
43,TISZA,001B,Dr. Kincse Csongor,003M,Dr. Juhász Áron,252,252,1.0
43,TISZA,001B,Dr. Kincse Csongor,003N,Kiss János,237,237,1.0
43,TISZA,001B,Dr. Kincse Csongor,003O,Gyömbér Dávid,253,253,1.0
43,TISZA,001B,Dr. Kincse Csongor,003P,Havasi Balázs,243,243,1.0
43,TISZA,001B,Dr. Kincse Csongor,003Q,Dr. Kovács Áron,254,254,1.0
43,TISZA,001B,Dr. Kincse Csongor,003R,Csiszár Béla,255,255,1.0
43,TISZA,001B,Dr. Kincse Csongor,003S,Dr. Szijjártó Gábor,253,253,1.0
43,TISZA,001B,Dr. Kincse Csongor,003T,Rápli Róbert,247,246,0.9959514170040485
43,TISZA,001B,Dr. Kincse Csongor,003U,Ujvári Szilvia,256,255,0.99609375
43,TISZA,001B,Dr. Kincse Csongor,003V,Dr. Farkas Csongor,256,256,1.0
43,TISZA,001B,Dr. Kincse Csongor,003W,Csák László,252,252,1.0
43,TISZA,001B,Dr. Kincse Csongor,003X,Néher András,253,253,1.0
43,TISZA,001B,Dr. Kincse Csongor,003Y,Bárkányi Bence,256,256,1.0
43,TISZA,001B,Dr. Kincse Csongor,003Z,Ferenczi Gábor,254,254,1.0
43,TISZA,001B,Dr. Kincse Csongor,0040,Dr. Nagy Márta,254,254,1.0
43,TISZA,001B,Dr. Kincse Csongor,0041,Dr. Gáspár Levente,254,254,1.0
43,TISZA,001B,Dr. Kincse Csongor,0042,Dr. Hallerné Dr. Nagy Anikó,240,239,0.9958333333333333
43,TISZA,001B,Dr. Kincse Csongor,0043,Dr. Bihari Zoltán,251,246,0.9800796812749004
43,TISZA,001B,Dr. Kincse Csongor,0044,Lontay László,247,247,1.0
43,TISZA,001B,Dr. Kincse Csongor,0045,Cseh Tamás,251,249,0.9920318725099602
43,TISZA,001B,Dr. Kincse Csongor,0046,Benke József,255,255,1.0
43,TISZA,001B,Dr. Kincse Csongor,0047,Hatala-Orosz Csaba,254,253,0.9960629921259843
43,TISZA,001B,Dr. Kincse Csongor,0048,Rózsahegyi Áron,238,238,1.0
43,TISZA,001B,Dr. Kincse Csongor,0049,Dr. Czipa András,195,195,1.0
43,TISZA,001B,Dr. Kincse Csongor,004A,Juhász Roland Csongor,256,256,1.0
43,TISZA,001B,Dr. Kincse Csongor,004B,Karsai-Juhász Katalin,246,246,1.0
43,TISZA,001B,Dr. Kincse Csongor,004C,Judák Zsolt,255,253,0.9921568627450981
43,TISZA,001B,Dr. Kincse Csongor,004D,Polgár György,256,256,1.0
43,TISZA,001B,Dr. Kincse Csongor,004E,Tárkányi Zsolt,244,243,0.9959016393442623
43,TISZA,001B,Dr. Kincse Csongor,004F,Dr. Stumpf Péter,256,255,0.99609375
43,TISZA,001B,Dr. Kincse Csongor,004G,Gajda Attila,254,252,0.9921259842519685
43,TISZA,001B,Dr. Kincse Csongor,004H,Molnár János,255,255,1.0
43,TISZA,001B,Dr. Kincse Csongor,k122,Kármán András,227,226,0.9955947136563876
43,TISZA,001B,Dr. Kincse Csongor,m076,Magyar Péter,189,189,1.0
43,TISZA,001B,Dr. Kincse Csongor,t067,Tarr Zoltán,229,226,0.9868995633187773
43,TISZA,001C,Borsós Gabriella,001D,Szafkó Zoltán Péter,247,244,0.9878542510121457
43,TISZA,001C,Borsós Gabriella,001E,Kalázdi-Kerekes Kinga,231,230,0.9956709956709957
43,TISZA,001C,Borsós Gabriella,001F,Gyuk Zsolt,251,250,0.9960159362549801
43,TISZA,001C,Borsós Gabriella,001G,Schummer Orsolya,249,247,0.9919678714859438
43,TISZA,001C,Borsós Gabriella,001H,Varga Lőrinc Mihály,249,248,0.9959839357429718
43,TISZA,001C,Borsós Gabriella,001I,Sóti Anikó Zsuzsanna,249,248,0.9959839357429718
43,TISZA,001C,Borsós Gabriella,001J,Dr. Rák Richárd,246,245,0.9959349593495935
43,TISZA,001C,Borsós Gabriella,001K,Hajdu Márton,188,186,0.9893617021276596
43,TISZA,001C,Borsós Gabriella,001L,Pásztor Anett,250,249,0.996
43,TISZA,001C,Borsós Gabriella,001M,Dr. Hantosi István,245,243,0.9918367346938776
43,TISZA,001C,Borsós Gabriella,001N,Gyöngyösi István,242,237,0.9793388429752066
43,TISZA,001C,Borsós Gabriella,001O,Dr. Sasi-Nagy Edit,251,250,0.9960159362549801
43,TISZA,001C,Borsós Gabriella,001P,Balogh Mihály,223,222,0.9955156950672646
43,TISZA,001C,Borsós Gabriella,001Q,Császár Martin,249,248,0.9959839357429718
43,TISZA,001C,Borsós Gabriella,001R,Berki Ákos,249,247,0.9919678714859438
43,TISZA,001C,Borsós Gabriella,001S,Dr. Simon Krisztián Márk,249,248,0.9959839357429718
43,TISZA,001C,Borsós Gabriella,001T,Tóth Tamás,241,240,0.995850622406639
43,TISZA,001C,Borsós Gabriella,001U,Kőszegi Krisztián,238,235,0.9873949579831933
43,TISZA,001C,Borsós Gabriella,001V,Dr. Kiss Máté Zsolt,251,249,0.9920318725099602
43,TISZA,001C,Borsós Gabriella,001W,Lukács Gábor,249,248,0.9959839357429718
43,TISZA,001C,Borsós Gabriella,001X,Kaprinyák Tibor,250,249,0.996
43,TISZA,001C,Borsós Gabriella,001Y,Porcher Áron,249,248,0.9959839357429718
43,TISZA,001C,Borsós Gabriella,001Z,Boda Nikoletta,247,246,0.9959514170040485
43,TISZA,001C,Borsós Gabriella,0020,Dr. Koncz Áron,251,250,0.9960159362549801
43,TISZA,001C,Borsós Gabriella,0021,László Endre Márton,251,249,0.9920318725099602
43,TISZA,001C,Borsós Gabriella,0022,Perticsné Kácsor Andrea,250,248,0.992
43,TISZA,001C,Borsós Gabriella,0023,Tóthmajor Balázs,251,250,0.9960159362549801
43,TISZA,001C,Borsós Gabriella,0024,Dr. Ruzsa Diána,249,245,0.9839357429718876
43,TISZA,001C,Borsós Gabriella,0025,Dr. Sopov Ildikó Éva,230,229,0.9956521739130435
43,TISZA,001C,Borsós Gabriella,0026,Dr. Bódis Péter,247,242,0.979757085020243
43,TISZA,001C,Borsós Gabriella,0027,Diószegi Judit,249,248,0.9959839357429718
43,TISZA,001C,Borsós Gabriella,0028,Bodóczi István,251,250,0.9960159362549801
43,TISZA,001C,Borsós Gabriella,0029,Müller Anna,251,249,0.9920318725099602
43,TISZA,001C,Borsós Gabriella,002A,Trompler Ildikó,246,242,0.983739837398374
43,TISZA,001C,Borsós Gabriella,002B,Dr. Miskolczi Orsolya,251,250,0.9960159362549801
43,TISZA,001C,Borsós Gabriella,002C,Jelencsik József,230,229,0.9956521739130435
43,TISZA,001C,Borsós Gabriella,002D,Dr. Szabó Alexandra,250,249,0.996
43,TISZA,001C,Borsós Gabriella,002E,Halmai Ferenc,233,232,0.9957081545064378
43,TISZA,001C,Borsós Gabriella,002F,Dr. Bögi Viktória,241,237,0.983402489626556
43,TISZA,001C,Borsós Gabriella,002G,Tompa Enikő,249,247,0.9919678714859438
43,TISZA,001C,Borsós Gabriella,002H,Dr. Gurzó Mária,250,249,0.996
43,TISZA,001C,Borsós Gabriella,002I,Dr. Lőrincz Viktória,241,238,0.9875518672199171
43,TISZA,001C,Borsós Gabriella,002J,Dr. Barna-Szabó Tímea,242,241,0.9958677685950413
43,TISZA,001C,Borsós Gabriella,002K,Dr. Sárosi József,251,250,0.9960159362549801
43,TISZA,001C,Borsós Gabriella,002L,Csatári Ernő,247,246,0.9959514170040485
43,TISZA,001C,Borsós Gabriella,002M,Bakos Csaba Attila,249,248,0.9959839357429718
43,TISZA,001C,Borsós Gabriella,002N,Strompová Viktória,250,249,0.996
43,TISZA,001C,Borsós Gabriella,002O,Borics Mihály,245,244,0.9959183673469387
43,TISZA,001C,Borsós Gabriella,002P,Csőszi Attila,249,246,0.9879518072289156
43,TISZA,001C,Borsós Gabriella,002Q,Veres Ádám,233,232,0.9957081545064378
43,TISZA,001C,Borsós Gabriella,002R,Szabó Tibor,250,249,0.996
43,TISZA,001C,Borsós Gabriella,002S,Hende Máté,246,245,0.9959349593495935
43,TISZA,001C,Borsós Gabriella,002T,Balajti István,250,249,0.996
43,TISZA,001C,Borsós Gabriella,002U,Muhari Gergely,243,242,0.9958847736625515
43,TISZA,001C,Borsós Gabriella,002V,Weigand István,243,242,0.9958847736625515
43,TISZA,001C,Borsós Gabriella,002W,Dr. Virágh Gabriella Mária,251,250,0.9960159362549801
43,TISZA,001C,Borsós Gabriella,002X,Trentin Balázs,214,213,0.9953271028037384
43,TISZA,001C,Borsós Gabriella,002Y,Szimon Renáta,231,230,0.9956709956709957
43,TISZA,001C,Borsós Gabriella,002Z,Dr. Bilisics Zita,245,244,0.9959183673469387
43,TISZA,001C,Borsós Gabriella,0030,Dr. Porpáczy Krisztina,246,245,0.9959349593495935
43,TISZA,001C,Borsós Gabriella,0031,Bicskei László,250,249,0.996
43,TISZA,001C,Borsós Gabriella,0032,Dr. Árvay Nikolett,239,237,0.9916317991631799
43,TISZA,001C,Borsós Gabriella,0033,Varga Balázs,245,244,0.9959183673469387
43,TISZA,001C,Borsós Gabriella,0034,Csontos Bence,248,245,0.9879032258064516
43,TISZA,001C,Borsós Gabriella,0035,Dr. Simon Zsuzsánna,244,243,0.9959016393442623
43,TISZA,001C,Borsós Gabriella,0036,Ráki Zsolt,251,250,0.9960159362549801
43,TISZA,001C,Borsós Gabriella,0037,Dr. Bóka Zsolt,246,245,0.9959349593495935
43,TISZA,001C,Borsós Gabriella,0038,Kovács Petra Judit,245,244,0.9959183673469387
43,TISZA,001C,Borsós Gabriella,0039,Dr. Bugya László,251,250,0.9960159362549801
43,TISZA,001C,Borsós Gabriella,003A,Lovkó Csaba,249,248,0.9959839357429718
43,TISZA,001C,Borsós Gabriella,003B,Tóth Norbert,239,238,0.99581589958159
43,TISZA,001C,Borsós Gabriella,003C,Dr. Balatincz Péter,176,175,0.9943181818181818
43,TISZA,001C,Borsós Gabriella,003D,Járosi Péter,251,250,0.9960159362549801
43,TISZA,001C,Borsós Gabriella,003E,Gombár Dávid,248,247,0.9959677419354839
43,TISZA,001C,Borsós Gabriella,003F,Szakács Péter Lajos,251,250,0.9960159362549801
43,TISZA,001C,Borsós Gabriella,003G,Dr. Dicső Viktória,245,244,0.9959183673469387
43,TISZA,001C,Borsós Gabriella,003H,Czakó Czirbus Pál,248,247,0.9959677419354839
43,TISZA,001C,Borsós Gabriella,003I,Dr. Németh Csilla,243,242,0.9958847736625515
43,TISZA,001C,Borsós Gabriella,003J,Dr. Kovács Gyula,250,249,0.996
43,TISZA,001C,Borsós Gabriella,003K,Horváth Nándor Zsolt,250,249,0.996
43,TISZA,001C,Borsós Gabriella,003L,Kapronczai Balázs,247,246,0.9959514170040485
43,TISZA,001C,Borsós Gabriella,003M,Dr. Juhász Áron,247,246,0.9959514170040485
43,TISZA,001C,Borsós Gabriella,003N,Kiss János,234,233,0.9957264957264957
43,TISZA,001C,Borsós Gabriella,003O,Gyömbér Dávid,250,249,0.996
43,TISZA,001C,Borsós Gabriella,003P,Havasi Balázs,239,238,0.99581589958159
43,TISZA,001C,Borsós Gabriella,003Q,Dr. Kovács Áron,249,248,0.9959839357429718
43,TISZA,001C,Borsós Gabriella,003R,Csiszár Béla,250,249,0.996
43,TISZA,001C,Borsós Gabriella,003S,Dr. Szijjártó Gábor,248,247,0.9959677419354839
43,TISZA,001C,Borsós Gabriella,003T,Rápli Róbert,242,241,0.9958677685950413
43,TISZA,001C,Borsós Gabriella,003U,Ujvári Szilvia,251,250,0.9960159362549801
43,TISZA,001C,Borsós Gabriella,003V,Dr. Farkas Csongor,251,250,0.9960159362549801
43,TISZA,001C,Borsós Gabriella,003W,Csák László,249,248,0.9959839357429718
43,TISZA,001C,Borsós Gabriella,003X,Néher András,248,247,0.9959677419354839
43,TISZA,001C,Borsós Gabriella,003Y,Bárkányi Bence,251,250,0.9960159362549801
43,TISZA,001C,Borsós Gabriella,003Z,Ferenczi Gábor,251,250,0.9960159362549801
43,TISZA,001C,Borsós Gabriella,0040,Dr. Nagy Márta,249,248,0.9959839357429718
43,TISZA,001C,Borsós Gabriella,0041,Dr. Gáspár Levente,249,248,0.9959839357429718
43,TISZA,001C,Borsós Gabriella,0042,Dr. Hallerné Dr. Nagy Anikó,236,234,0.9915254237288136
43,TISZA,001C,Borsós Gabriella,0043,Dr. Bihari Zoltán,246,240,0.975609756097561
43,TISZA,001C,Borsós Gabriella,0044,Lontay László,242,241,0.9958677685950413
43,TISZA,001C,Borsós Gabriella,0045,Cseh Tamás,246,244,0.991869918699187
43,TISZA,001C,Borsós Gabriella,0046,Benke József,250,249,0.996
43,TISZA,001C,Borsós Gabriella,0047,Hatala-Orosz Csaba,250,248,0.992
43,TISZA,001C,Borsós Gabriella,0048,Rózsahegyi Áron,234,233,0.9957264957264957
43,TISZA,001C,Borsós Gabriella,0049,Dr. Czipa András,192,191,0.9947916666666666
43,TISZA,001C,Borsós Gabriella,004A,Juhász Roland Csongor,251,250,0.9960159362549801
43,TISZA,001C,Borsós Gabriella,004B,Karsai-Juhász Katalin,242,241,0.9958677685950413
43,TISZA,001C,Borsós Gabriella,004C,Judák Zsolt,250,248,0.992
43,TISZA,001C,Borsós Gabriella,004D,Polgár György,251,250,0.9960159362549801
43,TISZA,001C,Borsós Gabriella,004E,Tárkányi Zsolt,241,239,0.991701244813278
43,TISZA,001C,Borsós Gabriella,004F,Dr. Stumpf Péter,251,249,0.9920318725099602
43,TISZA,001C,Borsós Gabriella,004G,Gajda Attila,249,246,0.9879518072289156
43,TISZA,001C,Borsós Gabriella,004H,Molnár János,250,249,0.996
43,TISZA,001C,Borsós Gabriella,k122,Kármán András,223,221,0.9910313901345291
43,TISZA,001C,Borsós Gabriella,m076,Magyar Péter,187,186,0.9946524064171123
43,TISZA,001C,Borsós Gabriella,t067,Tarr Zoltán,227,223,0.9823788546255506
43,TISZA,001D,Szafkó Zoltán Péter,001E,Kalázdi-Kerekes Kinga,230,228,0.991304347826087
43,TISZA,001D,Szafkó Zoltán Péter,001F,Gyuk Zsolt,252,250,0.9920634920634921
43,TISZA,001D,Szafkó Zoltán Péter,001G,Schummer Orsolya,248,245,0.9879032258064516
43,TISZA,001D,Szafkó Zoltán Péter,001H,Varga Lőrinc Mihály,251,249,0.9920318725099602
43,TISZA,001D,Szafkó Zoltán Péter,001I,Sóti Anikó Zsuzsanna,249,248,0.9959839357429718
43,TISZA,001D,Szafkó Zoltán Péter,001J,Dr. Rák Richárd,248,246,0.9919354838709677
43,TISZA,001D,Szafkó Zoltán Péter,001K,Hajdu Márton,191,190,0.9947643979057592
43,TISZA,001D,Szafkó Zoltán Péter,001L,Pásztor Anett,251,249,0.9920318725099602
43,TISZA,001D,Szafkó Zoltán Péter,001M,Dr. Hantosi István,246,243,0.9878048780487805
43,TISZA,001D,Szafkó Zoltán Péter,001N,Gyöngyösi István,243,241,0.9917695473251029
43,TISZA,001D,Szafkó Zoltán Péter,001O,Dr. Sasi-Nagy Edit,252,250,0.9920634920634921
43,TISZA,001D,Szafkó Zoltán Péter,001P,Balogh Mihály,225,225,1.0
43,TISZA,001D,Szafkó Zoltán Péter,001Q,Császár Martin,250,248,0.992
43,TISZA,001D,Szafkó Zoltán Péter,001R,Berki Ákos,250,247,0.988
43,TISZA,001D,Szafkó Zoltán Péter,001S,Dr. Simon Krisztián Márk,251,249,0.9920318725099602
43,TISZA,001D,Szafkó Zoltán Péter,001T,Tóth Tamás,243,241,0.9917695473251029
43,TISZA,001D,Szafkó Zoltán Péter,001U,Kőszegi Krisztián,239,235,0.9832635983263598
43,TISZA,001D,Szafkó Zoltán Péter,001V,Dr. Kiss Máté Zsolt,251,248,0.9880478087649402
43,TISZA,001D,Szafkó Zoltán Péter,001W,Lukács Gábor,250,248,0.992
43,TISZA,001D,Szafkó Zoltán Péter,001X,Kaprinyák Tibor,251,249,0.9920318725099602
43,TISZA,001D,Szafkó Zoltán Péter,001Y,Porcher Áron,250,248,0.992
43,TISZA,001D,Szafkó Zoltán Péter,001Z,Boda Nikoletta,249,247,0.9919678714859438
43,TISZA,001D,Szafkó Zoltán Péter,0020,Dr. Koncz Áron,252,250,0.9920634920634921
43,TISZA,001D,Szafkó Zoltán Péter,0021,László Endre Márton,252,249,0.9880952380952381
43,TISZA,001D,Szafkó Zoltán Péter,0022,Perticsné Kácsor Andrea,251,250,0.9960159362549801
43,TISZA,001D,Szafkó Zoltán Péter,0023,Tóthmajor Balázs,252,250,0.9920634920634921
43,TISZA,001D,Szafkó Zoltán Péter,0024,Dr. Ruzsa Diána,250,249,0.996
43,TISZA,001D,Szafkó Zoltán Péter,0025,Dr. Sopov Ildikó Éva,232,230,0.9913793103448276
43,TISZA,001D,Szafkó Zoltán Péter,0026,Dr. Bódis Péter,246,244,0.991869918699187
43,TISZA,001D,Szafkó Zoltán Péter,0027,Diószegi Judit,250,248,0.992
43,TISZA,001D,Szafkó Zoltán Péter,0028,Bodóczi István,252,250,0.9920634920634921
43,TISZA,001D,Szafkó Zoltán Péter,0029,Müller Anna,252,251,0.996031746031746
43,TISZA,001D,Szafkó Zoltán Péter,002A,Trompler Ildikó,247,246,0.9959514170040485
43,TISZA,001D,Szafkó Zoltán Péter,002B,Dr. Miskolczi Orsolya,251,249,0.9920318725099602
43,TISZA,001D,Szafkó Zoltán Péter,002C,Jelencsik József,231,229,0.9913419913419913
43,TISZA,001D,Szafkó Zoltán Péter,002D,Dr. Szabó Alexandra,251,249,0.9920318725099602
43,TISZA,001D,Szafkó Zoltán Péter,002E,Halmai Ferenc,236,234,0.9915254237288136
43,TISZA,001D,Szafkó Zoltán Péter,002F,Dr. Bögi Viktória,242,241,0.9958677685950413
43,TISZA,001D,Szafkó Zoltán Péter,002G,Tompa Enikő,251,250,0.9960159362549801
43,TISZA,001D,Szafkó Zoltán Péter,002H,Dr. Gurzó Mária,251,249,0.9920318725099602
43,TISZA,001D,Szafkó Zoltán Péter,002I,Dr. Lőrincz Viktória,240,239,0.9958333333333333
43,TISZA,001D,Szafkó Zoltán Péter,002J,Dr. Barna-Szabó Tímea,243,241,0.9917695473251029
43,TISZA,001D,Szafkó Zoltán Péter,002K,Dr. Sárosi József,252,250,0.9920634920634921
43,TISZA,001D,Szafkó Zoltán Péter,002L,Csatári Ernő,248,245,0.9879032258064516
43,TISZA,001D,Szafkó Zoltán Péter,002M,Bakos Csaba Attila,250,248,0.992
43,TISZA,001D,Szafkó Zoltán Péter,002N,Strompová Viktória,250,249,0.996
43,TISZA,001D,Szafkó Zoltán Péter,002O,Borics Mihály,245,243,0.9918367346938776
43,TISZA,001D,Szafkó Zoltán Péter,002P,Csőszi Attila,250,248,0.992
43,TISZA,001D,Szafkó Zoltán Péter,002Q,Veres Ádám,236,234,0.9915254237288136
43,TISZA,001D,Szafkó Zoltán Péter,002R,Szabó Tibor,249,247,0.9919678714859438
43,TISZA,001D,Szafkó Zoltán Péter,002S,Hende Máté,246,244,0.991869918699187
43,TISZA,001D,Szafkó Zoltán Péter,002T,Balajti István,251,249,0.9920318725099602
43,TISZA,001D,Szafkó Zoltán Péter,002U,Muhari Gergely,244,242,0.9918032786885246
43,TISZA,001D,Szafkó Zoltán Péter,002V,Weigand István,245,243,0.9918367346938776
43,TISZA,001D,Szafkó Zoltán Péter,002W,Dr. Virágh Gabriella Mária,252,250,0.9920634920634921
43,TISZA,001D,Szafkó Zoltán Péter,002X,Trentin Balázs,216,213,0.9861111111111112
43,TISZA,001D,Szafkó Zoltán Péter,002Y,Szimon Renáta,231,229,0.9913419913419913
43,TISZA,001D,Szafkó Zoltán Péter,002Z,Dr. Bilisics Zita,246,244,0.991869918699187
43,TISZA,001D,Szafkó Zoltán Péter,0030,Dr. Porpáczy Krisztina,247,246,0.9959514170040485
43,TISZA,001D,Szafkó Zoltán Péter,0031,Bicskei László,251,249,0.9920318725099602
43,TISZA,001D,Szafkó Zoltán Péter,0032,Dr. Árvay Nikolett,240,238,0.9916666666666667
43,TISZA,001D,Szafkó Zoltán Péter,0033,Varga Balázs,246,244,0.991869918699187
43,TISZA,001D,Szafkó Zoltán Péter,0034,Csontos Bence,249,248,0.9959839357429718
43,TISZA,001D,Szafkó Zoltán Péter,0035,Dr. Simon Zsuzsánna,242,240,0.9917355371900827
43,TISZA,001D,Szafkó Zoltán Péter,0036,Ráki Zsolt,252,250,0.9920634920634921
43,TISZA,001D,Szafkó Zoltán Péter,0037,Dr. Bóka Zsolt,246,243,0.9878048780487805
43,TISZA,001D,Szafkó Zoltán Péter,0038,Kovács Petra Judit,247,246,0.9959514170040485
43,TISZA,001D,Szafkó Zoltán Péter,0039,Dr. Bugya László,252,250,0.9920634920634921
43,TISZA,001D,Szafkó Zoltán Péter,003A,Lovkó Csaba,249,247,0.9919678714859438
43,TISZA,001D,Szafkó Zoltán Péter,003B,Tóth Norbert,241,240,0.995850622406639
43,TISZA,001D,Szafkó Zoltán Péter,003C,Dr. Balatincz Péter,180,178,0.9888888888888889
43,TISZA,001D,Szafkó Zoltán Péter,003D,Járosi Péter,252,250,0.9920634920634921
43,TISZA,001D,Szafkó Zoltán Péter,003E,Gombár Dávid,249,247,0.9919678714859438
43,TISZA,001D,Szafkó Zoltán Péter,003F,Szakács Péter Lajos,252,250,0.9920634920634921
43,TISZA,001D,Szafkó Zoltán Péter,003G,Dr. Dicső Viktória,246,244,0.991869918699187
43,TISZA,001D,Szafkó Zoltán Péter,003H,Czakó Czirbus Pál,247,246,0.9959514170040485
43,TISZA,001D,Szafkó Zoltán Péter,003I,Dr. Németh Csilla,245,242,0.9877551020408163
43,TISZA,001D,Szafkó Zoltán Péter,003J,Dr. Kovács Gyula,251,249,0.9920318725099602
43,TISZA,001D,Szafkó Zoltán Péter,003K,Horváth Nándor Zsolt,251,249,0.9920318725099602
43,TISZA,001D,Szafkó Zoltán Péter,003L,Kapronczai Balázs,248,246,0.9919354838709677
43,TISZA,001D,Szafkó Zoltán Péter,003M,Dr. Juhász Áron,252,250,0.9920634920634921
43,TISZA,001D,Szafkó Zoltán Péter,003N,Kiss János,234,232,0.9914529914529915
43,TISZA,001D,Szafkó Zoltán Péter,003O,Gyömbér Dávid,250,248,0.992
43,TISZA,001D,Szafkó Zoltán Péter,003P,Havasi Balázs,241,239,0.991701244813278
43,TISZA,001D,Szafkó Zoltán Péter,003Q,Dr. Kovács Áron,250,248,0.992
43,TISZA,001D,Szafkó Zoltán Péter,003R,Csiszár Béla,251,249,0.9920318725099602
43,TISZA,001D,Szafkó Zoltán Péter,003S,Dr. Szijjártó Gábor,249,247,0.9919678714859438
43,TISZA,001D,Szafkó Zoltán Péter,003T,Rápli Róbert,243,240,0.9876543209876543
43,TISZA,001D,Szafkó Zoltán Péter,003U,Ujvári Szilvia,252,249,0.9880952380952381
43,TISZA,001D,Szafkó Zoltán Péter,003V,Dr. Farkas Csongor,252,250,0.9920634920634921
43,TISZA,001D,Szafkó Zoltán Péter,003W,Csák László,248,246,0.9919354838709677
43,TISZA,001D,Szafkó Zoltán Péter,003X,Néher András,249,247,0.9919678714859438
43,TISZA,001D,Szafkó Zoltán Péter,003Y,Bárkányi Bence,252,250,0.9920634920634921
43,TISZA,001D,Szafkó Zoltán Péter,003Z,Ferenczi Gábor,250,248,0.992
43,TISZA,001D,Szafkó Zoltán Péter,0040,Dr. Nagy Márta,251,249,0.9920318725099602
43,TISZA,001D,Szafkó Zoltán Péter,0041,Dr. Gáspár Levente,250,248,0.992
43,TISZA,001D,Szafkó Zoltán Péter,0042,Dr. Hallerné Dr. Nagy Anikó,237,235,0.9915611814345991
43,TISZA,001D,Szafkó Zoltán Péter,0043,Dr. Bihari Zoltán,247,240,0.97165991902834
43,TISZA,001D,Szafkó Zoltán Péter,0044,Lontay László,244,242,0.9918032786885246
43,TISZA,001D,Szafkó Zoltán Péter,0045,Cseh Tamás,247,243,0.9838056680161943
43,TISZA,001D,Szafkó Zoltán Péter,0046,Benke József,251,249,0.9920318725099602
43,TISZA,001D,Szafkó Zoltán Péter,0047,Hatala-Orosz Csaba,250,249,0.996
43,TISZA,001D,Szafkó Zoltán Péter,0048,Rózsahegyi Áron,235,233,0.9914893617021276
43,TISZA,001D,Szafkó Zoltán Péter,0049,Dr. Czipa András,194,192,0.9896907216494846
43,TISZA,001D,Szafkó Zoltán Péter,004A,Juhász Roland Csongor,252,250,0.9920634920634921
43,TISZA,001D,Szafkó Zoltán Péter,004B,Karsai-Juhász Katalin,243,241,0.9917695473251029
43,TISZA,001D,Szafkó Zoltán Péter,004C,Judák Zsolt,251,247,0.9840637450199203
43,TISZA,001D,Szafkó Zoltán Péter,004D,Polgár György,252,250,0.9920634920634921
43,TISZA,001D,Szafkó Zoltán Péter,004E,Tárkányi Zsolt,241,238,0.9875518672199171
43,TISZA,001D,Szafkó Zoltán Péter,004F,Dr. Stumpf Péter,252,249,0.9880952380952381
43,TISZA,001D,Szafkó Zoltán Péter,004G,Gajda Attila,250,250,1.0
43,TISZA,001D,Szafkó Zoltán Péter,004H,Molnár János,252,250,0.9920634920634921
43,TISZA,001D,Szafkó Zoltán Péter,k122,Kármán András,226,223,0.9867256637168141
43,TISZA,001D,Szafkó Zoltán Péter,m076,Magyar Péter,187,187,1.0
43,TISZA,001D,Szafkó Zoltán Péter,t067,Tarr Zoltán,226,223,0.9867256637168141
43,TISZA,001E,Kalázdi-Kerekes Kinga,001F,Gyuk Zsolt,234,234,1.0
43,TISZA,001E,Kalázdi-Kerekes Kinga,001G,Schummer Orsolya,230,229,0.9956521739130435
43,TISZA,001E,Kalázdi-Kerekes Kinga,001H,Varga Lőrinc Mihály,232,232,1.0
43,TISZA,001E,Kalázdi-Kerekes Kinga,001I,Sóti Anikó Zsuzsanna,232,232,1.0
43,TISZA,001E,Kalázdi-Kerekes Kinga,001J,Dr. Rák Richárd,229,229,1.0
43,TISZA,001E,Kalázdi-Kerekes Kinga,001K,Hajdu Márton,179,177,0.9888268156424581
43,TISZA,001E,Kalázdi-Kerekes Kinga,001L,Pásztor Anett,233,233,1.0
43,TISZA,001E,Kalázdi-Kerekes Kinga,001M,Dr. Hantosi István,227,226,0.9955947136563876
43,TISZA,001E,Kalázdi-Kerekes Kinga,001N,Gyöngyösi István,224,220,0.9821428571428571
43,TISZA,001E,Kalázdi-Kerekes Kinga,001O,Dr. Sasi-Nagy Edit,234,234,1.0
43,TISZA,001E,Kalázdi-Kerekes Kinga,001P,Balogh Mihály,206,206,1.0
43,TISZA,001E,Kalázdi-Kerekes Kinga,001Q,Császár Martin,231,231,1.0
43,TISZA,001E,Kalázdi-Kerekes Kinga,001R,Berki Ákos,232,231,0.9956896551724138
43,TISZA,001E,Kalázdi-Kerekes Kinga,001S,Dr. Simon Krisztián Márk,232,232,1.0
43,TISZA,001E,Kalázdi-Kerekes Kinga,001T,Tóth Tamás,224,224,1.0
43,TISZA,001E,Kalázdi-Kerekes Kinga,001U,Kőszegi Krisztián,222,220,0.990990990990991
43,TISZA,001E,Kalázdi-Kerekes Kinga,001V,Dr. Kiss Máté Zsolt,233,232,0.9957081545064378
43,TISZA,001E,Kalázdi-Kerekes Kinga,001W,Lukács Gábor,232,232,1.0
43,TISZA,001E,Kalázdi-Kerekes Kinga,001X,Kaprinyák Tibor,233,233,1.0
43,TISZA,001E,Kalázdi-Kerekes Kinga,001Y,Porcher Áron,232,232,1.0
43,TISZA,001E,Kalázdi-Kerekes Kinga,001Z,Boda Nikoletta,230,230,1.0
43,TISZA,001E,Kalázdi-Kerekes Kinga,0020,Dr. Koncz Áron,234,234,1.0
43,TISZA,001E,Kalázdi-Kerekes Kinga,0021,László Endre Márton,234,233,0.9957264957264957
43,TISZA,001E,Kalázdi-Kerekes Kinga,0022,Perticsné Kácsor Andrea,233,232,0.9957081545064378
43,TISZA,001E,Kalázdi-Kerekes Kinga,0023,Tóthmajor Balázs,234,234,1.0
43,TISZA,001E,Kalázdi-Kerekes Kinga,0024,Dr. Ruzsa Diána,232,229,0.9870689655172413
43,TISZA,001E,Kalázdi-Kerekes Kinga,0025,Dr. Sopov Ildikó Éva,212,212,1.0
43,TISZA,001E,Kalázdi-Kerekes Kinga,0026,Dr. Bódis Péter,228,224,0.9824561403508771
43,TISZA,001E,Kalázdi-Kerekes Kinga,0027,Diószegi Judit,232,232,1.0
43,TISZA,001E,Kalázdi-Kerekes Kinga,0028,Bodóczi István,234,234,1.0
43,TISZA,001E,Kalázdi-Kerekes Kinga,0029,Müller Anna,234,233,0.9957264957264957
43,TISZA,001E,Kalázdi-Kerekes Kinga,002A,Trompler Ildikó,229,226,0.9868995633187773
43,TISZA,001E,Kalázdi-Kerekes Kinga,002B,Dr. Miskolczi Orsolya,233,233,1.0
43,TISZA,001E,Kalázdi-Kerekes Kinga,002C,Jelencsik József,213,213,1.0
43,TISZA,001E,Kalázdi-Kerekes Kinga,002D,Dr. Szabó Alexandra,233,233,1.0
43,TISZA,001E,Kalázdi-Kerekes Kinga,002E,Halmai Ferenc,216,216,1.0
43,TISZA,001E,Kalázdi-Kerekes Kinga,002F,Dr. Bögi Viktória,232,229,0.9870689655172413
43,TISZA,001E,Kalázdi-Kerekes Kinga,002G,Tompa Enikő,232,231,0.9956896551724138
43,TISZA,001E,Kalázdi-Kerekes Kinga,002H,Dr. Gurzó Mária,233,233,1.0
43,TISZA,001E,Kalázdi-Kerekes Kinga,002I,Dr. Lőrincz Viktória,222,220,0.990990990990991
43,TISZA,001E,Kalázdi-Kerekes Kinga,002J,Dr. Barna-Szabó Tímea,225,225,1.0
43,TISZA,001E,Kalázdi-Kerekes Kinga,002K,Dr. Sárosi József,234,234,1.0
43,TISZA,001E,Kalázdi-Kerekes Kinga,002L,Csatári Ernő,229,229,1.0
43,TISZA,001E,Kalázdi-Kerekes Kinga,002M,Bakos Csaba Attila,233,233,1.0
43,TISZA,001E,Kalázdi-Kerekes Kinga,002N,Strompová Viktória,232,232,1.0
43,TISZA,001E,Kalázdi-Kerekes Kinga,002O,Borics Mihály,227,227,1.0
43,TISZA,001E,Kalázdi-Kerekes Kinga,002P,Csőszi Attila,232,230,0.9913793103448276
43,TISZA,001E,Kalázdi-Kerekes Kinga,002Q,Veres Ádám,216,216,1.0
43,TISZA,001E,Kalázdi-Kerekes Kinga,002R,Szabó Tibor,231,231,1.0
43,TISZA,001E,Kalázdi-Kerekes Kinga,002S,Hende Máté,229,229,1.0
43,TISZA,001E,Kalázdi-Kerekes Kinga,002T,Balajti István,232,232,1.0
43,TISZA,001E,Kalázdi-Kerekes Kinga,002U,Muhari Gergely,227,227,1.0
43,TISZA,001E,Kalázdi-Kerekes Kinga,002V,Weigand István,226,226,1.0
43,TISZA,001E,Kalázdi-Kerekes Kinga,002W,Dr. Virágh Gabriella Mária,234,234,1.0
43,TISZA,001E,Kalázdi-Kerekes Kinga,002X,Trentin Balázs,197,196,0.9949238578680203
43,TISZA,001E,Kalázdi-Kerekes Kinga,002Y,Szimon Renáta,232,232,1.0
43,TISZA,001E,Kalázdi-Kerekes Kinga,002Z,Dr. Bilisics Zita,228,228,1.0
43,TISZA,001E,Kalázdi-Kerekes Kinga,0030,Dr. Porpáczy Krisztina,229,229,1.0
43,TISZA,001E,Kalázdi-Kerekes Kinga,0031,Bicskei László,233,233,1.0
43,TISZA,001E,Kalázdi-Kerekes Kinga,0032,Dr. Árvay Nikolett,222,221,0.9954954954954955
43,TISZA,001E,Kalázdi-Kerekes Kinga,0033,Varga Balázs,229,229,1.0
43,TISZA,001E,Kalázdi-Kerekes Kinga,0034,Csontos Bence,231,229,0.9913419913419913
43,TISZA,001E,Kalázdi-Kerekes Kinga,0035,Dr. Simon Zsuzsánna,224,224,1.0
43,TISZA,001E,Kalázdi-Kerekes Kinga,0036,Ráki Zsolt,234,234,1.0
43,TISZA,001E,Kalázdi-Kerekes Kinga,0037,Dr. Bóka Zsolt,228,228,1.0
43,TISZA,001E,Kalázdi-Kerekes Kinga,0038,Kovács Petra Judit,228,228,1.0
43,TISZA,001E,Kalázdi-Kerekes Kinga,0039,Dr. Bugya László,234,234,1.0
43,TISZA,001E,Kalázdi-Kerekes Kinga,003A,Lovkó Csaba,231,231,1.0
43,TISZA,001E,Kalázdi-Kerekes Kinga,003B,Tóth Norbert,223,223,1.0
43,TISZA,001E,Kalázdi-Kerekes Kinga,003C,Dr. Balatincz Péter,160,160,1.0
43,TISZA,001E,Kalázdi-Kerekes Kinga,003D,Járosi Péter,234,234,1.0
43,TISZA,001E,Kalázdi-Kerekes Kinga,003E,Gombár Dávid,230,230,1.0
43,TISZA,001E,Kalázdi-Kerekes Kinga,003F,Szakács Péter Lajos,234,234,1.0
43,TISZA,001E,Kalázdi-Kerekes Kinga,003G,Dr. Dicső Viktória,228,228,1.0
43,TISZA,001E,Kalázdi-Kerekes Kinga,003H,Czakó Czirbus Pál,232,232,1.0
43,TISZA,001E,Kalázdi-Kerekes Kinga,003I,Dr. Németh Csilla,226,226,1.0
43,TISZA,001E,Kalázdi-Kerekes Kinga,003J,Dr. Kovács Gyula,233,233,1.0
43,TISZA,001E,Kalázdi-Kerekes Kinga,003K,Horváth Nándor Zsolt,233,233,1.0
43,TISZA,001E,Kalázdi-Kerekes Kinga,003L,Kapronczai Balázs,229,229,1.0
43,TISZA,001E,Kalázdi-Kerekes Kinga,003M,Dr. Juhász Áron,230,230,1.0
43,TISZA,001E,Kalázdi-Kerekes Kinga,003N,Kiss János,215,215,1.0
43,TISZA,001E,Kalázdi-Kerekes Kinga,003O,Gyömbér Dávid,231,231,1.0
43,TISZA,001E,Kalázdi-Kerekes Kinga,003P,Havasi Balázs,221,221,1.0
43,TISZA,001E,Kalázdi-Kerekes Kinga,003Q,Dr. Kovács Áron,233,233,1.0
43,TISZA,001E,Kalázdi-Kerekes Kinga,003R,Csiszár Béla,233,233,1.0
43,TISZA,001E,Kalázdi-Kerekes Kinga,003S,Dr. Szijjártó Gábor,231,231,1.0
43,TISZA,001E,Kalázdi-Kerekes Kinga,003T,Rápli Róbert,225,224,0.9955555555555555
43,TISZA,001E,Kalázdi-Kerekes Kinga,003U,Ujvári Szilvia,234,234,1.0
43,TISZA,001E,Kalázdi-Kerekes Kinga,003V,Dr. Farkas Csongor,234,234,1.0
43,TISZA,001E,Kalázdi-Kerekes Kinga,003W,Csák László,233,233,1.0
43,TISZA,001E,Kalázdi-Kerekes Kinga,003X,Néher András,231,231,1.0
43,TISZA,001E,Kalázdi-Kerekes Kinga,003Y,Bárkányi Bence,234,234,1.0
43,TISZA,001E,Kalázdi-Kerekes Kinga,003Z,Ferenczi Gábor,232,232,1.0
43,TISZA,001E,Kalázdi-Kerekes Kinga,0040,Dr. Nagy Márta,232,232,1.0
43,TISZA,001E,Kalázdi-Kerekes Kinga,0041,Dr. Gáspár Levente,232,232,1.0
43,TISZA,001E,Kalázdi-Kerekes Kinga,0042,Dr. Hallerné Dr. Nagy Anikó,218,217,0.9954128440366973
43,TISZA,001E,Kalázdi-Kerekes Kinga,0043,Dr. Bihari Zoltán,229,224,0.9781659388646288
43,TISZA,001E,Kalázdi-Kerekes Kinga,0044,Lontay László,225,225,1.0
43,TISZA,001E,Kalázdi-Kerekes Kinga,0045,Cseh Tamás,229,227,0.9912663755458515
43,TISZA,001E,Kalázdi-Kerekes Kinga,0046,Benke József,233,233,1.0
43,TISZA,001E,Kalázdi-Kerekes Kinga,0047,Hatala-Orosz Csaba,232,231,0.9956896551724138
43,TISZA,001E,Kalázdi-Kerekes Kinga,0048,Rózsahegyi Áron,216,216,1.0
43,TISZA,001E,Kalázdi-Kerekes Kinga,0049,Dr. Czipa András,175,175,1.0
43,TISZA,001E,Kalázdi-Kerekes Kinga,004A,Juhász Roland Csongor,234,234,1.0
43,TISZA,001E,Kalázdi-Kerekes Kinga,004B,Karsai-Juhász Katalin,224,224,1.0
43,TISZA,001E,Kalázdi-Kerekes Kinga,004C,Judák Zsolt,233,232,0.9957081545064378
43,TISZA,001E,Kalázdi-Kerekes Kinga,004D,Polgár György,234,234,1.0
43,TISZA,001E,Kalázdi-Kerekes Kinga,004E,Tárkányi Zsolt,222,222,1.0
43,TISZA,001E,Kalázdi-Kerekes Kinga,004F,Dr. Stumpf Péter,234,233,0.9957264957264957
43,TISZA,001E,Kalázdi-Kerekes Kinga,004G,Gajda Attila,232,230,0.9913793103448276
43,TISZA,001E,Kalázdi-Kerekes Kinga,004H,Molnár János,233,233,1.0
43,TISZA,001E,Kalázdi-Kerekes Kinga,k122,Kármán András,205,204,0.9951219512195122
43,TISZA,001E,Kalázdi-Kerekes Kinga,m076,Magyar Péter,167,167,1.0
43,TISZA,001E,Kalázdi-Kerekes Kinga,t067,Tarr Zoltán,207,204,0.9855072463768116
43,TISZA,001F,Gyuk Zsolt,001G,Schummer Orsolya,252,251,0.996031746031746
43,TISZA,001F,Gyuk Zsolt,001H,Varga Lőrinc Mihály,254,254,1.0
43,TISZA,001F,Gyuk Zsolt,001I,Sóti Anikó Zsuzsanna,253,253,1.0
43,TISZA,001F,Gyuk Zsolt,001J,Dr. Rák Richárd,251,251,1.0
43,TISZA,001F,Gyuk Zsolt,001K,Hajdu Márton,193,191,0.9896373056994818
43,TISZA,001F,Gyuk Zsolt,001L,Pásztor Anett,255,255,1.0
43,TISZA,001F,Gyuk Zsolt,001M,Dr. Hantosi István,249,248,0.9959839357429718
43,TISZA,001F,Gyuk Zsolt,001N,Gyöngyösi István,246,242,0.983739837398374
43,TISZA,001F,Gyuk Zsolt,001O,Dr. Sasi-Nagy Edit,256,256,1.0
43,TISZA,001F,Gyuk Zsolt,001P,Balogh Mihály,228,228,1.0
43,TISZA,001F,Gyuk Zsolt,001Q,Császár Martin,253,253,1.0
43,TISZA,001F,Gyuk Zsolt,001R,Berki Ákos,254,253,0.9960629921259843
43,TISZA,001F,Gyuk Zsolt,001S,Dr. Simon Krisztián Márk,254,254,1.0
43,TISZA,001F,Gyuk Zsolt,001T,Tóth Tamás,246,246,1.0
43,TISZA,001F,Gyuk Zsolt,001U,Kőszegi Krisztián,243,241,0.9917695473251029
43,TISZA,001F,Gyuk Zsolt,001V,Dr. Kiss Máté Zsolt,255,254,0.996078431372549
43,TISZA,001F,Gyuk Zsolt,001W,Lukács Gábor,254,254,1.0
43,TISZA,001F,Gyuk Zsolt,001X,Kaprinyák Tibor,255,255,1.0
43,TISZA,001F,Gyuk Zsolt,001Y,Porcher Áron,254,254,1.0
43,TISZA,001F,Gyuk Zsolt,001Z,Boda Nikoletta,252,252,1.0
43,TISZA,001F,Gyuk Zsolt,0020,Dr. Koncz Áron,256,256,1.0
43,TISZA,001F,Gyuk Zsolt,0021,László Endre Márton,256,255,0.99609375
43,TISZA,001F,Gyuk Zsolt,0022,Perticsné Kácsor Andrea,255,254,0.996078431372549
43,TISZA,001F,Gyuk Zsolt,0023,Tóthmajor Balázs,256,256,1.0
43,TISZA,001F,Gyuk Zsolt,0024,Dr. Ruzsa Diána,254,251,0.9881889763779528
43,TISZA,001F,Gyuk Zsolt,0025,Dr. Sopov Ildikó Éva,234,234,1.0
43,TISZA,001F,Gyuk Zsolt,0026,Dr. Bódis Péter,250,246,0.984
43,TISZA,001F,Gyuk Zsolt,0027,Diószegi Judit,254,254,1.0
43,TISZA,001F,Gyuk Zsolt,0028,Bodóczi István,256,256,1.0
43,TISZA,001F,Gyuk Zsolt,0029,Müller Anna,256,255,0.99609375
43,TISZA,001F,Gyuk Zsolt,002A,Trompler Ildikó,251,248,0.9880478087649402
43,TISZA,001F,Gyuk Zsolt,002B,Dr. Miskolczi Orsolya,255,255,1.0
43,TISZA,001F,Gyuk Zsolt,002C,Jelencsik József,235,235,1.0
43,TISZA,001F,Gyuk Zsolt,002D,Dr. Szabó Alexandra,255,255,1.0
43,TISZA,001F,Gyuk Zsolt,002E,Halmai Ferenc,238,238,1.0
43,TISZA,001F,Gyuk Zsolt,002F,Dr. Bögi Viktória,246,243,0.9878048780487805
43,TISZA,001F,Gyuk Zsolt,002G,Tompa Enikő,254,253,0.9960629921259843
43,TISZA,001F,Gyuk Zsolt,002H,Dr. Gurzó Mária,255,255,1.0
43,TISZA,001F,Gyuk Zsolt,002I,Dr. Lőrincz Viktória,244,242,0.9918032786885246
43,TISZA,001F,Gyuk Zsolt,002J,Dr. Barna-Szabó Tímea,247,247,1.0
43,TISZA,001F,Gyuk Zsolt,002K,Dr. Sárosi József,256,256,1.0
43,TISZA,001F,Gyuk Zsolt,002L,Csatári Ernő,251,250,0.9960159362549801
43,TISZA,001F,Gyuk Zsolt,002M,Bakos Csaba Attila,254,254,1.0
43,TISZA,001F,Gyuk Zsolt,002N,Strompová Viktória,254,254,1.0
43,TISZA,001F,Gyuk Zsolt,002O,Borics Mihály,249,249,1.0
43,TISZA,001F,Gyuk Zsolt,002P,Csőszi Attila,254,252,0.9921259842519685
43,TISZA,001F,Gyuk Zsolt,002Q,Veres Ádám,238,238,1.0
43,TISZA,001F,Gyuk Zsolt,002R,Szabó Tibor,253,253,1.0
43,TISZA,001F,Gyuk Zsolt,002S,Hende Máté,250,250,1.0
43,TISZA,001F,Gyuk Zsolt,002T,Balajti István,254,254,1.0
43,TISZA,001F,Gyuk Zsolt,002U,Muhari Gergely,247,247,1.0
43,TISZA,001F,Gyuk Zsolt,002V,Weigand István,248,248,1.0
43,TISZA,001F,Gyuk Zsolt,002W,Dr. Virágh Gabriella Mária,256,256,1.0
43,TISZA,001F,Gyuk Zsolt,002X,Trentin Balázs,219,218,0.9954337899543378
43,TISZA,001F,Gyuk Zsolt,002Y,Szimon Renáta,235,235,1.0
43,TISZA,001F,Gyuk Zsolt,002Z,Dr. Bilisics Zita,250,250,1.0
43,TISZA,001F,Gyuk Zsolt,0030,Dr. Porpáczy Krisztina,251,251,1.0
43,TISZA,001F,Gyuk Zsolt,0031,Bicskei László,255,255,1.0
43,TISZA,001F,Gyuk Zsolt,0032,Dr. Árvay Nikolett,244,243,0.9959016393442623
43,TISZA,001F,Gyuk Zsolt,0033,Varga Balázs,250,250,1.0
43,TISZA,001F,Gyuk Zsolt,0034,Csontos Bence,253,251,0.9920948616600791
43,TISZA,001F,Gyuk Zsolt,0035,Dr. Simon Zsuzsánna,246,246,1.0
43,TISZA,001F,Gyuk Zsolt,0036,Ráki Zsolt,256,256,1.0
43,TISZA,001F,Gyuk Zsolt,0037,Dr. Bóka Zsolt,250,249,0.996
43,TISZA,001F,Gyuk Zsolt,0038,Kovács Petra Judit,250,249,0.996
43,TISZA,001F,Gyuk Zsolt,0039,Dr. Bugya László,256,256,1.0
43,TISZA,001F,Gyuk Zsolt,003A,Lovkó Csaba,253,253,1.0
43,TISZA,001F,Gyuk Zsolt,003B,Tóth Norbert,244,244,1.0
43,TISZA,001F,Gyuk Zsolt,003C,Dr. Balatincz Péter,181,181,1.0
43,TISZA,001F,Gyuk Zsolt,003D,Járosi Péter,256,256,1.0
43,TISZA,001F,Gyuk Zsolt,003E,Gombár Dávid,252,252,1.0
43,TISZA,001F,Gyuk Zsolt,003F,Szakács Péter Lajos,256,256,1.0
43,TISZA,001F,Gyuk Zsolt,003G,Dr. Dicső Viktória,249,249,1.0
43,TISZA,001F,Gyuk Zsolt,003H,Czakó Czirbus Pál,251,251,1.0
43,TISZA,001F,Gyuk Zsolt,003I,Dr. Németh Csilla,248,247,0.9959677419354839
43,TISZA,001F,Gyuk Zsolt,003J,Dr. Kovács Gyula,255,255,1.0
43,TISZA,001F,Gyuk Zsolt,003K,Horváth Nándor Zsolt,255,255,1.0
43,TISZA,001F,Gyuk Zsolt,003L,Kapronczai Balázs,251,251,1.0
43,TISZA,001F,Gyuk Zsolt,003M,Dr. Juhász Áron,252,252,1.0
43,TISZA,001F,Gyuk Zsolt,003N,Kiss János,237,237,1.0
43,TISZA,001F,Gyuk Zsolt,003O,Gyömbér Dávid,253,253,1.0
43,TISZA,001F,Gyuk Zsolt,003P,Havasi Balázs,243,243,1.0
43,TISZA,001F,Gyuk Zsolt,003Q,Dr. Kovács Áron,254,254,1.0
43,TISZA,001F,Gyuk Zsolt,003R,Csiszár Béla,255,255,1.0
43,TISZA,001F,Gyuk Zsolt,003S,Dr. Szijjártó Gábor,253,253,1.0
43,TISZA,001F,Gyuk Zsolt,003T,Rápli Róbert,247,246,0.9959514170040485
43,TISZA,001F,Gyuk Zsolt,003U,Ujvári Szilvia,256,255,0.99609375
43,TISZA,001F,Gyuk Zsolt,003V,Dr. Farkas Csongor,256,256,1.0
43,TISZA,001F,Gyuk Zsolt,003W,Csák László,252,252,1.0
43,TISZA,001F,Gyuk Zsolt,003X,Néher András,253,253,1.0
43,TISZA,001F,Gyuk Zsolt,003Y,Bárkányi Bence,256,256,1.0
43,TISZA,001F,Gyuk Zsolt,003Z,Ferenczi Gábor,254,254,1.0
43,TISZA,001F,Gyuk Zsolt,0040,Dr. Nagy Márta,254,254,1.0
43,TISZA,001F,Gyuk Zsolt,0041,Dr. Gáspár Levente,254,254,1.0
43,TISZA,001F,Gyuk Zsolt,0042,Dr. Hallerné Dr. Nagy Anikó,240,239,0.9958333333333333
43,TISZA,001F,Gyuk Zsolt,0043,Dr. Bihari Zoltán,251,246,0.9800796812749004
43,TISZA,001F,Gyuk Zsolt,0044,Lontay László,247,247,1.0
43,TISZA,001F,Gyuk Zsolt,0045,Cseh Tamás,251,249,0.9920318725099602
43,TISZA,001F,Gyuk Zsolt,0046,Benke József,255,255,1.0
43,TISZA,001F,Gyuk Zsolt,0047,Hatala-Orosz Csaba,254,253,0.9960629921259843
43,TISZA,001F,Gyuk Zsolt,0048,Rózsahegyi Áron,238,238,1.0
43,TISZA,001F,Gyuk Zsolt,0049,Dr. Czipa András,195,195,1.0
43,TISZA,001F,Gyuk Zsolt,004A,Juhász Roland Csongor,256,256,1.0
43,TISZA,001F,Gyuk Zsolt,004B,Karsai-Juhász Katalin,246,246,1.0
43,TISZA,001F,Gyuk Zsolt,004C,Judák Zsolt,255,253,0.9921568627450981
43,TISZA,001F,Gyuk Zsolt,004D,Polgár György,256,256,1.0
43,TISZA,001F,Gyuk Zsolt,004E,Tárkányi Zsolt,244,243,0.9959016393442623
43,TISZA,001F,Gyuk Zsolt,004F,Dr. Stumpf Péter,256,255,0.99609375
43,TISZA,001F,Gyuk Zsolt,004G,Gajda Attila,254,252,0.9921259842519685
43,TISZA,001F,Gyuk Zsolt,004H,Molnár János,255,255,1.0
43,TISZA,001F,Gyuk Zsolt,k122,Kármán András,227,226,0.9955947136563876
43,TISZA,001F,Gyuk Zsolt,m076,Magyar Péter,189,189,1.0
43,TISZA,001F,Gyuk Zsolt,t067,Tarr Zoltán,229,226,0.9868995633187773
43,TISZA,001G,Schummer Orsolya,001H,Varga Lőrinc Mihály,250,249,0.996
43,TISZA,001G,Schummer Orsolya,001I,Sóti Anikó Zsuzsanna,249,248,0.9959839357429718
43,TISZA,001G,Schummer Orsolya,001J,Dr. Rák Richárd,247,246,0.9959514170040485
43,TISZA,001G,Schummer Orsolya,001K,Hajdu Márton,189,187,0.9894179894179894
43,TISZA,001G,Schummer Orsolya,001L,Pásztor Anett,251,250,0.9960159362549801
43,TISZA,001G,Schummer Orsolya,001M,Dr. Hantosi István,246,244,0.991869918699187
43,TISZA,001G,Schummer Orsolya,001N,Gyöngyösi István,243,238,0.9794238683127572
43,TISZA,001G,Schummer Orsolya,001O,Dr. Sasi-Nagy Edit,252,251,0.996031746031746
43,TISZA,001G,Schummer Orsolya,001P,Balogh Mihály,224,223,0.9955357142857143
43,TISZA,001G,Schummer Orsolya,001Q,Császár Martin,250,249,0.996
43,TISZA,001G,Schummer Orsolya,001R,Berki Ákos,250,248,0.992
43,TISZA,001G,Schummer Orsolya,001S,Dr. Simon Krisztián Márk,250,249,0.996
43,TISZA,001G,Schummer Orsolya,001T,Tóth Tamás,242,241,0.9958677685950413
43,TISZA,001G,Schummer Orsolya,001U,Kőszegi Krisztián,240,237,0.9875
43,TISZA,001G,Schummer Orsolya,001V,Dr. Kiss Máté Zsolt,252,250,0.9920634920634921
43,TISZA,001G,Schummer Orsolya,001W,Lukács Gábor,250,249,0.996
43,TISZA,001G,Schummer Orsolya,001X,Kaprinyák Tibor,251,250,0.9960159362549801
43,TISZA,001G,Schummer Orsolya,001Y,Porcher Áron,250,249,0.996
43,TISZA,001G,Schummer Orsolya,001Z,Boda Nikoletta,248,247,0.9959677419354839
43,TISZA,001G,Schummer Orsolya,0020,Dr. Koncz Áron,252,251,0.996031746031746
43,TISZA,001G,Schummer Orsolya,0021,László Endre Márton,252,250,0.9920634920634921
43,TISZA,001G,Schummer Orsolya,0022,Perticsné Kácsor Andrea,251,249,0.9920318725099602
43,TISZA,001G,Schummer Orsolya,0023,Tóthmajor Balázs,252,251,0.996031746031746
43,TISZA,001G,Schummer Orsolya,0024,Dr. Ruzsa Diána,250,246,0.984
43,TISZA,001G,Schummer Orsolya,0025,Dr. Sopov Ildikó Éva,230,229,0.9956521739130435
43,TISZA,001G,Schummer Orsolya,0026,Dr. Bódis Péter,249,244,0.9799196787148594
43,TISZA,001G,Schummer Orsolya,0027,Diószegi Judit,250,249,0.996
43,TISZA,001G,Schummer Orsolya,0028,Bodóczi István,252,251,0.996031746031746
43,TISZA,001G,Schummer Orsolya,0029,Müller Anna,252,250,0.9920634920634921
43,TISZA,001G,Schummer Orsolya,002A,Trompler Ildikó,247,243,0.9838056680161943
43,TISZA,001G,Schummer Orsolya,002B,Dr. Miskolczi Orsolya,252,251,0.996031746031746
43,TISZA,001G,Schummer Orsolya,002C,Jelencsik József,231,230,0.9956709956709957
43,TISZA,001G,Schummer Orsolya,002D,Dr. Szabó Alexandra,251,250,0.9960159362549801
43,TISZA,001G,Schummer Orsolya,002E,Halmai Ferenc,234,233,0.9957264957264957
43,TISZA,001G,Schummer Orsolya,002F,Dr. Bögi Viktória,242,238,0.9834710743801653
43,TISZA,001G,Schummer Orsolya,002G,Tompa Enikő,250,248,0.992
43,TISZA,001G,Schummer Orsolya,002H,Dr. Gurzó Mária,251,250,0.9960159362549801
43,TISZA,001G,Schummer Orsolya,002I,Dr. Lőrincz Viktória,242,239,0.987603305785124
43,TISZA,001G,Schummer Orsolya,002J,Dr. Barna-Szabó Tímea,243,242,0.9958847736625515
43,TISZA,001G,Schummer Orsolya,002K,Dr. Sárosi József,252,251,0.996031746031746
43,TISZA,001G,Schummer Orsolya,002L,Csatári Ernő,248,246,0.9919354838709677
43,TISZA,001G,Schummer Orsolya,002M,Bakos Csaba Attila,250,249,0.996
43,TISZA,001G,Schummer Orsolya,002N,Strompová Viktória,251,250,0.9960159362549801
43,TISZA,001G,Schummer Orsolya,002O,Borics Mihály,246,245,0.9959349593495935
43,TISZA,001G,Schummer Orsolya,002P,Csőszi Attila,250,247,0.988
43,TISZA,001G,Schummer Orsolya,002Q,Veres Ádám,236,235,0.9957627118644068
43,TISZA,001G,Schummer Orsolya,002R,Szabó Tibor,251,250,0.9960159362549801
43,TISZA,001G,Schummer Orsolya,002S,Hende Máté,247,246,0.9959514170040485
43,TISZA,001G,Schummer Orsolya,002T,Balajti István,251,250,0.9960159362549801
43,TISZA,001G,Schummer Orsolya,002U,Muhari Gergely,244,243,0.9959016393442623
43,TISZA,001G,Schummer Orsolya,002V,Weigand István,244,243,0.9959016393442623
43,TISZA,001G,Schummer Orsolya,002W,Dr. Virágh Gabriella Mária,252,251,0.996031746031746
43,TISZA,001G,Schummer Orsolya,002X,Trentin Balázs,215,214,0.9953488372093023
43,TISZA,001G,Schummer Orsolya,002Y,Szimon Renáta,232,231,0.9956896551724138
43,TISZA,001G,Schummer Orsolya,002Z,Dr. Bilisics Zita,246,245,0.9959349593495935
43,TISZA,001G,Schummer Orsolya,0030,Dr. Porpáczy Krisztina,247,246,0.9959514170040485
43,TISZA,001G,Schummer Orsolya,0031,Bicskei László,251,250,0.9960159362549801
43,TISZA,001G,Schummer Orsolya,0032,Dr. Árvay Nikolett,240,238,0.9916666666666667
43,TISZA,001G,Schummer Orsolya,0033,Varga Balázs,246,245,0.9959349593495935
43,TISZA,001G,Schummer Orsolya,0034,Csontos Bence,249,246,0.9879518072289156
43,TISZA,001G,Schummer Orsolya,0035,Dr. Simon Zsuzsánna,244,243,0.9959016393442623
43,TISZA,001G,Schummer Orsolya,0036,Ráki Zsolt,252,251,0.996031746031746
43,TISZA,001G,Schummer Orsolya,0037,Dr. Bóka Zsolt,247,245,0.9919028340080972
43,TISZA,001G,Schummer Orsolya,0038,Kovács Petra Judit,246,244,0.991869918699187
43,TISZA,001G,Schummer Orsolya,0039,Dr. Bugya László,252,251,0.996031746031746
43,TISZA,001G,Schummer Orsolya,003A,Lovkó Csaba,250,249,0.996
43,TISZA,001G,Schummer Orsolya,003B,Tóth Norbert,240,239,0.9958333333333333
43,TISZA,001G,Schummer Orsolya,003C,Dr. Balatincz Péter,177,176,0.9943502824858758
43,TISZA,001G,Schummer Orsolya,003D,Járosi Péter,252,251,0.996031746031746
43,TISZA,001G,Schummer Orsolya,003E,Gombár Dávid,249,248,0.9959839357429718
43,TISZA,001G,Schummer Orsolya,003F,Szakács Péter Lajos,252,251,0.996031746031746
43,TISZA,001G,Schummer Orsolya,003G,Dr. Dicső Viktória,245,244,0.9959183673469387
43,TISZA,001G,Schummer Orsolya,003H,Czakó Czirbus Pál,247,246,0.9959514170040485
43,TISZA,001G,Schummer Orsolya,003I,Dr. Németh Csilla,244,242,0.9918032786885246
43,TISZA,001G,Schummer Orsolya,003J,Dr. Kovács Gyula,251,250,0.9960159362549801
43,TISZA,001G,Schummer Orsolya,003K,Horváth Nándor Zsolt,251,250,0.9960159362549801
43,TISZA,001G,Schummer Orsolya,003L,Kapronczai Balázs,248,247,0.9959677419354839
43,TISZA,001G,Schummer Orsolya,003M,Dr. Juhász Áron,248,247,0.9959677419354839
43,TISZA,001G,Schummer Orsolya,003N,Kiss János,235,234,0.9957446808510638
43,TISZA,001G,Schummer Orsolya,003O,Gyömbér Dávid,251,250,0.9960159362549801
43,TISZA,001G,Schummer Orsolya,003P,Havasi Balázs,240,239,0.9958333333333333
43,TISZA,001G,Schummer Orsolya,003Q,Dr. Kovács Áron,250,249,0.996
43,TISZA,001G,Schummer Orsolya,003R,Csiszár Béla,251,250,0.9960159362549801
43,TISZA,001G,Schummer Orsolya,003S,Dr. Szijjártó Gábor,249,248,0.9959839357429718
43,TISZA,001G,Schummer Orsolya,003T,Rápli Róbert,243,242,0.9958847736625515
43,TISZA,001G,Schummer Orsolya,003U,Ujvári Szilvia,252,250,0.9920634920634921
43,TISZA,001G,Schummer Orsolya,003V,Dr. Farkas Csongor,252,251,0.996031746031746
43,TISZA,001G,Schummer Orsolya,003W,Csák László,248,247,0.9959677419354839
43,TISZA,001G,Schummer Orsolya,003X,Néher András,249,248,0.9959839357429718
43,TISZA,001G,Schummer Orsolya,003Y,Bárkányi Bence,252,251,0.996031746031746
43,TISZA,001G,Schummer Orsolya,003Z,Ferenczi Gábor,252,251,0.996031746031746
43,TISZA,001G,Schummer Orsolya,0040,Dr. Nagy Márta,250,249,0.996
43,TISZA,001G,Schummer Orsolya,0041,Dr. Gáspár Levente,250,249,0.996
43,TISZA,001G,Schummer Orsolya,0042,Dr. Hallerné Dr. Nagy Anikó,236,234,0.9915254237288136
43,TISZA,001G,Schummer Orsolya,0043,Dr. Bihari Zoltán,247,241,0.9757085020242915
43,TISZA,001G,Schummer Orsolya,0044,Lontay László,244,243,0.9959016393442623
43,TISZA,001G,Schummer Orsolya,0045,Cseh Tamás,247,245,0.9919028340080972
43,TISZA,001G,Schummer Orsolya,0046,Benke József,251,250,0.9960159362549801
43,TISZA,001G,Schummer Orsolya,0047,Hatala-Orosz Csaba,251,249,0.9920318725099602
43,TISZA,001G,Schummer Orsolya,0048,Rózsahegyi Áron,234,233,0.9957264957264957
43,TISZA,001G,Schummer Orsolya,0049,Dr. Czipa András,194,193,0.9948453608247423
43,TISZA,001G,Schummer Orsolya,004A,Juhász Roland Csongor,252,251,0.996031746031746
43,TISZA,001G,Schummer Orsolya,004B,Karsai-Juhász Katalin,244,243,0.9959016393442623
43,TISZA,001G,Schummer Orsolya,004C,Judák Zsolt,251,248,0.9880478087649402
43,TISZA,001G,Schummer Orsolya,004D,Polgár György,252,251,0.996031746031746
43,TISZA,001G,Schummer Orsolya,004E,Tárkányi Zsolt,242,240,0.9917355371900827
43,TISZA,001G,Schummer Orsolya,004F,Dr. Stumpf Péter,252,250,0.9920634920634921
43,TISZA,001G,Schummer Orsolya,004G,Gajda Attila,250,247,0.988
43,TISZA,001G,Schummer Orsolya,004H,Molnár János,251,250,0.9960159362549801
43,TISZA,001G,Schummer Orsolya,k122,Kármán András,223,221,0.9910313901345291
43,TISZA,001G,Schummer Orsolya,m076,Magyar Péter,188,187,0.9946808510638298
43,TISZA,001G,Schummer Orsolya,t067,Tarr Zoltán,227,223,0.9823788546255506
43,TISZA,001H,Varga Lőrinc Mihály,001I,Sóti Anikó Zsuzsanna,251,251,1.0
43,TISZA,001H,Varga Lőrinc Mihály,001J,Dr. Rák Richárd,250,250,1.0
43,TISZA,001H,Varga Lőrinc Mihály,001K,Hajdu Márton,193,191,0.9896373056994818
43,TISZA,001H,Varga Lőrinc Mihály,001L,Pásztor Anett,253,253,1.0
43,TISZA,001H,Varga Lőrinc Mihály,001M,Dr. Hantosi István,248,247,0.9959677419354839
43,TISZA,001H,Varga Lőrinc Mihály,001N,Gyöngyösi István,244,240,0.9836065573770492
43,TISZA,001H,Varga Lőrinc Mihály,001O,Dr. Sasi-Nagy Edit,254,254,1.0
43,TISZA,001H,Varga Lőrinc Mihály,001P,Balogh Mihály,226,226,1.0
43,TISZA,001H,Varga Lőrinc Mihály,001Q,Császár Martin,251,251,1.0
43,TISZA,001H,Varga Lőrinc Mihály,001R,Berki Ákos,252,251,0.996031746031746
43,TISZA,001H,Varga Lőrinc Mihály,001S,Dr. Simon Krisztián Márk,252,252,1.0
43,TISZA,001H,Varga Lőrinc Mihály,001T,Tóth Tamás,244,244,1.0
43,TISZA,001H,Varga Lőrinc Mihály,001U,Kőszegi Krisztián,241,239,0.991701244813278
43,TISZA,001H,Varga Lőrinc Mihály,001V,Dr. Kiss Máté Zsolt,253,252,0.9960474308300395
43,TISZA,001H,Varga Lőrinc Mihály,001W,Lukács Gábor,252,252,1.0
43,TISZA,001H,Varga Lőrinc Mihály,001X,Kaprinyák Tibor,253,253,1.0
43,TISZA,001H,Varga Lőrinc Mihály,001Y,Porcher Áron,252,252,1.0
43,TISZA,001H,Varga Lőrinc Mihály,001Z,Boda Nikoletta,251,251,1.0
43,TISZA,001H,Varga Lőrinc Mihály,0020,Dr. Koncz Áron,254,254,1.0
43,TISZA,001H,Varga Lőrinc Mihály,0021,László Endre Márton,254,253,0.9960629921259843
43,TISZA,001H,Varga Lőrinc Mihály,0022,Perticsné Kácsor Andrea,253,252,0.9960474308300395
43,TISZA,001H,Varga Lőrinc Mihály,0023,Tóthmajor Balázs,254,254,1.0
43,TISZA,001H,Varga Lőrinc Mihály,0024,Dr. Ruzsa Diána,252,249,0.9880952380952381
43,TISZA,001H,Varga Lőrinc Mihály,0025,Dr. Sopov Ildikó Éva,233,233,1.0
43,TISZA,001H,Varga Lőrinc Mihály,0026,Dr. Bódis Péter,248,244,0.9838709677419355
43,TISZA,001H,Varga Lőrinc Mihály,0027,Diószegi Judit,252,252,1.0
43,TISZA,001H,Varga Lőrinc Mihály,0028,Bodóczi István,254,254,1.0
43,TISZA,001H,Varga Lőrinc Mihály,0029,Müller Anna,254,253,0.9960629921259843
43,TISZA,001H,Varga Lőrinc Mihály,002A,Trompler Ildikó,249,246,0.9879518072289156
43,TISZA,001H,Varga Lőrinc Mihály,002B,Dr. Miskolczi Orsolya,253,253,1.0
43,TISZA,001H,Varga Lőrinc Mihály,002C,Jelencsik József,233,233,1.0
43,TISZA,001H,Varga Lőrinc Mihály,002D,Dr. Szabó Alexandra,253,253,1.0
43,TISZA,001H,Varga Lőrinc Mihály,002E,Halmai Ferenc,237,237,1.0
43,TISZA,001H,Varga Lőrinc Mihály,002F,Dr. Bögi Viktória,244,241,0.9877049180327869
43,TISZA,001H,Varga Lőrinc Mihály,002G,Tompa Enikő,252,251,0.996031746031746
43,TISZA,001H,Varga Lőrinc Mihály,002H,Dr. Gurzó Mária,253,253,1.0
43,TISZA,001H,Varga Lőrinc Mihály,002I,Dr. Lőrincz Viktória,242,240,0.9917355371900827
43,TISZA,001H,Varga Lőrinc Mihály,002J,Dr. Barna-Szabó Tímea,245,245,1.0
43,TISZA,001H,Varga Lőrinc Mihály,002K,Dr. Sárosi József,254,254,1.0
43,TISZA,001H,Varga Lőrinc Mihály,002L,Csatári Ernő,249,248,0.9959839357429718
43,TISZA,001H,Varga Lőrinc Mihály,002M,Bakos Csaba Attila,252,252,1.0
43,TISZA,001H,Varga Lőrinc Mihály,002N,Strompová Viktória,252,252,1.0
43,TISZA,001H,Varga Lőrinc Mihály,002O,Borics Mihály,247,247,1.0
43,TISZA,001H,Varga Lőrinc Mihály,002P,Csőszi Attila,252,250,0.9920634920634921
43,TISZA,001H,Varga Lőrinc Mihály,002Q,Veres Ádám,238,238,1.0
43,TISZA,001H,Varga Lőrinc Mihály,002R,Szabó Tibor,251,251,1.0
43,TISZA,001H,Varga Lőrinc Mihály,002S,Hende Máté,248,248,1.0
43,TISZA,001H,Varga Lőrinc Mihály,002T,Balajti István,252,252,1.0
43,TISZA,001H,Varga Lőrinc Mihály,002U,Muhari Gergely,245,245,1.0
43,TISZA,001H,Varga Lőrinc Mihály,002V,Weigand István,246,246,1.0
43,TISZA,001H,Varga Lőrinc Mihály,002W,Dr. Virágh Gabriella Mária,254,254,1.0
43,TISZA,001H,Varga Lőrinc Mihály,002X,Trentin Balázs,217,216,0.9953917050691244
43,TISZA,001H,Varga Lőrinc Mihály,002Y,Szimon Renáta,233,233,1.0
43,TISZA,001H,Varga Lőrinc Mihály,002Z,Dr. Bilisics Zita,249,249,1.0
43,TISZA,001H,Varga Lőrinc Mihály,0030,Dr. Porpáczy Krisztina,249,249,1.0
43,TISZA,001H,Varga Lőrinc Mihály,0031,Bicskei László,253,253,1.0
43,TISZA,001H,Varga Lőrinc Mihály,0032,Dr. Árvay Nikolett,242,241,0.9958677685950413
43,TISZA,001H,Varga Lőrinc Mihály,0033,Varga Balázs,249,249,1.0
43,TISZA,001H,Varga Lőrinc Mihály,0034,Csontos Bence,251,249,0.9920318725099602
43,TISZA,001H,Varga Lőrinc Mihály,0035,Dr. Simon Zsuzsánna,244,244,1.0
43,TISZA,001H,Varga Lőrinc Mihály,0036,Ráki Zsolt,254,254,1.0
43,TISZA,001H,Varga Lőrinc Mihály,0037,Dr. Bóka Zsolt,248,247,0.9959677419354839
43,TISZA,001H,Varga Lőrinc Mihály,0038,Kovács Petra Judit,248,247,0.9959677419354839
43,TISZA,001H,Varga Lőrinc Mihály,0039,Dr. Bugya László,254,254,1.0
43,TISZA,001H,Varga Lőrinc Mihály,003A,Lovkó Csaba,252,252,1.0
43,TISZA,001H,Varga Lőrinc Mihály,003B,Tóth Norbert,242,242,1.0
43,TISZA,001H,Varga Lőrinc Mihály,003C,Dr. Balatincz Péter,180,180,1.0
43,TISZA,001H,Varga Lőrinc Mihály,003D,Járosi Péter,254,254,1.0
43,TISZA,001H,Varga Lőrinc Mihály,003E,Gombár Dávid,250,250,1.0
43,TISZA,001H,Varga Lőrinc Mihály,003F,Szakács Péter Lajos,254,254,1.0
43,TISZA,001H,Varga Lőrinc Mihály,003G,Dr. Dicső Viktória,247,247,1.0
43,TISZA,001H,Varga Lőrinc Mihály,003H,Czakó Czirbus Pál,249,249,1.0
43,TISZA,001H,Varga Lőrinc Mihály,003I,Dr. Németh Csilla,246,245,0.9959349593495935
43,TISZA,001H,Varga Lőrinc Mihály,003J,Dr. Kovács Gyula,253,253,1.0
43,TISZA,001H,Varga Lőrinc Mihály,003K,Horváth Nándor Zsolt,253,253,1.0
43,TISZA,001H,Varga Lőrinc Mihály,003L,Kapronczai Balázs,249,249,1.0
43,TISZA,001H,Varga Lőrinc Mihály,003M,Dr. Juhász Áron,251,251,1.0
43,TISZA,001H,Varga Lőrinc Mihály,003N,Kiss János,235,235,1.0
43,TISZA,001H,Varga Lőrinc Mihály,003O,Gyömbér Dávid,252,252,1.0
43,TISZA,001H,Varga Lőrinc Mihály,003P,Havasi Balázs,242,242,1.0
43,TISZA,001H,Varga Lőrinc Mihály,003Q,Dr. Kovács Áron,252,252,1.0
43,TISZA,001H,Varga Lőrinc Mihály,003R,Csiszár Béla,253,253,1.0
43,TISZA,001H,Varga Lőrinc Mihály,003S,Dr. Szijjártó Gábor,251,251,1.0
43,TISZA,001H,Varga Lőrinc Mihály,003T,Rápli Róbert,245,244,0.9959183673469387
43,TISZA,001H,Varga Lőrinc Mihály,003U,Ujvári Szilvia,254,253,0.9960629921259843
43,TISZA,001H,Varga Lőrinc Mihály,003V,Dr. Farkas Csongor,254,254,1.0
43,TISZA,001H,Varga Lőrinc Mihály,003W,Csák László,250,250,1.0
43,TISZA,001H,Varga Lőrinc Mihály,003X,Néher András,252,252,1.0
43,TISZA,001H,Varga Lőrinc Mihály,003Y,Bárkányi Bence,254,254,1.0
43,TISZA,001H,Varga Lőrinc Mihály,003Z,Ferenczi Gábor,252,252,1.0
43,TISZA,001H,Varga Lőrinc Mihály,0040,Dr. Nagy Márta,252,252,1.0
43,TISZA,001H,Varga Lőrinc Mihály,0041,Dr. Gáspár Levente,252,252,1.0
43,TISZA,001H,Varga Lőrinc Mihály,0042,Dr. Hallerné Dr. Nagy Anikó,238,237,0.9957983193277311
43,TISZA,001H,Varga Lőrinc Mihály,0043,Dr. Bihari Zoltán,249,245,0.9839357429718876
43,TISZA,001H,Varga Lőrinc Mihály,0044,Lontay László,245,245,1.0
43,TISZA,001H,Varga Lőrinc Mihály,0045,Cseh Tamás,249,247,0.9919678714859438
43,TISZA,001H,Varga Lőrinc Mihály,0046,Benke József,253,253,1.0
43,TISZA,001H,Varga Lőrinc Mihály,0047,Hatala-Orosz Csaba,252,251,0.996031746031746
43,TISZA,001H,Varga Lőrinc Mihály,0048,Rózsahegyi Áron,236,236,1.0
43,TISZA,001H,Varga Lőrinc Mihály,0049,Dr. Czipa András,195,195,1.0
43,TISZA,001H,Varga Lőrinc Mihály,004A,Juhász Roland Csongor,254,254,1.0
43,TISZA,001H,Varga Lőrinc Mihály,004B,Karsai-Juhász Katalin,244,244,1.0
43,TISZA,001H,Varga Lőrinc Mihály,004C,Judák Zsolt,253,251,0.9920948616600791
43,TISZA,001H,Varga Lőrinc Mihály,004D,Polgár György,254,254,1.0
43,TISZA,001H,Varga Lőrinc Mihály,004E,Tárkányi Zsolt,242,241,0.9958677685950413
43,TISZA,001H,Varga Lőrinc Mihály,004F,Dr. Stumpf Péter,254,253,0.9960629921259843
43,TISZA,001H,Varga Lőrinc Mihály,004G,Gajda Attila,252,250,0.9920634920634921
43,TISZA,001H,Varga Lőrinc Mihály,004H,Molnár János,253,253,1.0
43,TISZA,001H,Varga Lőrinc Mihály,k122,Kármán András,226,225,0.995575221238938
43,TISZA,001H,Varga Lőrinc Mihály,m076,Magyar Péter,187,187,1.0
43,TISZA,001H,Varga Lőrinc Mihály,t067,Tarr Zoltán,227,224,0.986784140969163
43,TISZA,001I,Sóti Anikó Zsuzsanna,001J,Dr. Rák Richárd,248,248,1.0
43,TISZA,001I,Sóti Anikó Zsuzsanna,001K,Hajdu Márton,192,190,0.9895833333333334
43,TISZA,001I,Sóti Anikó Zsuzsanna,001L,Pásztor Anett,252,252,1.0
43,TISZA,001I,Sóti Anikó Zsuzsanna,001M,Dr. Hantosi István,246,245,0.9959349593495935
43,TISZA,001I,Sóti Anikó Zsuzsanna,001N,Gyöngyösi István,243,240,0.9876543209876543
43,TISZA,001I,Sóti Anikó Zsuzsanna,001O,Dr. Sasi-Nagy Edit,253,253,1.0
43,TISZA,001I,Sóti Anikó Zsuzsanna,001P,Balogh Mihály,227,227,1.0
43,TISZA,001I,Sóti Anikó Zsuzsanna,001Q,Császár Martin,250,250,1.0
43,TISZA,001I,Sóti Anikó Zsuzsanna,001R,Berki Ákos,251,250,0.9960159362549801
43,TISZA,001I,Sóti Anikó Zsuzsanna,001S,Dr. Simon Krisztián Márk,251,251,1.0
43,TISZA,001I,Sóti Anikó Zsuzsanna,001T,Tóth Tamás,243,243,1.0
43,TISZA,001I,Sóti Anikó Zsuzsanna,001U,Kőszegi Krisztián,240,238,0.9916666666666667
43,TISZA,001I,Sóti Anikó Zsuzsanna,001V,Dr. Kiss Máté Zsolt,252,251,0.996031746031746
43,TISZA,001I,Sóti Anikó Zsuzsanna,001W,Lukács Gábor,252,252,1.0
43,TISZA,001I,Sóti Anikó Zsuzsanna,001X,Kaprinyák Tibor,253,253,1.0
43,TISZA,001I,Sóti Anikó Zsuzsanna,001Y,Porcher Áron,252,252,1.0
43,TISZA,001I,Sóti Anikó Zsuzsanna,001Z,Boda Nikoletta,249,249,1.0
43,TISZA,001I,Sóti Anikó Zsuzsanna,0020,Dr. Koncz Áron,253,253,1.0
43,TISZA,001I,Sóti Anikó Zsuzsanna,0021,László Endre Márton,253,252,0.9960474308300395
43,TISZA,001I,Sóti Anikó Zsuzsanna,0022,Perticsné Kácsor Andrea,252,252,1.0
43,TISZA,001I,Sóti Anikó Zsuzsanna,0023,Tóthmajor Balázs,253,253,1.0
43,TISZA,001I,Sóti Anikó Zsuzsanna,0024,Dr. Ruzsa Diána,251,249,0.9920318725099602
43,TISZA,001I,Sóti Anikó Zsuzsanna,0025,Dr. Sopov Ildikó Éva,231,231,1.0
43,TISZA,001I,Sóti Anikó Zsuzsanna,0026,Dr. Bódis Péter,248,245,0.9879032258064516
43,TISZA,001I,Sóti Anikó Zsuzsanna,0027,Diószegi Judit,251,251,1.0
43,TISZA,001I,Sóti Anikó Zsuzsanna,0028,Bodóczi István,253,253,1.0
43,TISZA,001I,Sóti Anikó Zsuzsanna,0029,Müller Anna,253,253,1.0
43,TISZA,001I,Sóti Anikó Zsuzsanna,002A,Trompler Ildikó,249,247,0.9919678714859438
43,TISZA,001I,Sóti Anikó Zsuzsanna,002B,Dr. Miskolczi Orsolya,252,252,1.0
43,TISZA,001I,Sóti Anikó Zsuzsanna,002C,Jelencsik József,232,232,1.0
43,TISZA,001I,Sóti Anikó Zsuzsanna,002D,Dr. Szabó Alexandra,252,252,1.0
43,TISZA,001I,Sóti Anikó Zsuzsanna,002E,Halmai Ferenc,235,235,1.0
43,TISZA,001I,Sóti Anikó Zsuzsanna,002F,Dr. Bögi Viktória,243,241,0.9917695473251029
43,TISZA,001I,Sóti Anikó Zsuzsanna,002G,Tompa Enikő,251,251,1.0
43,TISZA,001I,Sóti Anikó Zsuzsanna,002H,Dr. Gurzó Mária,252,252,1.0
43,TISZA,001I,Sóti Anikó Zsuzsanna,002I,Dr. Lőrincz Viktória,242,240,0.9917355371900827
43,TISZA,001I,Sóti Anikó Zsuzsanna,002J,Dr. Barna-Szabó Tímea,244,244,1.0
43,TISZA,001I,Sóti Anikó Zsuzsanna,002K,Dr. Sárosi József,253,253,1.0
43,TISZA,001I,Sóti Anikó Zsuzsanna,002L,Csatári Ernő,248,248,1.0
43,TISZA,001I,Sóti Anikó Zsuzsanna,002M,Bakos Csaba Attila,251,251,1.0
43,TISZA,001I,Sóti Anikó Zsuzsanna,002N,Strompová Viktória,252,252,1.0
43,TISZA,001I,Sóti Anikó Zsuzsanna,002O,Borics Mihály,246,246,1.0
43,TISZA,001I,Sóti Anikó Zsuzsanna,002P,Csőszi Attila,251,250,0.9960159362549801
43,TISZA,001I,Sóti Anikó Zsuzsanna,002Q,Veres Ádám,236,236,1.0
43,TISZA,001I,Sóti Anikó Zsuzsanna,002R,Szabó Tibor,250,250,1.0
43,TISZA,001I,Sóti Anikó Zsuzsanna,002S,Hende Máté,247,247,1.0
43,TISZA,001I,Sóti Anikó Zsuzsanna,002T,Balajti István,251,251,1.0
43,TISZA,001I,Sóti Anikó Zsuzsanna,002U,Muhari Gergely,245,245,1.0
43,TISZA,001I,Sóti Anikó Zsuzsanna,002V,Weigand István,245,245,1.0
43,TISZA,001I,Sóti Anikó Zsuzsanna,002W,Dr. Virágh Gabriella Mária,253,253,1.0
43,TISZA,001I,Sóti Anikó Zsuzsanna,002X,Trentin Balázs,216,215,0.9953703703703703
43,TISZA,001I,Sóti Anikó Zsuzsanna,002Y,Szimon Renáta,232,232,1.0
43,TISZA,001I,Sóti Anikó Zsuzsanna,002Z,Dr. Bilisics Zita,248,248,1.0
43,TISZA,001I,Sóti Anikó Zsuzsanna,0030,Dr. Porpáczy Krisztina,249,249,1.0
43,TISZA,001I,Sóti Anikó Zsuzsanna,0031,Bicskei László,252,252,1.0
43,TISZA,001I,Sóti Anikó Zsuzsanna,0032,Dr. Árvay Nikolett,242,241,0.9958677685950413
43,TISZA,001I,Sóti Anikó Zsuzsanna,0033,Varga Balázs,247,247,1.0
43,TISZA,001I,Sóti Anikó Zsuzsanna,0034,Csontos Bence,251,249,0.9920318725099602
43,TISZA,001I,Sóti Anikó Zsuzsanna,0035,Dr. Simon Zsuzsánna,243,243,1.0
43,TISZA,001I,Sóti Anikó Zsuzsanna,0036,Ráki Zsolt,253,253,1.0
43,TISZA,001I,Sóti Anikó Zsuzsanna,0037,Dr. Bóka Zsolt,247,247,1.0
43,TISZA,001I,Sóti Anikó Zsuzsanna,0038,Kovács Petra Judit,248,248,1.0
43,TISZA,001I,Sóti Anikó Zsuzsanna,0039,Dr. Bugya László,253,253,1.0
43,TISZA,001I,Sóti Anikó Zsuzsanna,003A,Lovkó Csaba,250,250,1.0
43,TISZA,001I,Sóti Anikó Zsuzsanna,003B,Tóth Norbert,242,242,1.0
43,TISZA,001I,Sóti Anikó Zsuzsanna,003C,Dr. Balatincz Péter,178,178,1.0
43,TISZA,001I,Sóti Anikó Zsuzsanna,003D,Járosi Péter,253,253,1.0
43,TISZA,001I,Sóti Anikó Zsuzsanna,003E,Gombár Dávid,249,249,1.0
43,TISZA,001I,Sóti Anikó Zsuzsanna,003F,Szakács Péter Lajos,253,253,1.0
43,TISZA,001I,Sóti Anikó Zsuzsanna,003G,Dr. Dicső Viktória,248,248,1.0
43,TISZA,001I,Sóti Anikó Zsuzsanna,003H,Czakó Czirbus Pál,250,250,1.0
43,TISZA,001I,Sóti Anikó Zsuzsanna,003I,Dr. Németh Csilla,245,245,1.0
43,TISZA,001I,Sóti Anikó Zsuzsanna,003J,Dr. Kovács Gyula,252,252,1.0
43,TISZA,001I,Sóti Anikó Zsuzsanna,003K,Horváth Nándor Zsolt,252,252,1.0
43,TISZA,001I,Sóti Anikó Zsuzsanna,003L,Kapronczai Balázs,248,248,1.0
43,TISZA,001I,Sóti Anikó Zsuzsanna,003M,Dr. Juhász Áron,249,249,1.0
43,TISZA,001I,Sóti Anikó Zsuzsanna,003N,Kiss János,234,234,1.0
43,TISZA,001I,Sóti Anikó Zsuzsanna,003O,Gyömbér Dávid,250,250,1.0
43,TISZA,001I,Sóti Anikó Zsuzsanna,003P,Havasi Balázs,240,240,1.0
43,TISZA,001I,Sóti Anikó Zsuzsanna,003Q,Dr. Kovács Áron,251,251,1.0
43,TISZA,001I,Sóti Anikó Zsuzsanna,003R,Csiszár Béla,252,252,1.0
43,TISZA,001I,Sóti Anikó Zsuzsanna,003S,Dr. Szijjártó Gábor,251,251,1.0
43,TISZA,001I,Sóti Anikó Zsuzsanna,003T,Rápli Róbert,244,243,0.9959016393442623
43,TISZA,001I,Sóti Anikó Zsuzsanna,003U,Ujvári Szilvia,253,253,1.0
43,TISZA,001I,Sóti Anikó Zsuzsanna,003V,Dr. Farkas Csongor,253,253,1.0
43,TISZA,001I,Sóti Anikó Zsuzsanna,003W,Csák László,250,250,1.0
43,TISZA,001I,Sóti Anikó Zsuzsanna,003X,Néher András,251,251,1.0
43,TISZA,001I,Sóti Anikó Zsuzsanna,003Y,Bárkányi Bence,253,253,1.0
43,TISZA,001I,Sóti Anikó Zsuzsanna,003Z,Ferenczi Gábor,251,251,1.0
43,TISZA,001I,Sóti Anikó Zsuzsanna,0040,Dr. Nagy Márta,251,251,1.0
43,TISZA,001I,Sóti Anikó Zsuzsanna,0041,Dr. Gáspár Levente,251,251,1.0
43,TISZA,001I,Sóti Anikó Zsuzsanna,0042,Dr. Hallerné Dr. Nagy Anikó,238,237,0.9957983193277311
43,TISZA,001I,Sóti Anikó Zsuzsanna,0043,Dr. Bihari Zoltán,248,243,0.9798387096774194
43,TISZA,001I,Sóti Anikó Zsuzsanna,0044,Lontay László,244,244,1.0
43,TISZA,001I,Sóti Anikó Zsuzsanna,0045,Cseh Tamás,248,246,0.9919354838709677
43,TISZA,001I,Sóti Anikó Zsuzsanna,0046,Benke József,252,252,1.0
43,TISZA,001I,Sóti Anikó Zsuzsanna,0047,Hatala-Orosz Csaba,251,251,1.0
43,TISZA,001I,Sóti Anikó Zsuzsanna,0048,Rózsahegyi Áron,235,235,1.0
43,TISZA,001I,Sóti Anikó Zsuzsanna,0049,Dr. Czipa András,194,194,1.0
43,TISZA,001I,Sóti Anikó Zsuzsanna,004A,Juhász Roland Csongor,253,253,1.0
43,TISZA,001I,Sóti Anikó Zsuzsanna,004B,Karsai-Juhász Katalin,243,243,1.0
43,TISZA,001I,Sóti Anikó Zsuzsanna,004C,Judák Zsolt,253,252,0.9960474308300395
43,TISZA,001I,Sóti Anikó Zsuzsanna,004D,Polgár György,253,253,1.0
43,TISZA,001I,Sóti Anikó Zsuzsanna,004E,Tárkányi Zsolt,241,240,0.995850622406639
43,TISZA,001I,Sóti Anikó Zsuzsanna,004F,Dr. Stumpf Péter,253,252,0.9960474308300395
43,TISZA,001I,Sóti Anikó Zsuzsanna,004G,Gajda Attila,251,250,0.9960159362549801
43,TISZA,001I,Sóti Anikó Zsuzsanna,004H,Molnár János,252,252,1.0
43,TISZA,001I,Sóti Anikó Zsuzsanna,k122,Kármán András,224,223,0.9955357142857143
43,TISZA,001I,Sóti Anikó Zsuzsanna,m076,Magyar Péter,187,187,1.0
43,TISZA,001I,Sóti Anikó Zsuzsanna,t067,Tarr Zoltán,227,224,0.986784140969163
43,TISZA,001J,Dr. Rák Richárd,001K,Hajdu Márton,189,187,0.9894179894179894
43,TISZA,001J,Dr. Rák Richárd,001L,Pásztor Anett,250,250,1.0
43,TISZA,001J,Dr. Rák Richárd,001M,Dr. Hantosi István,247,246,0.9959514170040485
43,TISZA,001J,Dr. Rák Richárd,001N,Gyöngyösi István,241,237,0.983402489626556
43,TISZA,001J,Dr. Rák Richárd,001O,Dr. Sasi-Nagy Edit,251,251,1.0
43,TISZA,001J,Dr. Rák Richárd,001P,Balogh Mihály,223,223,1.0
43,TISZA,001J,Dr. Rák Richárd,001Q,Császár Martin,248,248,1.0
43,TISZA,001J,Dr. Rák Richárd,001R,Berki Ákos,249,248,0.9959839357429718
43,TISZA,001J,Dr. Rák Richárd,001S,Dr. Simon Krisztián Márk,250,250,1.0
43,TISZA,001J,Dr. Rák Richárd,001T,Tóth Tamás,241,241,1.0
43,TISZA,001J,Dr. Rák Richárd,001U,Kőszegi Krisztián,239,237,0.9916317991631799
43,TISZA,001J,Dr. Rák Richárd,001V,Dr. Kiss Máté Zsolt,250,249,0.996
43,TISZA,001J,Dr. Rák Richárd,001W,Lukács Gábor,249,249,1.0
43,TISZA,001J,Dr. Rák Richárd,001X,Kaprinyák Tibor,250,250,1.0
43,TISZA,001J,Dr. Rák Richárd,001Y,Porcher Áron,249,249,1.0
43,TISZA,001J,Dr. Rák Richárd,001Z,Boda Nikoletta,247,247,1.0
43,TISZA,001J,Dr. Rák Richárd,0020,Dr. Koncz Áron,251,251,1.0
43,TISZA,001J,Dr. Rák Richárd,0021,László Endre Márton,251,250,0.9960159362549801
43,TISZA,001J,Dr. Rák Richárd,0022,Perticsné Kácsor Andrea,250,249,0.996
43,TISZA,001J,Dr. Rák Richárd,0023,Tóthmajor Balázs,251,251,1.0
43,TISZA,001J,Dr. Rák Richárd,0024,Dr. Ruzsa Diána,249,246,0.9879518072289156
43,TISZA,001J,Dr. Rák Richárd,0025,Dr. Sopov Ildikó Éva,230,230,1.0
43,TISZA,001J,Dr. Rák Richárd,0026,Dr. Bódis Péter,245,242,0.9877551020408163
43,TISZA,001J,Dr. Rák Richárd,0027,Diószegi Judit,249,249,1.0
43,TISZA,001J,Dr. Rák Richárd,0028,Bodóczi István,251,251,1.0
43,TISZA,001J,Dr. Rák Richárd,0029,Müller Anna,251,250,0.9960159362549801
43,TISZA,001J,Dr. Rák Richárd,002A,Trompler Ildikó,246,243,0.9878048780487805
43,TISZA,001J,Dr. Rák Richárd,002B,Dr. Miskolczi Orsolya,250,250,1.0
43,TISZA,001J,Dr. Rák Richárd,002C,Jelencsik József,230,230,1.0
43,TISZA,001J,Dr. Rák Richárd,002D,Dr. Szabó Alexandra,250,250,1.0
43,TISZA,001J,Dr. Rák Richárd,002E,Halmai Ferenc,234,234,1.0
43,TISZA,001J,Dr. Rák Richárd,002F,Dr. Bögi Viktória,241,238,0.9875518672199171
43,TISZA,001J,Dr. Rák Richárd,002G,Tompa Enikő,249,248,0.9959839357429718
43,TISZA,001J,Dr. Rák Richárd,002H,Dr. Gurzó Mária,250,250,1.0
43,TISZA,001J,Dr. Rák Richárd,002I,Dr. Lőrincz Viktória,239,237,0.9916317991631799
43,TISZA,001J,Dr. Rák Richárd,002J,Dr. Barna-Szabó Tímea,243,243,1.0
43,TISZA,001J,Dr. Rák Richárd,002K,Dr. Sárosi József,251,251,1.0
43,TISZA,001J,Dr. Rák Richárd,002L,Csatári Ernő,246,245,0.9959349593495935
43,TISZA,001J,Dr. Rák Richárd,002M,Bakos Csaba Attila,249,249,1.0
43,TISZA,001J,Dr. Rák Richárd,002N,Strompová Viktória,249,249,1.0
43,TISZA,001J,Dr. Rák Richárd,002O,Borics Mihály,244,244,1.0
43,TISZA,001J,Dr. Rák Richárd,002P,Csőszi Attila,249,247,0.9919678714859438
43,TISZA,001J,Dr. Rák Richárd,002Q,Veres Ádám,237,237,1.0
43,TISZA,001J,Dr. Rák Richárd,002R,Szabó Tibor,249,249,1.0
43,TISZA,001J,Dr. Rák Richárd,002S,Hende Máté,246,246,1.0
43,TISZA,001J,Dr. Rák Richárd,002T,Balajti István,249,249,1.0
43,TISZA,001J,Dr. Rák Richárd,002U,Muhari Gergely,243,243,1.0
43,TISZA,001J,Dr. Rák Richárd,002V,Weigand István,246,246,1.0
43,TISZA,001J,Dr. Rák Richárd,002W,Dr. Virágh Gabriella Mária,251,251,1.0
43,TISZA,001J,Dr. Rák Richárd,002X,Trentin Balázs,214,213,0.9953271028037384
43,TISZA,001J,Dr. Rák Richárd,002Y,Szimon Renáta,230,230,1.0
43,TISZA,001J,Dr. Rák Richárd,002Z,Dr. Bilisics Zita,246,246,1.0
43,TISZA,001J,Dr. Rák Richárd,0030,Dr. Porpáczy Krisztina,246,246,1.0
43,TISZA,001J,Dr. Rák Richárd,0031,Bicskei László,250,250,1.0
43,TISZA,001J,Dr. Rák Richárd,0032,Dr. Árvay Nikolett,239,238,0.99581589958159
43,TISZA,001J,Dr. Rák Richárd,0033,Varga Balázs,246,246,1.0
43,TISZA,001J,Dr. Rák Richárd,0034,Csontos Bence,248,246,0.9919354838709677
43,TISZA,001J,Dr. Rák Richárd,0035,Dr. Simon Zsuzsánna,241,241,1.0
43,TISZA,001J,Dr. Rák Richárd,0036,Ráki Zsolt,251,251,1.0
43,TISZA,001J,Dr. Rák Richárd,0037,Dr. Bóka Zsolt,245,244,0.9959183673469387
43,TISZA,001J,Dr. Rák Richárd,0038,Kovács Petra Judit,245,244,0.9959183673469387
43,TISZA,001J,Dr. Rák Richárd,0039,Dr. Bugya László,251,251,1.0
43,TISZA,001J,Dr. Rák Richárd,003A,Lovkó Csaba,249,249,1.0
43,TISZA,001J,Dr. Rák Richárd,003B,Tóth Norbert,239,239,1.0
43,TISZA,001J,Dr. Rák Richárd,003C,Dr. Balatincz Péter,176,176,1.0
43,TISZA,001J,Dr. Rák Richárd,003D,Járosi Péter,251,251,1.0
43,TISZA,001J,Dr. Rák Richárd,003E,Gombár Dávid,247,247,1.0
43,TISZA,001J,Dr. Rák Richárd,003F,Szakács Péter Lajos,251,251,1.0
43,TISZA,001J,Dr. Rák Richárd,003G,Dr. Dicső Viktória,244,244,1.0
43,TISZA,001J,Dr. Rák Richárd,003H,Czakó Czirbus Pál,246,246,1.0
43,TISZA,001J,Dr. Rák Richárd,003I,Dr. Németh Csilla,245,244,0.9959183673469387
43,TISZA,001J,Dr. Rák Richárd,003J,Dr. Kovács Gyula,250,250,1.0
43,TISZA,001J,Dr. Rák Richárd,003K,Horváth Nándor Zsolt,250,250,1.0
43,TISZA,001J,Dr. Rák Richárd,003L,Kapronczai Balázs,247,247,1.0
43,TISZA,001J,Dr. Rák Richárd,003M,Dr. Juhász Áron,248,248,1.0
43,TISZA,001J,Dr. Rák Richárd,003N,Kiss János,232,232,1.0
43,TISZA,001J,Dr. Rák Richárd,003O,Gyömbér Dávid,248,248,1.0
43,TISZA,001J,Dr. Rák Richárd,003P,Havasi Balázs,240,240,1.0
43,TISZA,001J,Dr. Rák Richárd,003Q,Dr. Kovács Áron,249,249,1.0
43,TISZA,001J,Dr. Rák Richárd,003R,Csiszár Béla,250,250,1.0
43,TISZA,001J,Dr. Rák Richárd,003S,Dr. Szijjártó Gábor,248,248,1.0
43,TISZA,001J,Dr. Rák Richárd,003T,Rápli Róbert,243,242,0.9958847736625515
43,TISZA,001J,Dr. Rák Richárd,003U,Ujvári Szilvia,251,250,0.9960159362549801
43,TISZA,001J,Dr. Rák Richárd,003V,Dr. Farkas Csongor,251,251,1.0
43,TISZA,001J,Dr. Rák Richárd,003W,Csák László,247,247,1.0
43,TISZA,001J,Dr. Rák Richárd,003X,Néher András,249,249,1.0
43,TISZA,001J,Dr. Rák Richárd,003Y,Bárkányi Bence,251,251,1.0
43,TISZA,001J,Dr. Rák Richárd,003Z,Ferenczi Gábor,249,249,1.0
43,TISZA,001J,Dr. Rák Richárd,0040,Dr. Nagy Márta,249,249,1.0
43,TISZA,001J,Dr. Rák Richárd,0041,Dr. Gáspár Levente,249,249,1.0
43,TISZA,001J,Dr. Rák Richárd,0042,Dr. Hallerné Dr. Nagy Anikó,235,234,0.9957446808510638
43,TISZA,001J,Dr. Rák Richárd,0043,Dr. Bihari Zoltán,246,242,0.983739837398374
43,TISZA,001J,Dr. Rák Richárd,0044,Lontay László,243,243,1.0
43,TISZA,001J,Dr. Rák Richárd,0045,Cseh Tamás,246,244,0.991869918699187
43,TISZA,001J,Dr. Rák Richárd,0046,Benke József,250,250,1.0
43,TISZA,001J,Dr. Rák Richárd,0047,Hatala-Orosz Csaba,249,248,0.9959839357429718
43,TISZA,001J,Dr. Rák Richárd,0048,Rózsahegyi Áron,233,233,1.0
43,TISZA,001J,Dr. Rák Richárd,0049,Dr. Czipa András,195,195,1.0
43,TISZA,001J,Dr. Rák Richárd,004A,Juhász Roland Csongor,251,251,1.0
43,TISZA,001J,Dr. Rák Richárd,004B,Karsai-Juhász Katalin,241,241,1.0
43,TISZA,001J,Dr. Rák Richárd,004C,Judák Zsolt,250,248,0.992
43,TISZA,001J,Dr. Rák Richárd,004D,Polgár György,251,251,1.0
43,TISZA,001J,Dr. Rák Richárd,004E,Tárkányi Zsolt,240,239,0.9958333333333333
43,TISZA,001J,Dr. Rák Richárd,004F,Dr. Stumpf Péter,251,250,0.9960159362549801
43,TISZA,001J,Dr. Rák Richárd,004G,Gajda Attila,249,247,0.9919678714859438
43,TISZA,001J,Dr. Rák Richárd,004H,Molnár János,250,250,1.0
43,TISZA,001J,Dr. Rák Richárd,k122,Kármán András,223,222,0.9955156950672646
43,TISZA,001J,Dr. Rák Richárd,m076,Magyar Péter,185,185,1.0
43,TISZA,001J,Dr. Rák Richárd,t067,Tarr Zoltán,224,221,0.9866071428571429
43,TISZA,001K,Hajdu Márton,001L,Pásztor Anett,192,190,0.9895833333333334
43,TISZA,001K,Hajdu Márton,001M,Dr. Hantosi István,187,185,0.9893048128342246
43,TISZA,001K,Hajdu Márton,001N,Gyöngyösi István,183,181,0.9890710382513661
43,TISZA,001K,Hajdu Márton,001O,Dr. Sasi-Nagy Edit,193,191,0.9896373056994818
43,TISZA,001K,Hajdu Márton,001P,Balogh Mihály,170,170,1.0
43,TISZA,001K,Hajdu Márton,001Q,Császár Martin,190,188,0.9894736842105263
43,TISZA,001K,Hajdu Márton,001R,Berki Ákos,191,188,0.9842931937172775
43,TISZA,001K,Hajdu Márton,001S,Dr. Simon Krisztián Márk,192,190,0.9895833333333334
43,TISZA,001K,Hajdu Márton,001T,Tóth Tamás,190,188,0.9894736842105263
43,TISZA,001K,Hajdu Márton,001U,Kőszegi Krisztián,183,180,0.9836065573770492
43,TISZA,001K,Hajdu Márton,001V,Dr. Kiss Máté Zsolt,192,189,0.984375
43,TISZA,001K,Hajdu Márton,001W,Lukács Gábor,193,191,0.9896373056994818
43,TISZA,001K,Hajdu Márton,001X,Kaprinyák Tibor,193,191,0.9896373056994818
43,TISZA,001K,Hajdu Márton,001Y,Porcher Áron,193,191,0.9896373056994818
43,TISZA,001K,Hajdu Márton,001Z,Boda Nikoletta,190,188,0.9894736842105263
43,TISZA,001K,Hajdu Márton,0020,Dr. Koncz Áron,193,191,0.9896373056994818
43,TISZA,001K,Hajdu Márton,0021,László Endre Márton,193,190,0.9844559585492227
43,TISZA,001K,Hajdu Márton,0022,Perticsné Kácsor Andrea,192,190,0.9895833333333334
43,TISZA,001K,Hajdu Márton,0023,Tóthmajor Balázs,193,191,0.9896373056994818
43,TISZA,001K,Hajdu Márton,0024,Dr. Ruzsa Diána,192,191,0.9947916666666666
43,TISZA,001K,Hajdu Márton,0025,Dr. Sopov Ildikó Éva,186,184,0.989247311827957
43,TISZA,001K,Hajdu Márton,0026,Dr. Bódis Péter,189,187,0.9894179894179894
43,TISZA,001K,Hajdu Márton,0027,Diószegi Judit,191,189,0.9895287958115183
43,TISZA,001K,Hajdu Márton,0028,Bodóczi István,193,191,0.9896373056994818
43,TISZA,001K,Hajdu Márton,0029,Müller Anna,193,191,0.9896373056994818
43,TISZA,001K,Hajdu Márton,002A,Trompler Ildikó,191,191,1.0
43,TISZA,001K,Hajdu Márton,002B,Dr. Miskolczi Orsolya,192,190,0.9895833333333334
43,TISZA,001K,Hajdu Márton,002C,Jelencsik József,172,170,0.9883720930232558
43,TISZA,001K,Hajdu Márton,002D,Dr. Szabó Alexandra,192,190,0.9895833333333334
43,TISZA,001K,Hajdu Márton,002E,Halmai Ferenc,188,186,0.9893617021276596
43,TISZA,001K,Hajdu Márton,002F,Dr. Bögi Viktória,191,191,1.0
43,TISZA,001K,Hajdu Márton,002G,Tompa Enikő,191,189,0.9895287958115183
43,TISZA,001K,Hajdu Márton,002H,Dr. Gurzó Mária,192,190,0.9895833333333334
43,TISZA,001K,Hajdu Márton,002I,Dr. Lőrincz Viktória,185,185,1.0
43,TISZA,001K,Hajdu Márton,002J,Dr. Barna-Szabó Tímea,186,184,0.989247311827957
43,TISZA,001K,Hajdu Márton,002K,Dr. Sárosi József,193,191,0.9896373056994818
43,TISZA,001K,Hajdu Márton,002L,Csatári Ernő,191,188,0.9842931937172775
43,TISZA,001K,Hajdu Márton,002M,Bakos Csaba Attila,192,190,0.9895833333333334
43,TISZA,001K,Hajdu Márton,002N,Strompová Viktória,192,190,0.9895833333333334
43,TISZA,001K,Hajdu Márton,002O,Borics Mihály,188,186,0.9893617021276596
43,TISZA,001K,Hajdu Márton,002P,Csőszi Attila,192,189,0.984375
43,TISZA,001K,Hajdu Márton,002Q,Veres Ádám,179,177,0.9888268156424581
43,TISZA,001K,Hajdu Márton,002R,Szabó Tibor,190,188,0.9894736842105263
43,TISZA,001K,Hajdu Márton,002S,Hende Máté,187,186,0.9946524064171123
43,TISZA,001K,Hajdu Márton,002T,Balajti István,191,189,0.9895287958115183
43,TISZA,001K,Hajdu Márton,002U,Muhari Gergely,188,186,0.9893617021276596
43,TISZA,001K,Hajdu Márton,002V,Weigand István,187,185,0.9893048128342246
43,TISZA,001K,Hajdu Márton,002W,Dr. Virágh Gabriella Mária,193,191,0.9896373056994818
43,TISZA,001K,Hajdu Márton,002X,Trentin Balázs,192,189,0.984375
43,TISZA,001K,Hajdu Márton,002Y,Szimon Renáta,180,178,0.9888888888888889
43,TISZA,001K,Hajdu Márton,002Z,Dr. Bilisics Zita,190,188,0.9894736842105263
43,TISZA,001K,Hajdu Márton,0030,Dr. Porpáczy Krisztina,191,189,0.9895287958115183
43,TISZA,001K,Hajdu Márton,0031,Bicskei László,193,191,0.9896373056994818
43,TISZA,001K,Hajdu Márton,0032,Dr. Árvay Nikolett,190,187,0.9842105263157894
43,TISZA,001K,Hajdu Márton,0033,Varga Balázs,192,190,0.9895833333333334
43,TISZA,001K,Hajdu Márton,0034,Csontos Bence,192,192,1.0
43,TISZA,001K,Hajdu Márton,0035,Dr. Simon Zsuzsánna,183,181,0.9890710382513661
43,TISZA,001K,Hajdu Márton,0036,Ráki Zsolt,193,191,0.9896373056994818
43,TISZA,001K,Hajdu Márton,0037,Dr. Bóka Zsolt,188,185,0.9840425531914894
43,TISZA,001K,Hajdu Márton,0038,Kovács Petra Judit,190,188,0.9894736842105263
43,TISZA,001K,Hajdu Márton,0039,Dr. Bugya László,193,191,0.9896373056994818
43,TISZA,001K,Hajdu Márton,003A,Lovkó Csaba,192,190,0.9895833333333334
43,TISZA,001K,Hajdu Márton,003B,Tóth Norbert,187,185,0.9893048128342246
43,TISZA,001K,Hajdu Márton,003C,Dr. Balatincz Péter,132,130,0.9848484848484849
43,TISZA,001K,Hajdu Márton,003D,Járosi Péter,193,191,0.9896373056994818
43,TISZA,001K,Hajdu Márton,003E,Gombár Dávid,191,189,0.9895287958115183
43,TISZA,001K,Hajdu Márton,003F,Szakács Péter Lajos,193,191,0.9896373056994818
43,TISZA,001K,Hajdu Márton,003G,Dr. Dicső Viktória,188,186,0.9893617021276596
43,TISZA,001K,Hajdu Márton,003H,Czakó Czirbus Pál,189,187,0.9894179894179894
43,TISZA,001K,Hajdu Márton,003I,Dr. Németh Csilla,188,185,0.9840425531914894
43,TISZA,001K,Hajdu Márton,003J,Dr. Kovács Gyula,192,190,0.9895833333333334
43,TISZA,001K,Hajdu Márton,003K,Horváth Nándor Zsolt,192,190,0.9895833333333334
43,TISZA,001K,Hajdu Márton,003L,Kapronczai Balázs,188,186,0.9893617021276596
43,TISZA,001K,Hajdu Márton,003M,Dr. Juhász Áron,191,189,0.9895287958115183
43,TISZA,001K,Hajdu Márton,003N,Kiss János,177,175,0.9887005649717514
43,TISZA,001K,Hajdu Márton,003O,Gyömbér Dávid,191,189,0.9895287958115183
43,TISZA,001K,Hajdu Márton,003P,Havasi Balázs,190,188,0.9894736842105263
43,TISZA,001K,Hajdu Márton,003Q,Dr. Kovács Áron,191,189,0.9895287958115183
43,TISZA,001K,Hajdu Márton,003R,Csiszár Béla,192,190,0.9895833333333334
43,TISZA,001K,Hajdu Márton,003S,Dr. Szijjártó Gábor,192,190,0.9895833333333334
43,TISZA,001K,Hajdu Márton,003T,Rápli Róbert,187,184,0.983957219251337
43,TISZA,001K,Hajdu Márton,003U,Ujvári Szilvia,193,190,0.9844559585492227
43,TISZA,001K,Hajdu Márton,003V,Dr. Farkas Csongor,193,191,0.9896373056994818
43,TISZA,001K,Hajdu Márton,003W,Csák László,190,188,0.9894736842105263
43,TISZA,001K,Hajdu Márton,003X,Néher András,193,191,0.9896373056994818
43,TISZA,001K,Hajdu Márton,003Y,Bárkányi Bence,193,191,0.9896373056994818
43,TISZA,001K,Hajdu Márton,003Z,Ferenczi Gábor,191,189,0.9895287958115183
43,TISZA,001K,Hajdu Márton,0040,Dr. Nagy Márta,193,191,0.9896373056994818
43,TISZA,001K,Hajdu Márton,0041,Dr. Gáspár Levente,191,189,0.9895287958115183
43,TISZA,001K,Hajdu Márton,0042,Dr. Hallerné Dr. Nagy Anikó,181,178,0.9834254143646409
43,TISZA,001K,Hajdu Márton,0043,Dr. Bihari Zoltán,190,185,0.9736842105263158
43,TISZA,001K,Hajdu Márton,0044,Lontay László,185,183,0.9891891891891892
43,TISZA,001K,Hajdu Márton,0045,Cseh Tamás,190,187,0.9842105263157894
43,TISZA,001K,Hajdu Márton,0046,Benke József,192,190,0.9895833333333334
43,TISZA,001K,Hajdu Márton,0047,Hatala-Orosz Csaba,191,189,0.9895287958115183
43,TISZA,001K,Hajdu Márton,0048,Rózsahegyi Áron,179,177,0.9888268156424581
43,TISZA,001K,Hajdu Márton,0049,Dr. Czipa András,142,140,0.9859154929577465
43,TISZA,001K,Hajdu Márton,004A,Juhász Roland Csongor,193,191,0.9896373056994818
43,TISZA,001K,Hajdu Márton,004B,Karsai-Juhász Katalin,183,181,0.9890710382513661
43,TISZA,001K,Hajdu Márton,004C,Judák Zsolt,193,189,0.9792746113989638
43,TISZA,001K,Hajdu Márton,004D,Polgár György,193,191,0.9896373056994818
43,TISZA,001K,Hajdu Márton,004E,Tárkányi Zsolt,183,181,0.9890710382513661
43,TISZA,001K,Hajdu Márton,004F,Dr. Stumpf Péter,193,190,0.9844559585492227
43,TISZA,001K,Hajdu Márton,004G,Gajda Attila,191,191,1.0
43,TISZA,001K,Hajdu Márton,004H,Molnár János,192,190,0.9895833333333334
43,TISZA,001K,Hajdu Márton,k122,Kármán András,174,171,0.9827586206896551
43,TISZA,001K,Hajdu Márton,m076,Magyar Péter,138,138,1.0
43,TISZA,001K,Hajdu Márton,t067,Tarr Zoltán,177,175,0.9887005649717514
43,TISZA,001L,Pásztor Anett,001M,Dr. Hantosi István,248,247,0.9959677419354839
43,TISZA,001L,Pásztor Anett,001N,Gyöngyösi István,245,241,0.9836734693877551
43,TISZA,001L,Pásztor Anett,001O,Dr. Sasi-Nagy Edit,255,255,1.0
43,TISZA,001L,Pásztor Anett,001P,Balogh Mihály,227,227,1.0
43,TISZA,001L,Pásztor Anett,001Q,Császár Martin,252,252,1.0
43,TISZA,001L,Pásztor Anett,001R,Berki Ákos,253,252,0.9960474308300395
43,TISZA,001L,Pásztor Anett,001S,Dr. Simon Krisztián Márk,253,253,1.0
43,TISZA,001L,Pásztor Anett,001T,Tóth Tamás,245,245,1.0
43,TISZA,001L,Pásztor Anett,001U,Kőszegi Krisztián,243,241,0.9917695473251029
43,TISZA,001L,Pásztor Anett,001V,Dr. Kiss Máté Zsolt,254,253,0.9960629921259843
43,TISZA,001L,Pásztor Anett,001W,Lukács Gábor,253,253,1.0
43,TISZA,001L,Pásztor Anett,001X,Kaprinyák Tibor,254,254,1.0
43,TISZA,001L,Pásztor Anett,001Y,Porcher Áron,253,253,1.0
43,TISZA,001L,Pásztor Anett,001Z,Boda Nikoletta,251,251,1.0
43,TISZA,001L,Pásztor Anett,0020,Dr. Koncz Áron,255,255,1.0
43,TISZA,001L,Pásztor Anett,0021,László Endre Márton,255,254,0.996078431372549
43,TISZA,001L,Pásztor Anett,0022,Perticsné Kácsor Andrea,254,253,0.9960629921259843
43,TISZA,001L,Pásztor Anett,0023,Tóthmajor Balázs,255,255,1.0
43,TISZA,001L,Pásztor Anett,0024,Dr. Ruzsa Diána,253,250,0.9881422924901185
43,TISZA,001L,Pásztor Anett,0025,Dr. Sopov Ildikó Éva,233,233,1.0
43,TISZA,001L,Pásztor Anett,0026,Dr. Bódis Péter,249,245,0.9839357429718876
43,TISZA,001L,Pásztor Anett,0027,Diószegi Judit,253,253,1.0
43,TISZA,001L,Pásztor Anett,0028,Bodóczi István,255,255,1.0
43,TISZA,001L,Pásztor Anett,0029,Müller Anna,255,254,0.996078431372549
43,TISZA,001L,Pásztor Anett,002A,Trompler Ildikó,250,247,0.988
43,TISZA,001L,Pásztor Anett,002B,Dr. Miskolczi Orsolya,254,254,1.0
43,TISZA,001L,Pásztor Anett,002C,Jelencsik József,234,234,1.0
43,TISZA,001L,Pásztor Anett,002D,Dr. Szabó Alexandra,254,254,1.0
43,TISZA,001L,Pásztor Anett,002E,Halmai Ferenc,237,237,1.0
43,TISZA,001L,Pásztor Anett,002F,Dr. Bögi Viktória,245,242,0.9877551020408163
43,TISZA,001L,Pásztor Anett,002G,Tompa Enikő,253,252,0.9960474308300395
43,TISZA,001L,Pásztor Anett,002H,Dr. Gurzó Mária,254,254,1.0
43,TISZA,001L,Pásztor Anett,002I,Dr. Lőrincz Viktória,244,242,0.9918032786885246
43,TISZA,001L,Pásztor Anett,002J,Dr. Barna-Szabó Tímea,246,246,1.0
43,TISZA,001L,Pásztor Anett,002K,Dr. Sárosi József,255,255,1.0
43,TISZA,001L,Pásztor Anett,002L,Csatári Ernő,250,249,0.996
43,TISZA,001L,Pásztor Anett,002M,Bakos Csaba Attila,253,253,1.0
43,TISZA,001L,Pásztor Anett,002N,Strompová Viktória,253,253,1.0
43,TISZA,001L,Pásztor Anett,002O,Borics Mihály,248,248,1.0
43,TISZA,001L,Pásztor Anett,002P,Csőszi Attila,253,251,0.9920948616600791
43,TISZA,001L,Pásztor Anett,002Q,Veres Ádám,237,237,1.0
43,TISZA,001L,Pásztor Anett,002R,Szabó Tibor,252,252,1.0
43,TISZA,001L,Pásztor Anett,002S,Hende Máté,249,249,1.0
43,TISZA,001L,Pásztor Anett,002T,Balajti István,253,253,1.0
43,TISZA,001L,Pásztor Anett,002U,Muhari Gergely,246,246,1.0
43,TISZA,001L,Pásztor Anett,002V,Weigand István,247,247,1.0
43,TISZA,001L,Pásztor Anett,002W,Dr. Virágh Gabriella Mária,255,255,1.0
43,TISZA,001L,Pásztor Anett,002X,Trentin Balázs,218,217,0.9954128440366973
43,TISZA,001L,Pásztor Anett,002Y,Szimon Renáta,234,234,1.0
43,TISZA,001L,Pásztor Anett,002Z,Dr. Bilisics Zita,249,249,1.0
43,TISZA,001L,Pásztor Anett,0030,Dr. Porpáczy Krisztina,251,251,1.0
43,TISZA,001L,Pásztor Anett,0031,Bicskei László,254,254,1.0
43,TISZA,001L,Pásztor Anett,0032,Dr. Árvay Nikolett,243,242,0.9958847736625515
43,TISZA,001L,Pásztor Anett,0033,Varga Balázs,249,249,1.0
43,TISZA,001L,Pásztor Anett,0034,Csontos Bence,252,250,0.9920634920634921
43,TISZA,001L,Pásztor Anett,0035,Dr. Simon Zsuzsánna,246,246,1.0
43,TISZA,001L,Pásztor Anett,0036,Ráki Zsolt,255,255,1.0
43,TISZA,001L,Pásztor Anett,0037,Dr. Bóka Zsolt,249,248,0.9959839357429718
43,TISZA,001L,Pásztor Anett,0038,Kovács Petra Judit,249,248,0.9959839357429718
43,TISZA,001L,Pásztor Anett,0039,Dr. Bugya László,255,255,1.0
43,TISZA,001L,Pásztor Anett,003A,Lovkó Csaba,252,252,1.0
43,TISZA,001L,Pásztor Anett,003B,Tóth Norbert,243,243,1.0
43,TISZA,001L,Pásztor Anett,003C,Dr. Balatincz Péter,181,181,1.0
43,TISZA,001L,Pásztor Anett,003D,Járosi Péter,255,255,1.0
43,TISZA,001L,Pásztor Anett,003E,Gombár Dávid,251,251,1.0
43,TISZA,001L,Pásztor Anett,003F,Szakács Péter Lajos,255,255,1.0
43,TISZA,001L,Pásztor Anett,003G,Dr. Dicső Viktória,249,249,1.0
43,TISZA,001L,Pásztor Anett,003H,Czakó Czirbus Pál,250,250,1.0
43,TISZA,001L,Pásztor Anett,003I,Dr. Németh Csilla,247,246,0.9959514170040485
43,TISZA,001L,Pásztor Anett,003J,Dr. Kovács Gyula,254,254,1.0
43,TISZA,001L,Pásztor Anett,003K,Horváth Nándor Zsolt,254,254,1.0
43,TISZA,001L,Pásztor Anett,003L,Kapronczai Balázs,250,250,1.0
43,TISZA,001L,Pásztor Anett,003M,Dr. Juhász Áron,251,251,1.0
43,TISZA,001L,Pásztor Anett,003N,Kiss János,237,237,1.0
43,TISZA,001L,Pásztor Anett,003O,Gyömbér Dávid,252,252,1.0
43,TISZA,001L,Pásztor Anett,003P,Havasi Balázs,242,242,1.0
43,TISZA,001L,Pásztor Anett,003Q,Dr. Kovács Áron,254,254,1.0
43,TISZA,001L,Pásztor Anett,003R,Csiszár Béla,255,255,1.0
43,TISZA,001L,Pásztor Anett,003S,Dr. Szijjártó Gábor,252,252,1.0
43,TISZA,001L,Pásztor Anett,003T,Rápli Róbert,246,245,0.9959349593495935
43,TISZA,001L,Pásztor Anett,003U,Ujvári Szilvia,255,254,0.996078431372549
43,TISZA,001L,Pásztor Anett,003V,Dr. Farkas Csongor,255,255,1.0
43,TISZA,001L,Pásztor Anett,003W,Csák László,251,251,1.0
43,TISZA,001L,Pásztor Anett,003X,Néher András,252,252,1.0
43,TISZA,001L,Pásztor Anett,003Y,Bárkányi Bence,255,255,1.0
43,TISZA,001L,Pásztor Anett,003Z,Ferenczi Gábor,253,253,1.0
43,TISZA,001L,Pásztor Anett,0040,Dr. Nagy Márta,253,253,1.0
43,TISZA,001L,Pásztor Anett,0041,Dr. Gáspár Levente,253,253,1.0
43,TISZA,001L,Pásztor Anett,0042,Dr. Hallerné Dr. Nagy Anikó,239,238,0.99581589958159
43,TISZA,001L,Pásztor Anett,0043,Dr. Bihari Zoltán,250,245,0.98
43,TISZA,001L,Pásztor Anett,0044,Lontay László,246,246,1.0
43,TISZA,001L,Pásztor Anett,0045,Cseh Tamás,250,248,0.992
43,TISZA,001L,Pásztor Anett,0046,Benke József,255,255,1.0
43,TISZA,001L,Pásztor Anett,0047,Hatala-Orosz Csaba,253,252,0.9960474308300395
43,TISZA,001L,Pásztor Anett,0048,Rózsahegyi Áron,237,237,1.0
43,TISZA,001L,Pásztor Anett,0049,Dr. Czipa András,194,194,1.0
43,TISZA,001L,Pásztor Anett,004A,Juhász Roland Csongor,255,255,1.0
43,TISZA,001L,Pásztor Anett,004B,Karsai-Juhász Katalin,245,245,1.0
43,TISZA,001L,Pásztor Anett,004C,Judák Zsolt,254,252,0.9921259842519685
43,TISZA,001L,Pásztor Anett,004D,Polgár György,255,255,1.0
43,TISZA,001L,Pásztor Anett,004E,Tárkányi Zsolt,244,243,0.9959016393442623
43,TISZA,001L,Pásztor Anett,004F,Dr. Stumpf Péter,255,254,0.996078431372549
43,TISZA,001L,Pásztor Anett,004G,Gajda Attila,253,251,0.9920948616600791
43,TISZA,001L,Pásztor Anett,004H,Molnár János,254,254,1.0
43,TISZA,001L,Pásztor Anett,k122,Kármán András,226,225,0.995575221238938
43,TISZA,001L,Pásztor Anett,m076,Magyar Péter,189,189,1.0
43,TISZA,001L,Pásztor Anett,t067,Tarr Zoltán,229,226,0.9868995633187773
43,TISZA,001M,Dr. Hantosi István,001N,Gyöngyösi István,239,234,0.9790794979079498
43,TISZA,001M,Dr. Hantosi István,001O,Dr. Sasi-Nagy Edit,249,248,0.9959839357429718
43,TISZA,001M,Dr. Hantosi István,001P,Balogh Mihály,222,221,0.9954954954954955
43,TISZA,001M,Dr. Hantosi István,001Q,Császár Martin,246,245,0.9959349593495935
43,TISZA,001M,Dr. Hantosi István,001R,Berki Ákos,247,245,0.9919028340080972
43,TISZA,001M,Dr. Hantosi István,001S,Dr. Simon Krisztián Márk,248,247,0.9959677419354839
43,TISZA,001M,Dr. Hantosi István,001T,Tóth Tamás,239,239,1.0
43,TISZA,001M,Dr. Hantosi István,001U,Kőszegi Krisztián,236,233,0.9872881355932204
43,TISZA,001M,Dr. Hantosi István,001V,Dr. Kiss Máté Zsolt,249,247,0.9919678714859438
43,TISZA,001M,Dr. Hantosi István,001W,Lukács Gábor,247,246,0.9959514170040485
43,TISZA,001M,Dr. Hantosi István,001X,Kaprinyák Tibor,248,247,0.9959677419354839
43,TISZA,001M,Dr. Hantosi István,001Y,Porcher Áron,247,246,0.9959514170040485
43,TISZA,001M,Dr. Hantosi István,001Z,Boda Nikoletta,245,244,0.9959183673469387
43,TISZA,001M,Dr. Hantosi István,0020,Dr. Koncz Áron,249,248,0.9959839357429718
43,TISZA,001M,Dr. Hantosi István,0021,László Endre Márton,249,247,0.9919678714859438
43,TISZA,001M,Dr. Hantosi István,0022,Perticsné Kácsor Andrea,248,246,0.9919354838709677
43,TISZA,001M,Dr. Hantosi István,0023,Tóthmajor Balázs,249,248,0.9959839357429718
43,TISZA,001M,Dr. Hantosi István,0024,Dr. Ruzsa Diána,247,243,0.9838056680161943
43,TISZA,001M,Dr. Hantosi István,0025,Dr. Sopov Ildikó Éva,228,228,1.0
43,TISZA,001M,Dr. Hantosi István,0026,Dr. Bódis Péter,244,239,0.9795081967213115
43,TISZA,001M,Dr. Hantosi István,0027,Diószegi Judit,247,246,0.9959514170040485
43,TISZA,001M,Dr. Hantosi István,0028,Bodóczi István,249,248,0.9959839357429718
43,TISZA,001M,Dr. Hantosi István,0029,Müller Anna,249,247,0.9919678714859438
43,TISZA,001M,Dr. Hantosi István,002A,Trompler Ildikó,244,240,0.9836065573770492
43,TISZA,001M,Dr. Hantosi István,002B,Dr. Miskolczi Orsolya,249,248,0.9959839357429718
43,TISZA,001M,Dr. Hantosi István,002C,Jelencsik József,228,227,0.9956140350877193
43,TISZA,001M,Dr. Hantosi István,002D,Dr. Szabó Alexandra,248,247,0.9959677419354839
43,TISZA,001M,Dr. Hantosi István,002E,Halmai Ferenc,232,231,0.9956896551724138
43,TISZA,001M,Dr. Hantosi István,002F,Dr. Bögi Viktória,239,235,0.9832635983263598
43,TISZA,001M,Dr. Hantosi István,002G,Tompa Enikő,247,245,0.9919028340080972
43,TISZA,001M,Dr. Hantosi István,002H,Dr. Gurzó Mária,248,247,0.9959677419354839
43,TISZA,001M,Dr. Hantosi István,002I,Dr. Lőrincz Viktória,238,235,0.9873949579831933
43,TISZA,001M,Dr. Hantosi István,002J,Dr. Barna-Szabó Tímea,240,240,1.0
43,TISZA,001M,Dr. Hantosi István,002K,Dr. Sárosi József,249,248,0.9959839357429718
43,TISZA,001M,Dr. Hantosi István,002L,Csatári Ernő,244,243,0.9959016393442623
43,TISZA,001M,Dr. Hantosi István,002M,Bakos Csaba Attila,247,246,0.9959514170040485
43,TISZA,001M,Dr. Hantosi István,002N,Strompová Viktória,248,247,0.9959677419354839
43,TISZA,001M,Dr. Hantosi István,002O,Borics Mihály,242,241,0.9958677685950413
43,TISZA,001M,Dr. Hantosi István,002P,Csőszi Attila,247,244,0.9878542510121457
43,TISZA,001M,Dr. Hantosi István,002Q,Veres Ádám,234,233,0.9957264957264957
43,TISZA,001M,Dr. Hantosi István,002R,Szabó Tibor,247,246,0.9959514170040485
43,TISZA,001M,Dr. Hantosi István,002S,Hende Máté,243,242,0.9958847736625515
43,TISZA,001M,Dr. Hantosi István,002T,Balajti István,247,246,0.9959514170040485
43,TISZA,001M,Dr. Hantosi István,002U,Muhari Gergely,240,239,0.9958333333333333
43,TISZA,001M,Dr. Hantosi István,002V,Weigand István,243,242,0.9958847736625515
43,TISZA,001M,Dr. Hantosi István,002W,Dr. Virágh Gabriella Mária,249,248,0.9959839357429718
43,TISZA,001M,Dr. Hantosi István,002X,Trentin Balázs,212,211,0.9952830188679245
43,TISZA,001M,Dr. Hantosi István,002Y,Szimon Renáta,228,227,0.9956140350877193
43,TISZA,001M,Dr. Hantosi István,002Z,Dr. Bilisics Zita,244,243,0.9959016393442623
43,TISZA,001M,Dr. Hantosi István,0030,Dr. Porpáczy Krisztina,244,243,0.9959016393442623
43,TISZA,001M,Dr. Hantosi István,0031,Bicskei László,248,248,1.0
43,TISZA,001M,Dr. Hantosi István,0032,Dr. Árvay Nikolett,237,235,0.9915611814345991
43,TISZA,001M,Dr. Hantosi István,0033,Varga Balázs,244,244,1.0
43,TISZA,001M,Dr. Hantosi István,0034,Csontos Bence,246,243,0.9878048780487805
43,TISZA,001M,Dr. Hantosi István,0035,Dr. Simon Zsuzsánna,240,239,0.9958333333333333
43,TISZA,001M,Dr. Hantosi István,0036,Ráki Zsolt,249,248,0.9959839357429718
43,TISZA,001M,Dr. Hantosi István,0037,Dr. Bóka Zsolt,244,243,0.9959016393442623
43,TISZA,001M,Dr. Hantosi István,0038,Kovács Petra Judit,243,241,0.9917695473251029
43,TISZA,001M,Dr. Hantosi István,0039,Dr. Bugya László,249,248,0.9959839357429718
43,TISZA,001M,Dr. Hantosi István,003A,Lovkó Csaba,247,246,0.9959514170040485
43,TISZA,001M,Dr. Hantosi István,003B,Tóth Norbert,237,237,1.0
43,TISZA,001M,Dr. Hantosi István,003C,Dr. Balatincz Péter,174,173,0.9942528735632183
43,TISZA,001M,Dr. Hantosi István,003D,Járosi Péter,249,248,0.9959839357429718
43,TISZA,001M,Dr. Hantosi István,003E,Gombár Dávid,246,246,1.0
43,TISZA,001M,Dr. Hantosi István,003F,Szakács Péter Lajos,249,248,0.9959839357429718
43,TISZA,001M,Dr. Hantosi István,003G,Dr. Dicső Viktória,242,241,0.9958677685950413
43,TISZA,001M,Dr. Hantosi István,003H,Czakó Czirbus Pál,244,243,0.9959016393442623
43,TISZA,001M,Dr. Hantosi István,003I,Dr. Németh Csilla,243,241,0.9917695473251029
43,TISZA,001M,Dr. Hantosi István,003J,Dr. Kovács Gyula,248,247,0.9959677419354839
43,TISZA,001M,Dr. Hantosi István,003K,Horváth Nándor Zsolt,248,247,0.9959677419354839
43,TISZA,001M,Dr. Hantosi István,003L,Kapronczai Balázs,245,244,0.9959183673469387
43,TISZA,001M,Dr. Hantosi István,003M,Dr. Juhász Áron,246,245,0.9959349593495935
43,TISZA,001M,Dr. Hantosi István,003N,Kiss János,232,231,0.9956896551724138
43,TISZA,001M,Dr. Hantosi István,003O,Gyömbér Dávid,247,246,0.9959514170040485
43,TISZA,001M,Dr. Hantosi István,003P,Havasi Balázs,238,238,1.0
43,TISZA,001M,Dr. Hantosi István,003Q,Dr. Kovács Áron,247,246,0.9959514170040485
43,TISZA,001M,Dr. Hantosi István,003R,Csiszár Béla,248,247,0.9959677419354839
43,TISZA,001M,Dr. Hantosi István,003S,Dr. Szijjártó Gábor,246,245,0.9959349593495935
43,TISZA,001M,Dr. Hantosi István,003T,Rápli Róbert,241,240,0.995850622406639
43,TISZA,001M,Dr. Hantosi István,003U,Ujvári Szilvia,249,247,0.9919678714859438
43,TISZA,001M,Dr. Hantosi István,003V,Dr. Farkas Csongor,249,248,0.9959839357429718
43,TISZA,001M,Dr. Hantosi István,003W,Csák László,245,244,0.9959183673469387
43,TISZA,001M,Dr. Hantosi István,003X,Néher András,247,246,0.9959514170040485
43,TISZA,001M,Dr. Hantosi István,003Y,Bárkányi Bence,249,248,0.9959839357429718
43,TISZA,001M,Dr. Hantosi István,003Z,Ferenczi Gábor,248,247,0.9959677419354839
43,TISZA,001M,Dr. Hantosi István,0040,Dr. Nagy Márta,247,246,0.9959514170040485
43,TISZA,001M,Dr. Hantosi István,0041,Dr. Gáspár Levente,247,246,0.9959514170040485
43,TISZA,001M,Dr. Hantosi István,0042,Dr. Hallerné Dr. Nagy Anikó,233,231,0.9914163090128756
43,TISZA,001M,Dr. Hantosi István,0043,Dr. Bihari Zoltán,244,239,0.9795081967213115
43,TISZA,001M,Dr. Hantosi István,0044,Lontay László,241,241,1.0
43,TISZA,001M,Dr. Hantosi István,0045,Cseh Tamás,244,244,1.0
43,TISZA,001M,Dr. Hantosi István,0046,Benke József,248,247,0.9959677419354839
43,TISZA,001M,Dr. Hantosi István,0047,Hatala-Orosz Csaba,248,246,0.9919354838709677
43,TISZA,001M,Dr. Hantosi István,0048,Rózsahegyi Áron,231,230,0.9956709956709957
43,TISZA,001M,Dr. Hantosi István,0049,Dr. Czipa András,195,195,1.0
43,TISZA,001M,Dr. Hantosi István,004A,Juhász Roland Csongor,249,248,0.9959839357429718
43,TISZA,001M,Dr. Hantosi István,004B,Karsai-Juhász Katalin,240,239,0.9958333333333333
43,TISZA,001M,Dr. Hantosi István,004C,Judák Zsolt,248,245,0.9879032258064516
43,TISZA,001M,Dr. Hantosi István,004D,Polgár György,249,248,0.9959839357429718
43,TISZA,001M,Dr. Hantosi István,004E,Tárkányi Zsolt,239,238,0.99581589958159
43,TISZA,001M,Dr. Hantosi István,004F,Dr. Stumpf Péter,249,247,0.9919678714859438
43,TISZA,001M,Dr. Hantosi István,004G,Gajda Attila,248,245,0.9879032258064516
43,TISZA,001M,Dr. Hantosi István,004H,Molnár János,248,247,0.9959677419354839
43,TISZA,001M,Dr. Hantosi István,k122,Kármán András,220,219,0.9954545454545455
43,TISZA,001M,Dr. Hantosi István,m076,Magyar Péter,183,183,1.0
43,TISZA,001M,Dr. Hantosi István,t067,Tarr Zoltán,223,220,0.9865470852017937
43,TISZA,001N,Gyöngyösi István,001O,Dr. Sasi-Nagy Edit,246,242,0.983739837398374
43,TISZA,001N,Gyöngyösi István,001P,Balogh Mihály,222,220,0.990990990990991
43,TISZA,001N,Gyöngyösi István,001Q,Császár Martin,246,242,0.983739837398374
43,TISZA,001N,Gyöngyösi István,001R,Berki Ákos,244,239,0.9795081967213115
43,TISZA,001N,Gyöngyösi István,001S,Dr. Simon Krisztián Márk,244,240,0.9836065573770492
43,TISZA,001N,Gyöngyösi István,001T,Tóth Tamás,237,233,0.9831223628691983
43,TISZA,001N,Gyöngyösi István,001U,Kőszegi Krisztián,234,230,0.9829059829059829
43,TISZA,001N,Gyöngyösi István,001V,Dr. Kiss Máté Zsolt,245,242,0.9877551020408163
43,TISZA,001N,Gyöngyösi István,001W,Lukács Gábor,244,240,0.9836065573770492
43,TISZA,001N,Gyöngyösi István,001X,Kaprinyák Tibor,245,241,0.9836734693877551
43,TISZA,001N,Gyöngyösi István,001Y,Porcher Áron,244,240,0.9836065573770492
43,TISZA,001N,Gyöngyösi István,001Z,Boda Nikoletta,242,238,0.9834710743801653
43,TISZA,001N,Gyöngyösi István,0020,Dr. Koncz Áron,246,242,0.983739837398374
43,TISZA,001N,Gyöngyösi István,0021,László Endre Márton,246,241,0.9796747967479674
43,TISZA,001N,Gyöngyösi István,0022,Perticsné Kácsor Andrea,246,243,0.9878048780487805
43,TISZA,001N,Gyöngyösi István,0023,Tóthmajor Balázs,246,242,0.983739837398374
43,TISZA,001N,Gyöngyösi István,0024,Dr. Ruzsa Diána,244,241,0.9877049180327869
43,TISZA,001N,Gyöngyösi István,0025,Dr. Sopov Ildikó Éva,225,221,0.9822222222222222
43,TISZA,001N,Gyöngyösi István,0026,Dr. Bódis Péter,241,238,0.9875518672199171
43,TISZA,001N,Gyöngyösi István,0027,Diószegi Judit,245,241,0.9836734693877551
43,TISZA,001N,Gyöngyösi István,0028,Bodóczi István,246,242,0.983739837398374
43,TISZA,001N,Gyöngyösi István,0029,Müller Anna,246,243,0.9878048780487805
43,TISZA,001N,Gyöngyösi István,002A,Trompler Ildikó,241,239,0.991701244813278
43,TISZA,001N,Gyöngyösi István,002B,Dr. Miskolczi Orsolya,245,241,0.9836734693877551
43,TISZA,001N,Gyöngyösi István,002C,Jelencsik József,225,221,0.9822222222222222
43,TISZA,001N,Gyöngyösi István,002D,Dr. Szabó Alexandra,245,241,0.9836734693877551
43,TISZA,001N,Gyöngyösi István,002E,Halmai Ferenc,228,224,0.9824561403508771
43,TISZA,001N,Gyöngyösi István,002F,Dr. Bögi Viktória,238,236,0.9915966386554622
43,TISZA,001N,Gyöngyösi István,002G,Tompa Enikő,246,243,0.9878048780487805
43,TISZA,001N,Gyöngyösi István,002H,Dr. Gurzó Mária,245,241,0.9836734693877551
43,TISZA,001N,Gyöngyösi István,002I,Dr. Lőrincz Viktória,236,233,0.9872881355932204
43,TISZA,001N,Gyöngyösi István,002J,Dr. Barna-Szabó Tímea,237,233,0.9831223628691983
43,TISZA,001N,Gyöngyösi István,002K,Dr. Sárosi József,246,242,0.983739837398374
43,TISZA,001N,Gyöngyösi István,002L,Csatári Ernő,243,238,0.9794238683127572
43,TISZA,001N,Gyöngyösi István,002M,Bakos Csaba Attila,244,240,0.9836065573770492
43,TISZA,001N,Gyöngyösi István,002N,Strompová Viktória,244,241,0.9877049180327869
43,TISZA,001N,Gyöngyösi István,002O,Borics Mihály,240,236,0.9833333333333333
43,TISZA,001N,Gyöngyösi István,002P,Csőszi Attila,244,240,0.9836065573770492
43,TISZA,001N,Gyöngyösi István,002Q,Veres Ádám,228,224,0.9824561403508771
43,TISZA,001N,Gyöngyösi István,002R,Szabó Tibor,244,240,0.9836065573770492
43,TISZA,001N,Gyöngyösi István,002S,Hende Máté,241,237,0.983402489626556
43,TISZA,001N,Gyöngyösi István,002T,Balajti István,246,242,0.983739837398374
43,TISZA,001N,Gyöngyösi István,002U,Muhari Gergely,238,234,0.9831932773109243
43,TISZA,001N,Gyöngyösi István,002V,Weigand István,239,235,0.9832635983263598
43,TISZA,001N,Gyöngyösi István,002W,Dr. Virágh Gabriella Mária,246,242,0.983739837398374
43,TISZA,001N,Gyöngyösi István,002X,Trentin Balázs,209,204,0.9760765550239234
43,TISZA,001N,Gyöngyösi István,002Y,Szimon Renáta,227,223,0.9823788546255506
43,TISZA,001N,Gyöngyösi István,002Z,Dr. Bilisics Zita,242,238,0.9834710743801653
43,TISZA,001N,Gyöngyösi István,0030,Dr. Porpáczy Krisztina,241,238,0.9875518672199171
43,TISZA,001N,Gyöngyösi István,0031,Bicskei László,245,241,0.9836734693877551
43,TISZA,001N,Gyöngyösi István,0032,Dr. Árvay Nikolett,234,230,0.9829059829059829
43,TISZA,001N,Gyöngyösi István,0033,Varga Balázs,240,236,0.9833333333333333
43,TISZA,001N,Gyöngyösi István,0034,Csontos Bence,244,242,0.9918032786885246
43,TISZA,001N,Gyöngyösi István,0035,Dr. Simon Zsuzsánna,237,233,0.9831223628691983
43,TISZA,001N,Gyöngyösi István,0036,Ráki Zsolt,246,242,0.983739837398374
43,TISZA,001N,Gyöngyösi István,0037,Dr. Bóka Zsolt,241,236,0.979253112033195
43,TISZA,001N,Gyöngyösi István,0038,Kovács Petra Judit,242,239,0.987603305785124
43,TISZA,001N,Gyöngyösi István,0039,Dr. Bugya László,246,242,0.983739837398374
43,TISZA,001N,Gyöngyösi István,003A,Lovkó Csaba,244,240,0.9836065573770492
43,TISZA,001N,Gyöngyösi István,003B,Tóth Norbert,235,232,0.9872340425531915
43,TISZA,001N,Gyöngyösi István,003C,Dr. Balatincz Péter,172,168,0.9767441860465116
43,TISZA,001N,Gyöngyösi István,003D,Járosi Péter,246,242,0.983739837398374
43,TISZA,001N,Gyöngyösi István,003E,Gombár Dávid,242,238,0.9834710743801653
43,TISZA,001N,Gyöngyösi István,003F,Szakács Péter Lajos,246,242,0.983739837398374
43,TISZA,001N,Gyöngyösi István,003G,Dr. Dicső Viktória,241,237,0.983402489626556
43,TISZA,001N,Gyöngyösi István,003H,Czakó Czirbus Pál,241,238,0.9875518672199171
43,TISZA,001N,Gyöngyösi István,003I,Dr. Németh Csilla,238,233,0.9789915966386554
43,TISZA,001N,Gyöngyösi István,003J,Dr. Kovács Gyula,245,241,0.9836734693877551
43,TISZA,001N,Gyöngyösi István,003K,Horváth Nándor Zsolt,246,242,0.983739837398374
43,TISZA,001N,Gyöngyösi István,003L,Kapronczai Balázs,243,239,0.9835390946502057
43,TISZA,001N,Gyöngyösi István,003M,Dr. Juhász Áron,243,239,0.9835390946502057
43,TISZA,001N,Gyöngyösi István,003N,Kiss János,228,226,0.9912280701754386
43,TISZA,001N,Gyöngyösi István,003O,Gyömbér Dávid,244,240,0.9836065573770492
43,TISZA,001N,Gyöngyösi István,003P,Havasi Balázs,234,230,0.9829059829059829
43,TISZA,001N,Gyöngyösi István,003Q,Dr. Kovács Áron,244,240,0.9836065573770492
43,TISZA,001N,Gyöngyösi István,003R,Csiszár Béla,245,241,0.9836734693877551
43,TISZA,001N,Gyöngyösi István,003S,Dr. Szijjártó Gábor,243,239,0.9835390946502057
43,TISZA,001N,Gyöngyösi István,003T,Rápli Róbert,237,232,0.9789029535864979
43,TISZA,001N,Gyöngyösi István,003U,Ujvári Szilvia,246,241,0.9796747967479674
43,TISZA,001N,Gyöngyösi István,003V,Dr. Farkas Csongor,246,242,0.983739837398374
43,TISZA,001N,Gyöngyösi István,003W,Csák László,242,238,0.9834710743801653
43,TISZA,001N,Gyöngyösi István,003X,Néher András,243,239,0.9835390946502057
43,TISZA,001N,Gyöngyösi István,003Y,Bárkányi Bence,246,242,0.983739837398374
43,TISZA,001N,Gyöngyösi István,003Z,Ferenczi Gábor,245,241,0.9836734693877551
43,TISZA,001N,Gyöngyösi István,0040,Dr. Nagy Márta,244,240,0.9836065573770492
43,TISZA,001N,Gyöngyösi István,0041,Dr. Gáspár Levente,244,240,0.9836065573770492
43,TISZA,001N,Gyöngyösi István,0042,Dr. Hallerné Dr. Nagy Anikó,233,230,0.9871244635193133
43,TISZA,001N,Gyöngyösi István,0043,Dr. Bihari Zoltán,241,232,0.9626556016597511
43,TISZA,001N,Gyöngyösi István,0044,Lontay László,239,235,0.9832635983263598
43,TISZA,001N,Gyöngyösi István,0045,Cseh Tamás,242,236,0.9752066115702479
43,TISZA,001N,Gyöngyösi István,0046,Benke József,245,241,0.9836734693877551
43,TISZA,001N,Gyöngyösi István,0047,Hatala-Orosz Csaba,244,241,0.9877049180327869
43,TISZA,001N,Gyöngyösi István,0048,Rózsahegyi Áron,233,230,0.9871244635193133
43,TISZA,001N,Gyöngyösi István,0049,Dr. Czipa András,187,183,0.9786096256684492
43,TISZA,001N,Gyöngyösi István,004A,Juhász Roland Csongor,246,242,0.983739837398374
43,TISZA,001N,Gyöngyösi István,004B,Karsai-Juhász Katalin,239,235,0.9832635983263598
43,TISZA,001N,Gyöngyösi István,004C,Judák Zsolt,245,239,0.9755102040816327
43,TISZA,001N,Gyöngyösi István,004D,Polgár György,246,242,0.983739837398374
43,TISZA,001N,Gyöngyösi István,004E,Tárkányi Zsolt,236,231,0.9788135593220338
43,TISZA,001N,Gyöngyösi István,004F,Dr. Stumpf Péter,246,241,0.9796747967479674
43,TISZA,001N,Gyöngyösi István,004G,Gajda Attila,245,243,0.9918367346938776
43,TISZA,001N,Gyöngyösi István,004H,Molnár János,246,242,0.983739837398374
43,TISZA,001N,Gyöngyösi István,k122,Kármán András,222,219,0.9864864864864865
43,TISZA,001N,Gyöngyösi István,m076,Magyar Péter,187,186,0.9946524064171123
43,TISZA,001N,Gyöngyösi István,t067,Tarr Zoltán,220,216,0.9818181818181818
43,TISZA,001O,Dr. Sasi-Nagy Edit,001P,Balogh Mihály,228,228,1.0
43,TISZA,001O,Dr. Sasi-Nagy Edit,001Q,Császár Martin,253,253,1.0
43,TISZA,001O,Dr. Sasi-Nagy Edit,001R,Berki Ákos,254,253,0.9960629921259843
43,TISZA,001O,Dr. Sasi-Nagy Edit,001S,Dr. Simon Krisztián Márk,254,254,1.0
43,TISZA,001O,Dr. Sasi-Nagy Edit,001T,Tóth Tamás,246,246,1.0
43,TISZA,001O,Dr. Sasi-Nagy Edit,001U,Kőszegi Krisztián,243,241,0.9917695473251029
43,TISZA,001O,Dr. Sasi-Nagy Edit,001V,Dr. Kiss Máté Zsolt,255,254,0.996078431372549
43,TISZA,001O,Dr. Sasi-Nagy Edit,001W,Lukács Gábor,254,254,1.0
43,TISZA,001O,Dr. Sasi-Nagy Edit,001X,Kaprinyák Tibor,255,255,1.0
43,TISZA,001O,Dr. Sasi-Nagy Edit,001Y,Porcher Áron,254,254,1.0
43,TISZA,001O,Dr. Sasi-Nagy Edit,001Z,Boda Nikoletta,252,252,1.0
43,TISZA,001O,Dr. Sasi-Nagy Edit,0020,Dr. Koncz Áron,256,256,1.0
43,TISZA,001O,Dr. Sasi-Nagy Edit,0021,László Endre Márton,256,255,0.99609375
43,TISZA,001O,Dr. Sasi-Nagy Edit,0022,Perticsné Kácsor Andrea,255,254,0.996078431372549
43,TISZA,001O,Dr. Sasi-Nagy Edit,0023,Tóthmajor Balázs,256,256,1.0
43,TISZA,001O,Dr. Sasi-Nagy Edit,0024,Dr. Ruzsa Diána,254,251,0.9881889763779528
43,TISZA,001O,Dr. Sasi-Nagy Edit,0025,Dr. Sopov Ildikó Éva,234,234,1.0
43,TISZA,001O,Dr. Sasi-Nagy Edit,0026,Dr. Bódis Péter,250,246,0.984
43,TISZA,001O,Dr. Sasi-Nagy Edit,0027,Diószegi Judit,254,254,1.0
43,TISZA,001O,Dr. Sasi-Nagy Edit,0028,Bodóczi István,256,256,1.0
43,TISZA,001O,Dr. Sasi-Nagy Edit,0029,Müller Anna,256,255,0.99609375
43,TISZA,001O,Dr. Sasi-Nagy Edit,002A,Trompler Ildikó,251,248,0.9880478087649402
43,TISZA,001O,Dr. Sasi-Nagy Edit,002B,Dr. Miskolczi Orsolya,255,255,1.0
43,TISZA,001O,Dr. Sasi-Nagy Edit,002C,Jelencsik József,235,235,1.0
43,TISZA,001O,Dr. Sasi-Nagy Edit,002D,Dr. Szabó Alexandra,255,255,1.0
43,TISZA,001O,Dr. Sasi-Nagy Edit,002E,Halmai Ferenc,238,238,1.0
43,TISZA,001O,Dr. Sasi-Nagy Edit,002F,Dr. Bögi Viktória,246,243,0.9878048780487805
43,TISZA,001O,Dr. Sasi-Nagy Edit,002G,Tompa Enikő,254,253,0.9960629921259843
43,TISZA,001O,Dr. Sasi-Nagy Edit,002H,Dr. Gurzó Mária,255,255,1.0
43,TISZA,001O,Dr. Sasi-Nagy Edit,002I,Dr. Lőrincz Viktória,244,242,0.9918032786885246
43,TISZA,001O,Dr. Sasi-Nagy Edit,002J,Dr. Barna-Szabó Tímea,247,247,1.0
43,TISZA,001O,Dr. Sasi-Nagy Edit,002K,Dr. Sárosi József,256,256,1.0
43,TISZA,001O,Dr. Sasi-Nagy Edit,002L,Csatári Ernő,251,250,0.9960159362549801
43,TISZA,001O,Dr. Sasi-Nagy Edit,002M,Bakos Csaba Attila,254,254,1.0
43,TISZA,001O,Dr. Sasi-Nagy Edit,002N,Strompová Viktória,254,254,1.0
43,TISZA,001O,Dr. Sasi-Nagy Edit,002O,Borics Mihály,249,249,1.0
43,TISZA,001O,Dr. Sasi-Nagy Edit,002P,Csőszi Attila,254,252,0.9921259842519685
43,TISZA,001O,Dr. Sasi-Nagy Edit,002Q,Veres Ádám,238,238,1.0
43,TISZA,001O,Dr. Sasi-Nagy Edit,002R,Szabó Tibor,253,253,1.0
43,TISZA,001O,Dr. Sasi-Nagy Edit,002S,Hende Máté,250,250,1.0
43,TISZA,001O,Dr. Sasi-Nagy Edit,002T,Balajti István,254,254,1.0
43,TISZA,001O,Dr. Sasi-Nagy Edit,002U,Muhari Gergely,247,247,1.0
43,TISZA,001O,Dr. Sasi-Nagy Edit,002V,Weigand István,248,248,1.0
43,TISZA,001O,Dr. Sasi-Nagy Edit,002W,Dr. Virágh Gabriella Mária,256,256,1.0
43,TISZA,001O,Dr. Sasi-Nagy Edit,002X,Trentin Balázs,219,218,0.9954337899543378
43,TISZA,001O,Dr. Sasi-Nagy Edit,002Y,Szimon Renáta,235,235,1.0
43,TISZA,001O,Dr. Sasi-Nagy Edit,002Z,Dr. Bilisics Zita,250,250,1.0
43,TISZA,001O,Dr. Sasi-Nagy Edit,0030,Dr. Porpáczy Krisztina,251,251,1.0
43,TISZA,001O,Dr. Sasi-Nagy Edit,0031,Bicskei László,255,255,1.0
43,TISZA,001O,Dr. Sasi-Nagy Edit,0032,Dr. Árvay Nikolett,244,243,0.9959016393442623
43,TISZA,001O,Dr. Sasi-Nagy Edit,0033,Varga Balázs,250,250,1.0
43,TISZA,001O,Dr. Sasi-Nagy Edit,0034,Csontos Bence,253,251,0.9920948616600791
43,TISZA,001O,Dr. Sasi-Nagy Edit,0035,Dr. Simon Zsuzsánna,246,246,1.0
43,TISZA,001O,Dr. Sasi-Nagy Edit,0036,Ráki Zsolt,256,256,1.0
43,TISZA,001O,Dr. Sasi-Nagy Edit,0037,Dr. Bóka Zsolt,250,249,0.996
43,TISZA,001O,Dr. Sasi-Nagy Edit,0038,Kovács Petra Judit,250,249,0.996
43,TISZA,001O,Dr. Sasi-Nagy Edit,0039,Dr. Bugya László,256,256,1.0
43,TISZA,001O,Dr. Sasi-Nagy Edit,003A,Lovkó Csaba,253,253,1.0
43,TISZA,001O,Dr. Sasi-Nagy Edit,003B,Tóth Norbert,244,244,1.0
43,TISZA,001O,Dr. Sasi-Nagy Edit,003C,Dr. Balatincz Péter,181,181,1.0
43,TISZA,001O,Dr. Sasi-Nagy Edit,003D,Járosi Péter,256,256,1.0
43,TISZA,001O,Dr. Sasi-Nagy Edit,003E,Gombár Dávid,252,252,1.0
43,TISZA,001O,Dr. Sasi-Nagy Edit,003F,Szakács Péter Lajos,256,256,1.0
43,TISZA,001O,Dr. Sasi-Nagy Edit,003G,Dr. Dicső Viktória,249,249,1.0
43,TISZA,001O,Dr. Sasi-Nagy Edit,003H,Czakó Czirbus Pál,251,251,1.0
43,TISZA,001O,Dr. Sasi-Nagy Edit,003I,Dr. Németh Csilla,248,247,0.9959677419354839
43,TISZA,001O,Dr. Sasi-Nagy Edit,003J,Dr. Kovács Gyula,255,255,1.0
43,TISZA,001O,Dr. Sasi-Nagy Edit,003K,Horváth Nándor Zsolt,255,255,1.0
43,TISZA,001O,Dr. Sasi-Nagy Edit,003L,Kapronczai Balázs,251,251,1.0
43,TISZA,001O,Dr. Sasi-Nagy Edit,003M,Dr. Juhász Áron,252,252,1.0
43,TISZA,001O,Dr. Sasi-Nagy Edit,003N,Kiss János,237,237,1.0
43,TISZA,001O,Dr. Sasi-Nagy Edit,003O,Gyömbér Dávid,253,253,1.0
43,TISZA,001O,Dr. Sasi-Nagy Edit,003P,Havasi Balázs,243,243,1.0
43,TISZA,001O,Dr. Sasi-Nagy Edit,003Q,Dr. Kovács Áron,254,254,1.0
43,TISZA,001O,Dr. Sasi-Nagy Edit,003R,Csiszár Béla,255,255,1.0
43,TISZA,001O,Dr. Sasi-Nagy Edit,003S,Dr. Szijjártó Gábor,253,253,1.0
43,TISZA,001O,Dr. Sasi-Nagy Edit,003T,Rápli Róbert,247,246,0.9959514170040485
43,TISZA,001O,Dr. Sasi-Nagy Edit,003U,Ujvári Szilvia,256,255,0.99609375
43,TISZA,001O,Dr. Sasi-Nagy Edit,003V,Dr. Farkas Csongor,256,256,1.0
43,TISZA,001O,Dr. Sasi-Nagy Edit,003W,Csák László,252,252,1.0
43,TISZA,001O,Dr. Sasi-Nagy Edit,003X,Néher András,253,253,1.0
43,TISZA,001O,Dr. Sasi-Nagy Edit,003Y,Bárkányi Bence,256,256,1.0
43,TISZA,001O,Dr. Sasi-Nagy Edit,003Z,Ferenczi Gábor,254,254,1.0
43,TISZA,001O,Dr. Sasi-Nagy Edit,0040,Dr. Nagy Márta,254,254,1.0
43,TISZA,001O,Dr. Sasi-Nagy Edit,0041,Dr. Gáspár Levente,254,254,1.0
43,TISZA,001O,Dr. Sasi-Nagy Edit,0042,Dr. Hallerné Dr. Nagy Anikó,240,239,0.9958333333333333
43,TISZA,001O,Dr. Sasi-Nagy Edit,0043,Dr. Bihari Zoltán,251,246,0.9800796812749004
43,TISZA,001O,Dr. Sasi-Nagy Edit,0044,Lontay László,247,247,1.0
43,TISZA,001O,Dr. Sasi-Nagy Edit,0045,Cseh Tamás,251,249,0.9920318725099602
43,TISZA,001O,Dr. Sasi-Nagy Edit,0046,Benke József,255,255,1.0
43,TISZA,001O,Dr. Sasi-Nagy Edit,0047,Hatala-Orosz Csaba,254,253,0.9960629921259843
43,TISZA,001O,Dr. Sasi-Nagy Edit,0048,Rózsahegyi Áron,238,238,1.0
43,TISZA,001O,Dr. Sasi-Nagy Edit,0049,Dr. Czipa András,195,195,1.0
43,TISZA,001O,Dr. Sasi-Nagy Edit,004A,Juhász Roland Csongor,256,256,1.0
43,TISZA,001O,Dr. Sasi-Nagy Edit,004B,Karsai-Juhász Katalin,246,246,1.0
43,TISZA,001O,Dr. Sasi-Nagy Edit,004C,Judák Zsolt,255,253,0.9921568627450981
43,TISZA,001O,Dr. Sasi-Nagy Edit,004D,Polgár György,256,256,1.0
43,TISZA,001O,Dr. Sasi-Nagy Edit,004E,Tárkányi Zsolt,244,243,0.9959016393442623
43,TISZA,001O,Dr. Sasi-Nagy Edit,004F,Dr. Stumpf Péter,256,255,0.99609375
43,TISZA,001O,Dr. Sasi-Nagy Edit,004G,Gajda Attila,254,252,0.9921259842519685
43,TISZA,001O,Dr. Sasi-Nagy Edit,004H,Molnár János,255,255,1.0
43,TISZA,001O,Dr. Sasi-Nagy Edit,k122,Kármán András,227,226,0.9955947136563876
43,TISZA,001O,Dr. Sasi-Nagy Edit,m076,Magyar Péter,189,189,1.0
43,TISZA,001O,Dr. Sasi-Nagy Edit,t067,Tarr Zoltán,229,226,0.9868995633187773
43,TISZA,001P,Balogh Mihály,001Q,Császár Martin,227,227,1.0
43,TISZA,001P,Balogh Mihály,001R,Berki Ákos,228,227,0.9956140350877193
43,TISZA,001P,Balogh Mihály,001S,Dr. Simon Krisztián Márk,226,226,1.0
43,TISZA,001P,Balogh Mihály,001T,Tóth Tamás,219,219,1.0
43,TISZA,001P,Balogh Mihály,001U,Kőszegi Krisztián,216,214,0.9907407407407407
43,TISZA,001P,Balogh Mihály,001V,Dr. Kiss Máté Zsolt,227,226,0.9955947136563876
43,TISZA,001P,Balogh Mihály,001W,Lukács Gábor,227,227,1.0
43,TISZA,001P,Balogh Mihály,001X,Kaprinyák Tibor,228,228,1.0
43,TISZA,001P,Balogh Mihály,001Y,Porcher Áron,228,228,1.0
43,TISZA,001P,Balogh Mihály,001Z,Boda Nikoletta,224,224,1.0
43,TISZA,001P,Balogh Mihály,0020,Dr. Koncz Áron,228,228,1.0
43,TISZA,001P,Balogh Mihály,0021,László Endre Márton,228,227,0.9956140350877193
43,TISZA,001P,Balogh Mihály,0022,Perticsné Kácsor Andrea,228,228,1.0
43,TISZA,001P,Balogh Mihály,0023,Tóthmajor Balázs,228,228,1.0
43,TISZA,001P,Balogh Mihály,0024,Dr. Ruzsa Diána,226,225,0.995575221238938
43,TISZA,001P,Balogh Mihály,0025,Dr. Sopov Ildikó Éva,208,208,1.0
43,TISZA,001P,Balogh Mihály,0026,Dr. Bódis Péter,223,222,0.9955156950672646
43,TISZA,001P,Balogh Mihály,0027,Diószegi Judit,227,227,1.0
43,TISZA,001P,Balogh Mihály,0028,Bodóczi István,228,228,1.0
43,TISZA,001P,Balogh Mihály,0029,Müller Anna,228,228,1.0
43,TISZA,001P,Balogh Mihály,002A,Trompler Ildikó,226,226,1.0
43,TISZA,001P,Balogh Mihály,002B,Dr. Miskolczi Orsolya,227,227,1.0
43,TISZA,001P,Balogh Mihály,002C,Jelencsik József,221,221,1.0
43,TISZA,001P,Balogh Mihály,002D,Dr. Szabó Alexandra,227,227,1.0
43,TISZA,001P,Balogh Mihály,002E,Halmai Ferenc,211,211,1.0
43,TISZA,001P,Balogh Mihály,002F,Dr. Bögi Viktória,219,219,1.0
43,TISZA,001P,Balogh Mihály,002G,Tompa Enikő,228,228,1.0
43,TISZA,001P,Balogh Mihály,002H,Dr. Gurzó Mária,227,227,1.0
43,TISZA,001P,Balogh Mihály,002I,Dr. Lőrincz Viktória,218,217,0.9954128440366973
43,TISZA,001P,Balogh Mihály,002J,Dr. Barna-Szabó Tímea,222,222,1.0
43,TISZA,001P,Balogh Mihály,002K,Dr. Sárosi József,228,228,1.0
43,TISZA,001P,Balogh Mihály,002L,Csatári Ernő,225,224,0.9955555555555555
43,TISZA,001P,Balogh Mihály,002M,Bakos Csaba Attila,226,226,1.0
43,TISZA,001P,Balogh Mihály,002N,Strompová Viktória,227,227,1.0
43,TISZA,001P,Balogh Mihály,002O,Borics Mihály,223,223,1.0
43,TISZA,001P,Balogh Mihály,002P,Csőszi Attila,227,226,0.9955947136563876
43,TISZA,001P,Balogh Mihály,002Q,Veres Ádám,212,212,1.0
43,TISZA,001P,Balogh Mihály,002R,Szabó Tibor,225,225,1.0
43,TISZA,001P,Balogh Mihály,002S,Hende Máté,223,223,1.0
43,TISZA,001P,Balogh Mihály,002T,Balajti István,227,227,1.0
43,TISZA,001P,Balogh Mihály,002U,Muhari Gergely,220,220,1.0
43,TISZA,001P,Balogh Mihály,002V,Weigand István,221,221,1.0
43,TISZA,001P,Balogh Mihály,002W,Dr. Virágh Gabriella Mária,228,228,1.0
43,TISZA,001P,Balogh Mihály,002X,Trentin Balázs,192,191,0.9947916666666666
43,TISZA,001P,Balogh Mihály,002Y,Szimon Renáta,207,207,1.0
43,TISZA,001P,Balogh Mihály,002Z,Dr. Bilisics Zita,224,224,1.0
43,TISZA,001P,Balogh Mihály,0030,Dr. Porpáczy Krisztina,224,224,1.0
43,TISZA,001P,Balogh Mihály,0031,Bicskei László,227,227,1.0
43,TISZA,001P,Balogh Mihály,0032,Dr. Árvay Nikolett,217,216,0.9953917050691244
43,TISZA,001P,Balogh Mihály,0033,Varga Balázs,224,224,1.0
43,TISZA,001P,Balogh Mihály,0034,Csontos Bence,226,226,1.0
43,TISZA,001P,Balogh Mihály,0035,Dr. Simon Zsuzsánna,218,218,1.0
43,TISZA,001P,Balogh Mihály,0036,Ráki Zsolt,228,228,1.0
43,TISZA,001P,Balogh Mihály,0037,Dr. Bóka Zsolt,222,221,0.9954954954954955
43,TISZA,001P,Balogh Mihály,0038,Kovács Petra Judit,226,225,0.995575221238938
43,TISZA,001P,Balogh Mihály,0039,Dr. Bugya László,228,228,1.0
43,TISZA,001P,Balogh Mihály,003A,Lovkó Csaba,225,225,1.0
43,TISZA,001P,Balogh Mihály,003B,Tóth Norbert,219,219,1.0
43,TISZA,001P,Balogh Mihály,003C,Dr. Balatincz Péter,169,169,1.0
43,TISZA,001P,Balogh Mihály,003D,Járosi Péter,228,228,1.0
43,TISZA,001P,Balogh Mihály,003E,Gombár Dávid,224,224,1.0
43,TISZA,001P,Balogh Mihály,003F,Szakács Péter Lajos,228,228,1.0
43,TISZA,001P,Balogh Mihály,003G,Dr. Dicső Viktória,225,225,1.0
43,TISZA,001P,Balogh Mihály,003H,Czakó Czirbus Pál,224,224,1.0
43,TISZA,001P,Balogh Mihály,003I,Dr. Németh Csilla,221,220,0.995475113122172
43,TISZA,001P,Balogh Mihály,003J,Dr. Kovács Gyula,227,227,1.0
43,TISZA,001P,Balogh Mihály,003K,Horváth Nándor Zsolt,228,228,1.0
43,TISZA,001P,Balogh Mihály,003L,Kapronczai Balázs,223,223,1.0
43,TISZA,001P,Balogh Mihály,003M,Dr. Juhász Áron,225,225,1.0
43,TISZA,001P,Balogh Mihály,003N,Kiss János,211,211,1.0
43,TISZA,001P,Balogh Mihály,003O,Gyömbér Dávid,225,225,1.0
43,TISZA,001P,Balogh Mihály,003P,Havasi Balázs,217,217,1.0
43,TISZA,001P,Balogh Mihály,003Q,Dr. Kovács Áron,226,226,1.0
43,TISZA,001P,Balogh Mihály,003R,Csiszár Béla,227,227,1.0
43,TISZA,001P,Balogh Mihály,003S,Dr. Szijjártó Gábor,226,226,1.0
43,TISZA,001P,Balogh Mihály,003T,Rápli Róbert,221,220,0.995475113122172
43,TISZA,001P,Balogh Mihály,003U,Ujvári Szilvia,228,227,0.9956140350877193
43,TISZA,001P,Balogh Mihály,003V,Dr. Farkas Csongor,228,228,1.0
43,TISZA,001P,Balogh Mihály,003W,Csák László,224,224,1.0
43,TISZA,001P,Balogh Mihály,003X,Néher András,227,227,1.0
43,TISZA,001P,Balogh Mihály,003Y,Bárkányi Bence,228,228,1.0
43,TISZA,001P,Balogh Mihály,003Z,Ferenczi Gábor,226,226,1.0
43,TISZA,001P,Balogh Mihály,0040,Dr. Nagy Márta,227,227,1.0
43,TISZA,001P,Balogh Mihály,0041,Dr. Gáspár Levente,226,226,1.0
43,TISZA,001P,Balogh Mihály,0042,Dr. Hallerné Dr. Nagy Anikó,214,213,0.9953271028037384
43,TISZA,001P,Balogh Mihály,0043,Dr. Bihari Zoltán,224,219,0.9776785714285714
43,TISZA,001P,Balogh Mihály,0044,Lontay László,221,221,1.0
43,TISZA,001P,Balogh Mihály,0045,Cseh Tamás,224,222,0.9910714285714286
43,TISZA,001P,Balogh Mihály,0046,Benke József,227,227,1.0
43,TISZA,001P,Balogh Mihály,0047,Hatala-Orosz Csaba,226,226,1.0
43,TISZA,001P,Balogh Mihály,0048,Rózsahegyi Áron,212,212,1.0
43,TISZA,001P,Balogh Mihály,0049,Dr. Czipa András,175,175,1.0
43,TISZA,001P,Balogh Mihály,004A,Juhász Roland Csongor,228,228,1.0
43,TISZA,001P,Balogh Mihály,004B,Karsai-Juhász Katalin,220,220,1.0
43,TISZA,001P,Balogh Mihály,004C,Judák Zsolt,228,226,0.9912280701754386
43,TISZA,001P,Balogh Mihály,004D,Polgár György,228,228,1.0
43,TISZA,001P,Balogh Mihály,004E,Tárkányi Zsolt,217,216,0.9953917050691244
43,TISZA,001P,Balogh Mihály,004F,Dr. Stumpf Péter,228,227,0.9956140350877193
43,TISZA,001P,Balogh Mihály,004G,Gajda Attila,228,228,1.0
43,TISZA,001P,Balogh Mihály,004H,Molnár János,228,228,1.0
43,TISZA,001P,Balogh Mihály,k122,Kármán András,205,204,0.9951219512195122
43,TISZA,001P,Balogh Mihály,m076,Magyar Péter,181,181,1.0
43,TISZA,001P,Balogh Mihály,t067,Tarr Zoltán,205,204,0.9951219512195122
43,TISZA,001Q,Császár Martin,001R,Berki Ákos,251,250,0.9960159362549801
43,TISZA,001Q,Császár Martin,001S,Dr. Simon Krisztián Márk,251,251,1.0
43,TISZA,001Q,Császár Martin,001T,Tóth Tamás,243,243,1.0
43,TISZA,001Q,Császár Martin,001U,Kőszegi Krisztián,240,238,0.9916666666666667
43,TISZA,001Q,Császár Martin,001V,Dr. Kiss Máté Zsolt,252,251,0.996031746031746
43,TISZA,001Q,Császár Martin,001W,Lukács Gábor,251,251,1.0
43,TISZA,001Q,Császár Martin,001X,Kaprinyák Tibor,252,252,1.0
43,TISZA,001Q,Császár Martin,001Y,Porcher Áron,251,251,1.0
43,TISZA,001Q,Császár Martin,001Z,Boda Nikoletta,249,249,1.0
43,TISZA,001Q,Császár Martin,0020,Dr. Koncz Áron,253,253,1.0
43,TISZA,001Q,Császár Martin,0021,László Endre Márton,253,252,0.9960474308300395
43,TISZA,001Q,Császár Martin,0022,Perticsné Kácsor Andrea,253,252,0.9960474308300395
43,TISZA,001Q,Császár Martin,0023,Tóthmajor Balázs,253,253,1.0
43,TISZA,001Q,Császár Martin,0024,Dr. Ruzsa Diána,251,248,0.9880478087649402
43,TISZA,001Q,Császár Martin,0025,Dr. Sopov Ildikó Éva,231,231,1.0
43,TISZA,001Q,Császár Martin,0026,Dr. Bódis Péter,248,244,0.9838709677419355
43,TISZA,001Q,Császár Martin,0027,Diószegi Judit,252,252,1.0
43,TISZA,001Q,Császár Martin,0028,Bodóczi István,253,253,1.0
43,TISZA,001Q,Császár Martin,0029,Müller Anna,253,252,0.9960474308300395
43,TISZA,001Q,Császár Martin,002A,Trompler Ildikó,248,245,0.9879032258064516
43,TISZA,001Q,Császár Martin,002B,Dr. Miskolczi Orsolya,252,252,1.0
43,TISZA,001Q,Császár Martin,002C,Jelencsik József,232,232,1.0
43,TISZA,001Q,Császár Martin,002D,Dr. Szabó Alexandra,252,252,1.0
43,TISZA,001Q,Császár Martin,002E,Halmai Ferenc,235,235,1.0
43,TISZA,001Q,Császár Martin,002F,Dr. Bögi Viktória,244,241,0.9877049180327869
43,TISZA,001Q,Császár Martin,002G,Tompa Enikő,253,252,0.9960474308300395
43,TISZA,001Q,Császár Martin,002H,Dr. Gurzó Mária,252,252,1.0
43,TISZA,001Q,Császár Martin,002I,Dr. Lőrincz Viktória,242,240,0.9917355371900827
43,TISZA,001Q,Császár Martin,002J,Dr. Barna-Szabó Tímea,244,244,1.0
43,TISZA,001Q,Császár Martin,002K,Dr. Sárosi József,253,253,1.0
43,TISZA,001Q,Császár Martin,002L,Csatári Ernő,250,249,0.996
43,TISZA,001Q,Császár Martin,002M,Bakos Csaba Attila,251,251,1.0
43,TISZA,001Q,Császár Martin,002N,Strompová Viktória,251,251,1.0
43,TISZA,001Q,Császár Martin,002O,Borics Mihály,247,247,1.0
43,TISZA,001Q,Császár Martin,002P,Csőszi Attila,251,249,0.9920318725099602
43,TISZA,001Q,Császár Martin,002Q,Veres Ádám,235,235,1.0
43,TISZA,001Q,Császár Martin,002R,Szabó Tibor,251,251,1.0
43,TISZA,001Q,Császár Martin,002S,Hende Máté,247,247,1.0
43,TISZA,001Q,Császár Martin,002T,Balajti István,253,253,1.0
43,TISZA,001Q,Császár Martin,002U,Muhari Gergely,245,245,1.0
43,TISZA,001Q,Császár Martin,002V,Weigand István,245,245,1.0
43,TISZA,001Q,Császár Martin,002W,Dr. Virágh Gabriella Mária,253,253,1.0
43,TISZA,001Q,Császár Martin,002X,Trentin Balázs,216,215,0.9953703703703703
43,TISZA,001Q,Császár Martin,002Y,Szimon Renáta,233,233,1.0
43,TISZA,001Q,Császár Martin,002Z,Dr. Bilisics Zita,247,247,1.0
43,TISZA,001Q,Császár Martin,0030,Dr. Porpáczy Krisztina,248,248,1.0
43,TISZA,001Q,Császár Martin,0031,Bicskei László,252,252,1.0
43,TISZA,001Q,Császár Martin,0032,Dr. Árvay Nikolett,241,240,0.995850622406639
43,TISZA,001Q,Császár Martin,0033,Varga Balázs,247,247,1.0
43,TISZA,001Q,Császár Martin,0034,Csontos Bence,250,248,0.992
43,TISZA,001Q,Császár Martin,0035,Dr. Simon Zsuzsánna,244,244,1.0
43,TISZA,001Q,Császár Martin,0036,Ráki Zsolt,253,253,1.0
43,TISZA,001Q,Császár Martin,0037,Dr. Bóka Zsolt,247,246,0.9959514170040485
43,TISZA,001Q,Császár Martin,0038,Kovács Petra Judit,249,248,0.9959839357429718
43,TISZA,001Q,Császár Martin,0039,Dr. Bugya László,253,253,1.0
43,TISZA,001Q,Császár Martin,003A,Lovkó Csaba,251,251,1.0
43,TISZA,001Q,Császár Martin,003B,Tóth Norbert,242,242,1.0
43,TISZA,001Q,Császár Martin,003C,Dr. Balatincz Péter,179,179,1.0
43,TISZA,001Q,Császár Martin,003D,Járosi Péter,253,253,1.0
43,TISZA,001Q,Császár Martin,003E,Gombár Dávid,249,249,1.0
43,TISZA,001Q,Császár Martin,003F,Szakács Péter Lajos,253,253,1.0
43,TISZA,001Q,Császár Martin,003G,Dr. Dicső Viktória,248,248,1.0
43,TISZA,001Q,Császár Martin,003H,Czakó Czirbus Pál,248,248,1.0
43,TISZA,001Q,Császár Martin,003I,Dr. Németh Csilla,245,244,0.9959183673469387
43,TISZA,001Q,Császár Martin,003J,Dr. Kovács Gyula,252,252,1.0
43,TISZA,001Q,Császár Martin,003K,Horváth Nándor Zsolt,253,253,1.0
43,TISZA,001Q,Császár Martin,003L,Kapronczai Balázs,249,249,1.0
43,TISZA,001Q,Császár Martin,003M,Dr. Juhász Áron,250,250,1.0
43,TISZA,001Q,Császár Martin,003N,Kiss János,235,235,1.0
43,TISZA,001Q,Császár Martin,003O,Gyömbér Dávid,251,251,1.0
43,TISZA,001Q,Császár Martin,003P,Havasi Balázs,241,241,1.0
43,TISZA,001Q,Császár Martin,003Q,Dr. Kovács Áron,251,251,1.0
43,TISZA,001Q,Császár Martin,003R,Csiszár Béla,252,252,1.0
43,TISZA,001Q,Császár Martin,003S,Dr. Szijjártó Gábor,250,250,1.0
43,TISZA,001Q,Császár Martin,003T,Rápli Róbert,244,243,0.9959016393442623
43,TISZA,001Q,Császár Martin,003U,Ujvári Szilvia,253,252,0.9960474308300395
43,TISZA,001Q,Császár Martin,003V,Dr. Farkas Csongor,253,253,1.0
43,TISZA,001Q,Császár Martin,003W,Csák László,249,249,1.0
43,TISZA,001Q,Császár Martin,003X,Néher András,250,250,1.0
43,TISZA,001Q,Császár Martin,003Y,Bárkányi Bence,253,253,1.0
43,TISZA,001Q,Császár Martin,003Z,Ferenczi Gábor,252,252,1.0
43,TISZA,001Q,Császár Martin,0040,Dr. Nagy Márta,251,251,1.0
43,TISZA,001Q,Császár Martin,0041,Dr. Gáspár Levente,251,251,1.0
43,TISZA,001Q,Császár Martin,0042,Dr. Hallerné Dr. Nagy Anikó,237,236,0.9957805907172996
43,TISZA,001Q,Császár Martin,0043,Dr. Bihari Zoltán,248,243,0.9798387096774194
43,TISZA,001Q,Császár Martin,0044,Lontay László,246,246,1.0
43,TISZA,001Q,Császár Martin,0045,Cseh Tamás,248,246,0.9919354838709677
43,TISZA,001Q,Császár Martin,0046,Benke József,252,252,1.0
43,TISZA,001Q,Császár Martin,0047,Hatala-Orosz Csaba,251,250,0.9960159362549801
43,TISZA,001Q,Császár Martin,0048,Rózsahegyi Áron,236,236,1.0
43,TISZA,001Q,Császár Martin,0049,Dr. Czipa András,194,194,1.0
43,TISZA,001Q,Császár Martin,004A,Juhász Roland Csongor,253,253,1.0
43,TISZA,001Q,Császár Martin,004B,Karsai-Juhász Katalin,245,245,1.0
43,TISZA,001Q,Császár Martin,004C,Judák Zsolt,252,250,0.9920634920634921
43,TISZA,001Q,Császár Martin,004D,Polgár György,253,253,1.0
43,TISZA,001Q,Császár Martin,004E,Tárkányi Zsolt,243,242,0.9958847736625515
43,TISZA,001Q,Császár Martin,004F,Dr. Stumpf Péter,253,252,0.9960474308300395
43,TISZA,001Q,Császár Martin,004G,Gajda Attila,251,249,0.9920318725099602
43,TISZA,001Q,Császár Martin,004H,Molnár János,253,253,1.0
43,TISZA,001Q,Császár Martin,k122,Kármán András,226,225,0.995575221238938
43,TISZA,001Q,Császár Martin,m076,Magyar Péter,189,189,1.0
43,TISZA,001Q,Császár Martin,t067,Tarr Zoltán,227,224,0.986784140969163
43,TISZA,001R,Berki Ákos,001S,Dr. Simon Krisztián Márk,252,251,0.996031746031746
43,TISZA,001R,Berki Ákos,001T,Tóth Tamás,244,243,0.9959016393442623
43,TISZA,001R,Berki Ákos,001U,Kőszegi Krisztián,241,238,0.9875518672199171
43,TISZA,001R,Berki Ákos,001V,Dr. Kiss Máté Zsolt,253,251,0.9920948616600791
43,TISZA,001R,Berki Ákos,001W,Lukács Gábor,252,251,0.996031746031746
43,TISZA,001R,Berki Ákos,001X,Kaprinyák Tibor,253,252,0.9960474308300395
43,TISZA,001R,Berki Ákos,001Y,Porcher Áron,252,251,0.996031746031746
43,TISZA,001R,Berki Ákos,001Z,Boda Nikoletta,250,249,0.996
43,TISZA,001R,Berki Ákos,0020,Dr. Koncz Áron,254,253,0.9960629921259843
43,TISZA,001R,Berki Ákos,0021,László Endre Márton,254,252,0.9921259842519685
43,TISZA,001R,Berki Ákos,0022,Perticsné Kácsor Andrea,253,251,0.9920948616600791
43,TISZA,001R,Berki Ákos,0023,Tóthmajor Balázs,254,253,0.9960629921259843
43,TISZA,001R,Berki Ákos,0024,Dr. Ruzsa Diána,252,248,0.9841269841269841
43,TISZA,001R,Berki Ákos,0025,Dr. Sopov Ildikó Éva,232,231,0.9956896551724138
43,TISZA,001R,Berki Ákos,0026,Dr. Bódis Péter,248,243,0.9798387096774194
43,TISZA,001R,Berki Ákos,0027,Diószegi Judit,252,251,0.996031746031746
43,TISZA,001R,Berki Ákos,0028,Bodóczi István,254,253,0.9960629921259843
43,TISZA,001R,Berki Ákos,0029,Müller Anna,254,252,0.9921259842519685
43,TISZA,001R,Berki Ákos,002A,Trompler Ildikó,249,245,0.9839357429718876
43,TISZA,001R,Berki Ákos,002B,Dr. Miskolczi Orsolya,253,252,0.9960474308300395
43,TISZA,001R,Berki Ákos,002C,Jelencsik József,233,232,0.9957081545064378
43,TISZA,001R,Berki Ákos,002D,Dr. Szabó Alexandra,253,252,0.9960474308300395
43,TISZA,001R,Berki Ákos,002E,Halmai Ferenc,236,235,0.9957627118644068
43,TISZA,001R,Berki Ákos,002F,Dr. Bögi Viktória,244,240,0.9836065573770492
43,TISZA,001R,Berki Ákos,002G,Tompa Enikő,252,250,0.9920634920634921
43,TISZA,001R,Berki Ákos,002H,Dr. Gurzó Mária,253,252,0.9960474308300395
43,TISZA,001R,Berki Ákos,002I,Dr. Lőrincz Viktória,242,239,0.987603305785124
43,TISZA,001R,Berki Ákos,002J,Dr. Barna-Szabó Tímea,247,246,0.9959514170040485
43,TISZA,001R,Berki Ákos,002K,Dr. Sárosi József,254,253,0.9960629921259843
43,TISZA,001R,Berki Ákos,002L,Csatári Ernő,249,247,0.9919678714859438
43,TISZA,001R,Berki Ákos,002M,Bakos Csaba Attila,252,251,0.996031746031746
43,TISZA,001R,Berki Ákos,002N,Strompová Viktória,252,251,0.996031746031746
43,TISZA,001R,Berki Ákos,002O,Borics Mihály,247,246,0.9959514170040485
43,TISZA,001R,Berki Ákos,002P,Csőszi Attila,252,251,0.996031746031746
43,TISZA,001R,Berki Ákos,002Q,Veres Ádám,236,235,0.9957627118644068
43,TISZA,001R,Berki Ákos,002R,Szabó Tibor,251,250,0.9960159362549801
43,TISZA,001R,Berki Ákos,002S,Hende Máté,248,247,0.9959677419354839
43,TISZA,001R,Berki Ákos,002T,Balajti István,252,251,0.996031746031746
43,TISZA,001R,Berki Ákos,002U,Muhari Gergely,245,244,0.9959183673469387
43,TISZA,001R,Berki Ákos,002V,Weigand István,246,245,0.9959349593495935
43,TISZA,001R,Berki Ákos,002W,Dr. Virágh Gabriella Mária,254,253,0.9960629921259843
43,TISZA,001R,Berki Ákos,002X,Trentin Balázs,217,215,0.9907834101382489
43,TISZA,001R,Berki Ákos,002Y,Szimon Renáta,233,232,0.9957081545064378
43,TISZA,001R,Berki Ákos,002Z,Dr. Bilisics Zita,248,247,0.9959677419354839
43,TISZA,001R,Berki Ákos,0030,Dr. Porpáczy Krisztina,249,248,0.9959839357429718
43,TISZA,001R,Berki Ákos,0031,Bicskei László,253,252,0.9960474308300395
43,TISZA,001R,Berki Ákos,0032,Dr. Árvay Nikolett,242,240,0.9917355371900827
43,TISZA,001R,Berki Ákos,0033,Varga Balázs,248,247,0.9959677419354839
43,TISZA,001R,Berki Ákos,0034,Csontos Bence,251,248,0.9880478087649402
43,TISZA,001R,Berki Ákos,0035,Dr. Simon Zsuzsánna,244,243,0.9959016393442623
43,TISZA,001R,Berki Ákos,0036,Ráki Zsolt,254,253,0.9960629921259843
43,TISZA,001R,Berki Ákos,0037,Dr. Bóka Zsolt,248,246,0.9919354838709677
43,TISZA,001R,Berki Ákos,0038,Kovács Petra Judit,248,246,0.9919354838709677
43,TISZA,001R,Berki Ákos,0039,Dr. Bugya László,254,253,0.9960629921259843
43,TISZA,001R,Berki Ákos,003A,Lovkó Csaba,251,250,0.9960159362549801
43,TISZA,001R,Berki Ákos,003B,Tóth Norbert,242,241,0.9958677685950413
43,TISZA,001R,Berki Ákos,003C,Dr. Balatincz Péter,179,178,0.994413407821229
43,TISZA,001R,Berki Ákos,003D,Járosi Péter,254,253,0.9960629921259843
43,TISZA,001R,Berki Ákos,003E,Gombár Dávid,250,249,0.996
43,TISZA,001R,Berki Ákos,003F,Szakács Péter Lajos,254,253,0.9960629921259843
43,TISZA,001R,Berki Ákos,003G,Dr. Dicső Viktória,247,246,0.9959514170040485
43,TISZA,001R,Berki Ákos,003H,Czakó Czirbus Pál,249,248,0.9959839357429718
43,TISZA,001R,Berki Ákos,003I,Dr. Németh Csilla,246,244,0.991869918699187
43,TISZA,001R,Berki Ákos,003J,Dr. Kovács Gyula,253,252,0.9960474308300395
43,TISZA,001R,Berki Ákos,003K,Horváth Nándor Zsolt,253,252,0.9960474308300395
43,TISZA,001R,Berki Ákos,003L,Kapronczai Balázs,249,248,0.9959839357429718
43,TISZA,001R,Berki Ákos,003M,Dr. Juhász Áron,250,249,0.996
43,TISZA,001R,Berki Ákos,003N,Kiss János,235,234,0.9957446808510638
43,TISZA,001R,Berki Ákos,003O,Gyömbér Dávid,251,250,0.9960159362549801
43,TISZA,001R,Berki Ákos,003P,Havasi Balázs,241,240,0.995850622406639
43,TISZA,001R,Berki Ákos,003Q,Dr. Kovács Áron,252,251,0.996031746031746
43,TISZA,001R,Berki Ákos,003R,Csiszár Béla,253,252,0.9960474308300395
43,TISZA,001R,Berki Ákos,003S,Dr. Szijjártó Gábor,251,250,0.9960159362549801
43,TISZA,001R,Berki Ákos,003T,Rápli Róbert,245,243,0.9918367346938776
43,TISZA,001R,Berki Ákos,003U,Ujvári Szilvia,254,252,0.9921259842519685
43,TISZA,001R,Berki Ákos,003V,Dr. Farkas Csongor,254,253,0.9960629921259843
43,TISZA,001R,Berki Ákos,003W,Csák László,250,249,0.996
43,TISZA,001R,Berki Ákos,003X,Néher András,251,250,0.9960159362549801
43,TISZA,001R,Berki Ákos,003Y,Bárkányi Bence,254,253,0.9960629921259843
43,TISZA,001R,Berki Ákos,003Z,Ferenczi Gábor,252,251,0.996031746031746
43,TISZA,001R,Berki Ákos,0040,Dr. Nagy Márta,252,251,0.996031746031746
43,TISZA,001R,Berki Ákos,0041,Dr. Gáspár Levente,252,251,0.996031746031746
43,TISZA,001R,Berki Ákos,0042,Dr. Hallerné Dr. Nagy Anikó,238,236,0.9915966386554622
43,TISZA,001R,Berki Ákos,0043,Dr. Bihari Zoltán,250,246,0.984
43,TISZA,001R,Berki Ákos,0044,Lontay László,245,244,0.9959183673469387
43,TISZA,001R,Berki Ákos,0045,Cseh Tamás,249,246,0.9879518072289156
43,TISZA,001R,Berki Ákos,0046,Benke József,253,252,0.9960474308300395
43,TISZA,001R,Berki Ákos,0047,Hatala-Orosz Csaba,252,250,0.9920634920634921
43,TISZA,001R,Berki Ákos,0048,Rózsahegyi Áron,236,235,0.9957627118644068
43,TISZA,001R,Berki Ákos,0049,Dr. Czipa András,195,195,1.0
43,TISZA,001R,Berki Ákos,004A,Juhász Roland Csongor,254,253,0.9960629921259843
43,TISZA,001R,Berki Ákos,004B,Karsai-Juhász Katalin,244,243,0.9959016393442623
43,TISZA,001R,Berki Ákos,004C,Judák Zsolt,253,251,0.9920948616600791
43,TISZA,001R,Berki Ákos,004D,Polgár György,254,253,0.9960629921259843
43,TISZA,001R,Berki Ákos,004E,Tárkányi Zsolt,242,240,0.9917355371900827
43,TISZA,001R,Berki Ákos,004F,Dr. Stumpf Péter,254,252,0.9921259842519685
43,TISZA,001R,Berki Ákos,004G,Gajda Attila,252,249,0.9880952380952381
43,TISZA,001R,Berki Ákos,004H,Molnár János,253,252,0.9960474308300395
43,TISZA,001R,Berki Ákos,k122,Kármán András,227,225,0.9911894273127754
43,TISZA,001R,Berki Ákos,m076,Magyar Péter,187,186,0.9946524064171123
43,TISZA,001R,Berki Ákos,t067,Tarr Zoltán,228,224,0.9824561403508771
43,TISZA,001S,Dr. Simon Krisztián Márk,001T,Tóth Tamás,245,245,1.0
43,TISZA,001S,Dr. Simon Krisztián Márk,001U,Kőszegi Krisztián,241,239,0.991701244813278
43,TISZA,001S,Dr. Simon Krisztián Márk,001V,Dr. Kiss Máté Zsolt,253,252,0.9960474308300395
43,TISZA,001S,Dr. Simon Krisztián Márk,001W,Lukács Gábor,252,252,1.0
43,TISZA,001S,Dr. Simon Krisztián Márk,001X,Kaprinyák Tibor,253,253,1.0
43,TISZA,001S,Dr. Simon Krisztián Márk,001Y,Porcher Áron,252,252,1.0
43,TISZA,001S,Dr. Simon Krisztián Márk,001Z,Boda Nikoletta,250,250,1.0
43,TISZA,001S,Dr. Simon Krisztián Márk,0020,Dr. Koncz Áron,254,254,1.0
43,TISZA,001S,Dr. Simon Krisztián Márk,0021,László Endre Márton,254,253,0.9960629921259843
43,TISZA,001S,Dr. Simon Krisztián Márk,0022,Perticsné Kácsor Andrea,253,252,0.9960474308300395
43,TISZA,001S,Dr. Simon Krisztián Márk,0023,Tóthmajor Balázs,254,254,1.0
43,TISZA,001S,Dr. Simon Krisztián Márk,0024,Dr. Ruzsa Diána,252,249,0.9880952380952381
43,TISZA,001S,Dr. Simon Krisztián Márk,0025,Dr. Sopov Ildikó Éva,233,233,1.0
43,TISZA,001S,Dr. Simon Krisztián Márk,0026,Dr. Bódis Péter,248,244,0.9838709677419355
43,TISZA,001S,Dr. Simon Krisztián Márk,0027,Diószegi Judit,252,252,1.0
43,TISZA,001S,Dr. Simon Krisztián Márk,0028,Bodóczi István,254,254,1.0
43,TISZA,001S,Dr. Simon Krisztián Márk,0029,Müller Anna,254,253,0.9960629921259843
43,TISZA,001S,Dr. Simon Krisztián Márk,002A,Trompler Ildikó,249,246,0.9879518072289156
43,TISZA,001S,Dr. Simon Krisztián Márk,002B,Dr. Miskolczi Orsolya,253,253,1.0
43,TISZA,001S,Dr. Simon Krisztián Márk,002C,Jelencsik József,233,233,1.0
43,TISZA,001S,Dr. Simon Krisztián Márk,002D,Dr. Szabó Alexandra,253,253,1.0
43,TISZA,001S,Dr. Simon Krisztián Márk,002E,Halmai Ferenc,237,237,1.0
43,TISZA,001S,Dr. Simon Krisztián Márk,002F,Dr. Bögi Viktória,244,241,0.9877049180327869
43,TISZA,001S,Dr. Simon Krisztián Márk,002G,Tompa Enikő,252,251,0.996031746031746
43,TISZA,001S,Dr. Simon Krisztián Márk,002H,Dr. Gurzó Mária,253,253,1.0
43,TISZA,001S,Dr. Simon Krisztián Márk,002I,Dr. Lőrincz Viktória,242,240,0.9917355371900827
43,TISZA,001S,Dr. Simon Krisztián Márk,002J,Dr. Barna-Szabó Tímea,245,245,1.0
43,TISZA,001S,Dr. Simon Krisztián Márk,002K,Dr. Sárosi József,254,254,1.0
43,TISZA,001S,Dr. Simon Krisztián Márk,002L,Csatári Ernő,249,248,0.9959839357429718
43,TISZA,001S,Dr. Simon Krisztián Márk,002M,Bakos Csaba Attila,252,252,1.0
43,TISZA,001S,Dr. Simon Krisztián Márk,002N,Strompová Viktória,252,252,1.0
43,TISZA,001S,Dr. Simon Krisztián Márk,002O,Borics Mihály,247,247,1.0
43,TISZA,001S,Dr. Simon Krisztián Márk,002P,Csőszi Attila,252,250,0.9920634920634921
43,TISZA,001S,Dr. Simon Krisztián Márk,002Q,Veres Ádám,237,237,1.0
43,TISZA,001S,Dr. Simon Krisztián Márk,002R,Szabó Tibor,251,251,1.0
43,TISZA,001S,Dr. Simon Krisztián Márk,002S,Hende Máté,248,248,1.0
43,TISZA,001S,Dr. Simon Krisztián Márk,002T,Balajti István,252,252,1.0
43,TISZA,001S,Dr. Simon Krisztián Márk,002U,Muhari Gergely,246,246,1.0
43,TISZA,001S,Dr. Simon Krisztián Márk,002V,Weigand István,247,247,1.0
43,TISZA,001S,Dr. Simon Krisztián Márk,002W,Dr. Virágh Gabriella Mária,254,254,1.0
43,TISZA,001S,Dr. Simon Krisztián Márk,002X,Trentin Balázs,218,217,0.9954128440366973
43,TISZA,001S,Dr. Simon Krisztián Márk,002Y,Szimon Renáta,233,233,1.0
43,TISZA,001S,Dr. Simon Krisztián Márk,002Z,Dr. Bilisics Zita,248,248,1.0
43,TISZA,001S,Dr. Simon Krisztián Márk,0030,Dr. Porpáczy Krisztina,249,249,1.0
43,TISZA,001S,Dr. Simon Krisztián Márk,0031,Bicskei László,253,253,1.0
43,TISZA,001S,Dr. Simon Krisztián Márk,0032,Dr. Árvay Nikolett,242,241,0.9958677685950413
43,TISZA,001S,Dr. Simon Krisztián Márk,0033,Varga Balázs,248,248,1.0
43,TISZA,001S,Dr. Simon Krisztián Márk,0034,Csontos Bence,251,249,0.9920318725099602
43,TISZA,001S,Dr. Simon Krisztián Márk,0035,Dr. Simon Zsuzsánna,244,244,1.0
43,TISZA,001S,Dr. Simon Krisztián Márk,0036,Ráki Zsolt,254,254,1.0
43,TISZA,001S,Dr. Simon Krisztián Márk,0037,Dr. Bóka Zsolt,248,247,0.9959677419354839
43,TISZA,001S,Dr. Simon Krisztián Márk,0038,Kovács Petra Judit,248,247,0.9959677419354839
43,TISZA,001S,Dr. Simon Krisztián Márk,0039,Dr. Bugya László,254,254,1.0
43,TISZA,001S,Dr. Simon Krisztián Márk,003A,Lovkó Csaba,252,252,1.0
43,TISZA,001S,Dr. Simon Krisztián Márk,003B,Tóth Norbert,243,243,1.0
43,TISZA,001S,Dr. Simon Krisztián Márk,003C,Dr. Balatincz Péter,179,179,1.0
43,TISZA,001S,Dr. Simon Krisztián Márk,003D,Járosi Péter,254,254,1.0
43,TISZA,001S,Dr. Simon Krisztián Márk,003E,Gombár Dávid,250,250,1.0
43,TISZA,001S,Dr. Simon Krisztián Márk,003F,Szakács Péter Lajos,254,254,1.0
43,TISZA,001S,Dr. Simon Krisztián Márk,003G,Dr. Dicső Viktória,247,247,1.0
43,TISZA,001S,Dr. Simon Krisztián Márk,003H,Czakó Czirbus Pál,249,249,1.0
43,TISZA,001S,Dr. Simon Krisztián Márk,003I,Dr. Németh Csilla,248,247,0.9959677419354839
43,TISZA,001S,Dr. Simon Krisztián Márk,003J,Dr. Kovács Gyula,253,253,1.0
43,TISZA,001S,Dr. Simon Krisztián Márk,003K,Horváth Nándor Zsolt,253,253,1.0
43,TISZA,001S,Dr. Simon Krisztián Márk,003L,Kapronczai Balázs,250,250,1.0
43,TISZA,001S,Dr. Simon Krisztián Márk,003M,Dr. Juhász Áron,251,251,1.0
43,TISZA,001S,Dr. Simon Krisztián Márk,003N,Kiss János,236,236,1.0
43,TISZA,001S,Dr. Simon Krisztián Márk,003O,Gyömbér Dávid,251,251,1.0
43,TISZA,001S,Dr. Simon Krisztián Márk,003P,Havasi Balázs,243,243,1.0
43,TISZA,001S,Dr. Simon Krisztián Márk,003Q,Dr. Kovács Áron,252,252,1.0
43,TISZA,001S,Dr. Simon Krisztián Márk,003R,Csiszár Béla,253,253,1.0
43,TISZA,001S,Dr. Simon Krisztián Márk,003S,Dr. Szijjártó Gábor,252,252,1.0
43,TISZA,001S,Dr. Simon Krisztián Márk,003T,Rápli Róbert,245,244,0.9959183673469387
43,TISZA,001S,Dr. Simon Krisztián Márk,003U,Ujvári Szilvia,254,253,0.9960629921259843
43,TISZA,001S,Dr. Simon Krisztián Márk,003V,Dr. Farkas Csongor,254,254,1.0
43,TISZA,001S,Dr. Simon Krisztián Márk,003W,Csák László,251,251,1.0
43,TISZA,001S,Dr. Simon Krisztián Márk,003X,Néher András,251,251,1.0
43,TISZA,001S,Dr. Simon Krisztián Márk,003Y,Bárkányi Bence,254,254,1.0
43,TISZA,001S,Dr. Simon Krisztián Márk,003Z,Ferenczi Gábor,252,252,1.0
43,TISZA,001S,Dr. Simon Krisztián Márk,0040,Dr. Nagy Márta,252,252,1.0
43,TISZA,001S,Dr. Simon Krisztián Márk,0041,Dr. Gáspár Levente,252,252,1.0
43,TISZA,001S,Dr. Simon Krisztián Márk,0042,Dr. Hallerné Dr. Nagy Anikó,239,238,0.99581589958159
43,TISZA,001S,Dr. Simon Krisztián Márk,0043,Dr. Bihari Zoltán,249,244,0.9799196787148594
43,TISZA,001S,Dr. Simon Krisztián Márk,0044,Lontay László,245,245,1.0
43,TISZA,001S,Dr. Simon Krisztián Márk,0045,Cseh Tamás,249,247,0.9919678714859438
43,TISZA,001S,Dr. Simon Krisztián Márk,0046,Benke József,253,253,1.0
43,TISZA,001S,Dr. Simon Krisztián Márk,0047,Hatala-Orosz Csaba,252,251,0.996031746031746
43,TISZA,001S,Dr. Simon Krisztián Márk,0048,Rózsahegyi Áron,236,236,1.0
43,TISZA,001S,Dr. Simon Krisztián Márk,0049,Dr. Czipa András,194,194,1.0
43,TISZA,001S,Dr. Simon Krisztián Márk,004A,Juhász Roland Csongor,254,254,1.0
43,TISZA,001S,Dr. Simon Krisztián Márk,004B,Karsai-Juhász Katalin,244,244,1.0
43,TISZA,001S,Dr. Simon Krisztián Márk,004C,Judák Zsolt,253,251,0.9920948616600791
43,TISZA,001S,Dr. Simon Krisztián Márk,004D,Polgár György,254,254,1.0
43,TISZA,001S,Dr. Simon Krisztián Márk,004E,Tárkányi Zsolt,242,241,0.9958677685950413
43,TISZA,001S,Dr. Simon Krisztián Márk,004F,Dr. Stumpf Péter,254,253,0.9960629921259843
43,TISZA,001S,Dr. Simon Krisztián Márk,004G,Gajda Attila,252,250,0.9920634920634921
43,TISZA,001S,Dr. Simon Krisztián Márk,004H,Molnár János,253,253,1.0
43,TISZA,001S,Dr. Simon Krisztián Márk,k122,Kármán András,226,225,0.995575221238938
43,TISZA,001S,Dr. Simon Krisztián Márk,m076,Magyar Péter,188,188,1.0
43,TISZA,001S,Dr. Simon Krisztián Márk,t067,Tarr Zoltán,228,225,0.9868421052631579
43,TISZA,001T,Tóth Tamás,001U,Kőszegi Krisztián,236,234,0.9915254237288136
43,TISZA,001T,Tóth Tamás,001V,Dr. Kiss Máté Zsolt,245,244,0.9959183673469387
43,TISZA,001T,Tóth Tamás,001W,Lukács Gábor,244,244,1.0
43,TISZA,001T,Tóth Tamás,001X,Kaprinyák Tibor,245,245,1.0
43,TISZA,001T,Tóth Tamás,001Y,Porcher Áron,244,244,1.0
43,TISZA,001T,Tóth Tamás,001Z,Boda Nikoletta,242,242,1.0
43,TISZA,001T,Tóth Tamás,0020,Dr. Koncz Áron,246,246,1.0
43,TISZA,001T,Tóth Tamás,0021,László Endre Márton,246,245,0.9959349593495935
43,TISZA,001T,Tóth Tamás,0022,Perticsné Kácsor Andrea,245,244,0.9959183673469387
43,TISZA,001T,Tóth Tamás,0023,Tóthmajor Balázs,246,246,1.0
43,TISZA,001T,Tóth Tamás,0024,Dr. Ruzsa Diána,244,241,0.9877049180327869
43,TISZA,001T,Tóth Tamás,0025,Dr. Sopov Ildikó Éva,228,228,1.0
43,TISZA,001T,Tóth Tamás,0026,Dr. Bódis Péter,240,236,0.9833333333333333
43,TISZA,001T,Tóth Tamás,0027,Diószegi Judit,244,244,1.0
43,TISZA,001T,Tóth Tamás,0028,Bodóczi István,246,246,1.0
43,TISZA,001T,Tóth Tamás,0029,Müller Anna,246,245,0.9959349593495935
43,TISZA,001T,Tóth Tamás,002A,Trompler Ildikó,242,239,0.987603305785124
43,TISZA,001T,Tóth Tamás,002B,Dr. Miskolczi Orsolya,245,245,1.0
43,TISZA,001T,Tóth Tamás,002C,Jelencsik József,226,226,1.0
43,TISZA,001T,Tóth Tamás,002D,Dr. Szabó Alexandra,245,245,1.0
43,TISZA,001T,Tóth Tamás,002E,Halmai Ferenc,230,230,1.0
43,TISZA,001T,Tóth Tamás,002F,Dr. Bögi Viktória,236,233,0.9872881355932204
43,TISZA,001T,Tóth Tamás,002G,Tompa Enikő,244,243,0.9959016393442623
43,TISZA,001T,Tóth Tamás,002H,Dr. Gurzó Mária,245,245,1.0
43,TISZA,001T,Tóth Tamás,002I,Dr. Lőrincz Viktória,234,232,0.9914529914529915
43,TISZA,001T,Tóth Tamás,002J,Dr. Barna-Szabó Tímea,240,240,1.0
43,TISZA,001T,Tóth Tamás,002K,Dr. Sárosi József,246,246,1.0
43,TISZA,001T,Tóth Tamás,002L,Csatári Ernő,243,242,0.9958847736625515
43,TISZA,001T,Tóth Tamás,002M,Bakos Csaba Attila,245,245,1.0
43,TISZA,001T,Tóth Tamás,002N,Strompová Viktória,244,244,1.0
43,TISZA,001T,Tóth Tamás,002O,Borics Mihály,240,240,1.0
43,TISZA,001T,Tóth Tamás,002P,Csőszi Attila,244,242,0.9918032786885246
43,TISZA,001T,Tóth Tamás,002Q,Veres Ádám,228,228,1.0
43,TISZA,001T,Tóth Tamás,002R,Szabó Tibor,243,243,1.0
43,TISZA,001T,Tóth Tamás,002S,Hende Máté,241,241,1.0
43,TISZA,001T,Tóth Tamás,002T,Balajti István,244,244,1.0
43,TISZA,001T,Tóth Tamás,002U,Muhari Gergely,240,240,1.0
43,TISZA,001T,Tóth Tamás,002V,Weigand István,239,239,1.0
43,TISZA,001T,Tóth Tamás,002W,Dr. Virágh Gabriella Mária,246,246,1.0
43,TISZA,001T,Tóth Tamás,002X,Trentin Balázs,213,212,0.9953051643192489
43,TISZA,001T,Tóth Tamás,002Y,Szimon Renáta,226,226,1.0
43,TISZA,001T,Tóth Tamás,002Z,Dr. Bilisics Zita,241,241,1.0
43,TISZA,001T,Tóth Tamás,0030,Dr. Porpáczy Krisztina,241,241,1.0
43,TISZA,001T,Tóth Tamás,0031,Bicskei László,246,246,1.0
43,TISZA,001T,Tóth Tamás,0032,Dr. Árvay Nikolett,234,233,0.9957264957264957
43,TISZA,001T,Tóth Tamás,0033,Varga Balázs,243,243,1.0
43,TISZA,001T,Tóth Tamás,0034,Csontos Bence,244,242,0.9918032786885246
43,TISZA,001T,Tóth Tamás,0035,Dr. Simon Zsuzsánna,236,236,1.0
43,TISZA,001T,Tóth Tamás,0036,Ráki Zsolt,246,246,1.0
43,TISZA,001T,Tóth Tamás,0037,Dr. Bóka Zsolt,242,241,0.9958677685950413
43,TISZA,001T,Tóth Tamás,0038,Kovács Petra Judit,240,239,0.9958333333333333
43,TISZA,001T,Tóth Tamás,0039,Dr. Bugya László,246,246,1.0
43,TISZA,001T,Tóth Tamás,003A,Lovkó Csaba,244,244,1.0
43,TISZA,001T,Tóth Tamás,003B,Tóth Norbert,238,238,1.0
43,TISZA,001T,Tóth Tamás,003C,Dr. Balatincz Péter,175,175,1.0
43,TISZA,001T,Tóth Tamás,003D,Járosi Péter,246,246,1.0
43,TISZA,001T,Tóth Tamás,003E,Gombár Dávid,244,244,1.0
43,TISZA,001T,Tóth Tamás,003F,Szakács Péter Lajos,246,246,1.0
43,TISZA,001T,Tóth Tamás,003G,Dr. Dicső Viktória,239,239,1.0
43,TISZA,001T,Tóth Tamás,003H,Czakó Czirbus Pál,241,241,1.0
43,TISZA,001T,Tóth Tamás,003I,Dr. Németh Csilla,240,239,0.9958333333333333
43,TISZA,001T,Tóth Tamás,003J,Dr. Kovács Gyula,245,245,1.0
43,TISZA,001T,Tóth Tamás,003K,Horváth Nándor Zsolt,245,245,1.0
43,TISZA,001T,Tóth Tamás,003L,Kapronczai Balázs,241,241,1.0
43,TISZA,001T,Tóth Tamás,003M,Dr. Juhász Áron,243,243,1.0
43,TISZA,001T,Tóth Tamás,003N,Kiss János,230,230,1.0
43,TISZA,001T,Tóth Tamás,003O,Gyömbér Dávid,243,243,1.0
43,TISZA,001T,Tóth Tamás,003P,Havasi Balázs,238,238,1.0
43,TISZA,001T,Tóth Tamás,003Q,Dr. Kovács Áron,244,244,1.0
43,TISZA,001T,Tóth Tamás,003R,Csiszár Béla,245,245,1.0
43,TISZA,001T,Tóth Tamás,003S,Dr. Szijjártó Gábor,244,244,1.0
43,TISZA,001T,Tóth Tamás,003T,Rápli Róbert,239,238,0.99581589958159
43,TISZA,001T,Tóth Tamás,003U,Ujvári Szilvia,246,245,0.9959349593495935
43,TISZA,001T,Tóth Tamás,003V,Dr. Farkas Csongor,246,246,1.0
43,TISZA,001T,Tóth Tamás,003W,Csák László,243,243,1.0
43,TISZA,001T,Tóth Tamás,003X,Néher András,243,243,1.0
43,TISZA,001T,Tóth Tamás,003Y,Bárkányi Bence,246,246,1.0
43,TISZA,001T,Tóth Tamás,003Z,Ferenczi Gábor,244,244,1.0
43,TISZA,001T,Tóth Tamás,0040,Dr. Nagy Márta,245,245,1.0
43,TISZA,001T,Tóth Tamás,0041,Dr. Gáspár Levente,244,244,1.0
43,TISZA,001T,Tóth Tamás,0042,Dr. Hallerné Dr. Nagy Anikó,234,233,0.9957264957264957
43,TISZA,001T,Tóth Tamás,0043,Dr. Bihari Zoltán,241,237,0.983402489626556
43,TISZA,001T,Tóth Tamás,0044,Lontay László,239,239,1.0
43,TISZA,001T,Tóth Tamás,0045,Cseh Tamás,242,241,0.9958677685950413
43,TISZA,001T,Tóth Tamás,0046,Benke József,245,245,1.0
43,TISZA,001T,Tóth Tamás,0047,Hatala-Orosz Csaba,244,243,0.9959016393442623
43,TISZA,001T,Tóth Tamás,0048,Rózsahegyi Áron,231,231,1.0
43,TISZA,001T,Tóth Tamás,0049,Dr. Czipa András,189,189,1.0
43,TISZA,001T,Tóth Tamás,004A,Juhász Roland Csongor,246,246,1.0
43,TISZA,001T,Tóth Tamás,004B,Karsai-Juhász Katalin,236,236,1.0
43,TISZA,001T,Tóth Tamás,004C,Judák Zsolt,245,243,0.9918367346938776
43,TISZA,001T,Tóth Tamás,004D,Polgár György,246,246,1.0
43,TISZA,001T,Tóth Tamás,004E,Tárkányi Zsolt,236,235,0.9957627118644068
43,TISZA,001T,Tóth Tamás,004F,Dr. Stumpf Péter,246,245,0.9959349593495935
43,TISZA,001T,Tóth Tamás,004G,Gajda Attila,244,242,0.9918032786885246
43,TISZA,001T,Tóth Tamás,004H,Molnár János,245,245,1.0
43,TISZA,001T,Tóth Tamás,k122,Kármán András,225,224,0.9955555555555555
43,TISZA,001T,Tóth Tamás,m076,Magyar Péter,188,188,1.0
43,TISZA,001T,Tóth Tamás,t067,Tarr Zoltán,225,222,0.9866666666666667
43,TISZA,001U,Kőszegi Krisztián,001V,Dr. Kiss Máté Zsolt,242,239,0.987603305785124
43,TISZA,001U,Kőszegi Krisztián,001W,Lukács Gábor,241,239,0.991701244813278
43,TISZA,001U,Kőszegi Krisztián,001X,Kaprinyák Tibor,242,240,0.9917355371900827
43,TISZA,001U,Kőszegi Krisztián,001Y,Porcher Áron,241,239,0.991701244813278
43,TISZA,001U,Kőszegi Krisztián,001Z,Boda Nikoletta,239,237,0.9916317991631799
43,TISZA,001U,Kőszegi Krisztián,0020,Dr. Koncz Áron,243,241,0.9917695473251029
43,TISZA,001U,Kőszegi Krisztián,0021,László Endre Márton,243,241,0.9917695473251029
43,TISZA,001U,Kőszegi Krisztián,0022,Perticsné Kácsor Andrea,242,239,0.987603305785124
43,TISZA,001U,Kőszegi Krisztián,0023,Tóthmajor Balázs,243,241,0.9917695473251029
43,TISZA,001U,Kőszegi Krisztián,0024,Dr. Ruzsa Diána,242,239,0.987603305785124
43,TISZA,001U,Kőszegi Krisztián,0025,Dr. Sopov Ildikó Éva,226,224,0.9911504424778761
43,TISZA,001U,Kőszegi Krisztián,0026,Dr. Bódis Péter,238,233,0.9789915966386554
43,TISZA,001U,Kőszegi Krisztián,0027,Diószegi Judit,241,239,0.991701244813278
43,TISZA,001U,Kőszegi Krisztián,0028,Bodóczi István,243,241,0.9917695473251029
43,TISZA,001U,Kőszegi Krisztián,0029,Müller Anna,243,240,0.9876543209876543
43,TISZA,001U,Kőszegi Krisztián,002A,Trompler Ildikó,238,233,0.9789915966386554
43,TISZA,001U,Kőszegi Krisztián,002B,Dr. Miskolczi Orsolya,242,240,0.9917355371900827
43,TISZA,001U,Kőszegi Krisztián,002C,Jelencsik József,222,220,0.990990990990991
43,TISZA,001U,Kőszegi Krisztián,002D,Dr. Szabó Alexandra,242,240,0.9917355371900827
43,TISZA,001U,Kőszegi Krisztián,002E,Halmai Ferenc,228,226,0.9912280701754386
43,TISZA,001U,Kőszegi Krisztián,002F,Dr. Bögi Viktória,233,228,0.9785407725321889
43,TISZA,001U,Kőszegi Krisztián,002G,Tompa Enikő,241,238,0.9875518672199171
43,TISZA,001U,Kőszegi Krisztián,002H,Dr. Gurzó Mária,242,240,0.9917355371900827
43,TISZA,001U,Kőszegi Krisztián,002I,Dr. Lőrincz Viktória,232,230,0.9913793103448276
43,TISZA,001U,Kőszegi Krisztián,002J,Dr. Barna-Szabó Tímea,235,233,0.9914893617021276
43,TISZA,001U,Kőszegi Krisztián,002K,Dr. Sárosi József,243,241,0.9917695473251029
43,TISZA,001U,Kőszegi Krisztián,002L,Csatári Ernő,238,235,0.9873949579831933
43,TISZA,001U,Kőszegi Krisztián,002M,Bakos Csaba Attila,243,241,0.9917695473251029
43,TISZA,001U,Kőszegi Krisztián,002N,Strompová Viktória,241,239,0.991701244813278
43,TISZA,001U,Kőszegi Krisztián,002O,Borics Mihály,237,235,0.9915611814345991
43,TISZA,001U,Kőszegi Krisztián,002P,Csőszi Attila,242,238,0.9834710743801653
43,TISZA,001U,Kőszegi Krisztián,002Q,Veres Ádám,226,224,0.9911504424778761
43,TISZA,001U,Kőszegi Krisztián,002R,Szabó Tibor,240,238,0.9916666666666667
43,TISZA,001U,Kőszegi Krisztián,002S,Hende Máté,240,238,0.9916666666666667
43,TISZA,001U,Kőszegi Krisztián,002T,Balajti István,241,239,0.991701244813278
43,TISZA,001U,Kőszegi Krisztián,002U,Muhari Gergely,236,234,0.9915254237288136
43,TISZA,001U,Kőszegi Krisztián,002V,Weigand István,239,237,0.9916317991631799
43,TISZA,001U,Kőszegi Krisztián,002W,Dr. Virágh Gabriella Mária,243,241,0.9917695473251029
43,TISZA,001U,Kőszegi Krisztián,002X,Trentin Balázs,206,203,0.9854368932038835
43,TISZA,001U,Kőszegi Krisztián,002Y,Szimon Renáta,223,221,0.9910313901345291
43,TISZA,001U,Kőszegi Krisztián,002Z,Dr. Bilisics Zita,237,235,0.9915611814345991
43,TISZA,001U,Kőszegi Krisztián,0030,Dr. Porpáczy Krisztina,239,238,0.99581589958159
43,TISZA,001U,Kőszegi Krisztián,0031,Bicskei László,242,240,0.9917355371900827
43,TISZA,001U,Kőszegi Krisztián,0032,Dr. Árvay Nikolett,231,228,0.987012987012987
43,TISZA,001U,Kőszegi Krisztián,0033,Varga Balázs,239,237,0.9916317991631799
43,TISZA,001U,Kőszegi Krisztián,0034,Csontos Bence,241,237,0.983402489626556
43,TISZA,001U,Kőszegi Krisztián,0035,Dr. Simon Zsuzsánna,234,232,0.9914529914529915
43,TISZA,001U,Kőszegi Krisztián,0036,Ráki Zsolt,243,241,0.9917695473251029
43,TISZA,001U,Kőszegi Krisztián,0037,Dr. Bóka Zsolt,238,235,0.9873949579831933
43,TISZA,001U,Kőszegi Krisztián,0038,Kovács Petra Judit,237,235,0.9915611814345991
43,TISZA,001U,Kőszegi Krisztián,0039,Dr. Bugya László,243,241,0.9917695473251029
43,TISZA,001U,Kőszegi Krisztián,003A,Lovkó Csaba,240,238,0.9916666666666667
43,TISZA,001U,Kőszegi Krisztián,003B,Tóth Norbert,233,231,0.9914163090128756
43,TISZA,001U,Kőszegi Krisztián,003C,Dr. Balatincz Péter,175,173,0.9885714285714285
43,TISZA,001U,Kőszegi Krisztián,003D,Járosi Péter,243,241,0.9917695473251029
43,TISZA,001U,Kőszegi Krisztián,003E,Gombár Dávid,239,237,0.9916317991631799
43,TISZA,001U,Kőszegi Krisztián,003F,Szakács Péter Lajos,243,241,0.9917695473251029
43,TISZA,001U,Kőszegi Krisztián,003G,Dr. Dicső Viktória,237,235,0.9915611814345991
43,TISZA,001U,Kőszegi Krisztián,003H,Czakó Czirbus Pál,238,236,0.9915966386554622
43,TISZA,001U,Kőszegi Krisztián,003I,Dr. Németh Csilla,237,234,0.9873417721518988
43,TISZA,001U,Kőszegi Krisztián,003J,Dr. Kovács Gyula,242,240,0.9917355371900827
43,TISZA,001U,Kőszegi Krisztián,003K,Horváth Nándor Zsolt,242,240,0.9917355371900827
43,TISZA,001U,Kőszegi Krisztián,003L,Kapronczai Balázs,239,237,0.9916317991631799
43,TISZA,001U,Kőszegi Krisztián,003M,Dr. Juhász Áron,239,237,0.9916317991631799
43,TISZA,001U,Kőszegi Krisztián,003N,Kiss János,228,227,0.9956140350877193
43,TISZA,001U,Kőszegi Krisztián,003O,Gyömbér Dávid,240,238,0.9916666666666667
43,TISZA,001U,Kőszegi Krisztián,003P,Havasi Balázs,230,228,0.991304347826087
43,TISZA,001U,Kőszegi Krisztián,003Q,Dr. Kovács Áron,242,240,0.9917355371900827
43,TISZA,001U,Kőszegi Krisztián,003R,Csiszár Béla,243,241,0.9917695473251029
43,TISZA,001U,Kőszegi Krisztián,003S,Dr. Szijjártó Gábor,240,238,0.9916666666666667
43,TISZA,001U,Kőszegi Krisztián,003T,Rápli Róbert,237,234,0.9873417721518988
43,TISZA,001U,Kőszegi Krisztián,003U,Ujvári Szilvia,243,240,0.9876543209876543
43,TISZA,001U,Kőszegi Krisztián,003V,Dr. Farkas Csongor,243,241,0.9917695473251029
43,TISZA,001U,Kőszegi Krisztián,003W,Csák László,239,237,0.9916317991631799
43,TISZA,001U,Kőszegi Krisztián,003X,Néher András,240,238,0.9916666666666667
43,TISZA,001U,Kőszegi Krisztián,003Y,Bárkányi Bence,243,241,0.9917695473251029
43,TISZA,001U,Kőszegi Krisztián,003Z,Ferenczi Gábor,241,239,0.991701244813278
43,TISZA,001U,Kőszegi Krisztián,0040,Dr. Nagy Márta,241,239,0.991701244813278
43,TISZA,001U,Kőszegi Krisztián,0041,Dr. Gáspár Levente,242,240,0.9917355371900827
43,TISZA,001U,Kőszegi Krisztián,0042,Dr. Hallerné Dr. Nagy Anikó,228,227,0.9956140350877193
43,TISZA,001U,Kőszegi Krisztián,0043,Dr. Bihari Zoltán,238,232,0.9747899159663865
43,TISZA,001U,Kőszegi Krisztián,0044,Lontay László,238,236,0.9915966386554622
43,TISZA,001U,Kőszegi Krisztián,0045,Cseh Tamás,241,237,0.983402489626556
43,TISZA,001U,Kőszegi Krisztián,0046,Benke József,243,241,0.9917695473251029
43,TISZA,001U,Kőszegi Krisztián,0047,Hatala-Orosz Csaba,241,238,0.9875518672199171
43,TISZA,001U,Kőszegi Krisztián,0048,Rózsahegyi Áron,229,228,0.9956331877729258
43,TISZA,001U,Kőszegi Krisztián,0049,Dr. Czipa András,189,187,0.9894179894179894
43,TISZA,001U,Kőszegi Krisztián,004A,Juhász Roland Csongor,243,241,0.9917695473251029
43,TISZA,001U,Kőszegi Krisztián,004B,Karsai-Juhász Katalin,233,231,0.9914163090128756
43,TISZA,001U,Kőszegi Krisztián,004C,Judák Zsolt,242,238,0.9834710743801653
43,TISZA,001U,Kőszegi Krisztián,004D,Polgár György,243,241,0.9917695473251029
43,TISZA,001U,Kőszegi Krisztián,004E,Tárkányi Zsolt,234,231,0.9871794871794872
43,TISZA,001U,Kőszegi Krisztián,004F,Dr. Stumpf Péter,243,240,0.9876543209876543
43,TISZA,001U,Kőszegi Krisztián,004G,Gajda Attila,241,237,0.983402489626556
43,TISZA,001U,Kőszegi Krisztián,004H,Molnár János,242,240,0.9917355371900827
43,TISZA,001U,Kőszegi Krisztián,k122,Kármán András,219,218,0.9954337899543378
43,TISZA,001U,Kőszegi Krisztián,m076,Magyar Péter,185,185,1.0
43,TISZA,001U,Kőszegi Krisztián,t067,Tarr Zoltán,219,216,0.9863013698630136
43,TISZA,001V,Dr. Kiss Máté Zsolt,001W,Lukács Gábor,253,252,0.9960474308300395
43,TISZA,001V,Dr. Kiss Máté Zsolt,001X,Kaprinyák Tibor,254,253,0.9960629921259843
43,TISZA,001V,Dr. Kiss Máté Zsolt,001Y,Porcher Áron,253,252,0.9960474308300395
43,TISZA,001V,Dr. Kiss Máté Zsolt,001Z,Boda Nikoletta,251,250,0.9960159362549801
43,TISZA,001V,Dr. Kiss Máté Zsolt,0020,Dr. Koncz Áron,255,254,0.996078431372549
43,TISZA,001V,Dr. Kiss Máté Zsolt,0021,László Endre Márton,255,253,0.9921568627450981
43,TISZA,001V,Dr. Kiss Máté Zsolt,0022,Perticsné Kácsor Andrea,254,252,0.9921259842519685
43,TISZA,001V,Dr. Kiss Máté Zsolt,0023,Tóthmajor Balázs,255,254,0.996078431372549
43,TISZA,001V,Dr. Kiss Máté Zsolt,0024,Dr. Ruzsa Diána,253,249,0.9841897233201581
43,TISZA,001V,Dr. Kiss Máté Zsolt,0025,Dr. Sopov Ildikó Éva,233,232,0.9957081545064378
43,TISZA,001V,Dr. Kiss Máté Zsolt,0026,Dr. Bódis Péter,250,245,0.98
43,TISZA,001V,Dr. Kiss Máté Zsolt,0027,Diószegi Judit,253,252,0.9960474308300395
43,TISZA,001V,Dr. Kiss Máté Zsolt,0028,Bodóczi István,255,254,0.996078431372549
43,TISZA,001V,Dr. Kiss Máté Zsolt,0029,Müller Anna,255,253,0.9921568627450981
43,TISZA,001V,Dr. Kiss Máté Zsolt,002A,Trompler Ildikó,250,246,0.984
43,TISZA,001V,Dr. Kiss Máté Zsolt,002B,Dr. Miskolczi Orsolya,255,254,0.996078431372549
43,TISZA,001V,Dr. Kiss Máté Zsolt,002C,Jelencsik József,234,233,0.9957264957264957
43,TISZA,001V,Dr. Kiss Máté Zsolt,002D,Dr. Szabó Alexandra,254,253,0.9960629921259843
43,TISZA,001V,Dr. Kiss Máté Zsolt,002E,Halmai Ferenc,237,236,0.9957805907172996
43,TISZA,001V,Dr. Kiss Máté Zsolt,002F,Dr. Bögi Viktória,245,241,0.9836734693877551
43,TISZA,001V,Dr. Kiss Máté Zsolt,002G,Tompa Enikő,253,251,0.9920948616600791
43,TISZA,001V,Dr. Kiss Máté Zsolt,002H,Dr. Gurzó Mária,254,253,0.9960629921259843
43,TISZA,001V,Dr. Kiss Máté Zsolt,002I,Dr. Lőrincz Viktória,244,241,0.9877049180327869
43,TISZA,001V,Dr. Kiss Máté Zsolt,002J,Dr. Barna-Szabó Tímea,246,245,0.9959349593495935
43,TISZA,001V,Dr. Kiss Máté Zsolt,002K,Dr. Sárosi József,255,254,0.996078431372549
43,TISZA,001V,Dr. Kiss Máté Zsolt,002L,Csatári Ernő,250,248,0.992
43,TISZA,001V,Dr. Kiss Máté Zsolt,002M,Bakos Csaba Attila,253,252,0.9960474308300395
43,TISZA,001V,Dr. Kiss Máté Zsolt,002N,Strompová Viktória,254,253,0.9960629921259843
43,TISZA,001V,Dr. Kiss Máté Zsolt,002O,Borics Mihály,248,247,0.9959677419354839
43,TISZA,001V,Dr. Kiss Máté Zsolt,002P,Csőszi Attila,253,250,0.9881422924901185
43,TISZA,001V,Dr. Kiss Máté Zsolt,002Q,Veres Ádám,237,236,0.9957805907172996
43,TISZA,001V,Dr. Kiss Máté Zsolt,002R,Szabó Tibor,253,252,0.9960474308300395
43,TISZA,001V,Dr. Kiss Máté Zsolt,002S,Hende Máté,249,248,0.9959839357429718
43,TISZA,001V,Dr. Kiss Máté Zsolt,002T,Balajti István,253,252,0.9960474308300395
43,TISZA,001V,Dr. Kiss Máté Zsolt,002U,Muhari Gergely,246,245,0.9959349593495935
43,TISZA,001V,Dr. Kiss Máté Zsolt,002V,Weigand István,247,246,0.9959514170040485
43,TISZA,001V,Dr. Kiss Máté Zsolt,002W,Dr. Virágh Gabriella Mária,255,254,0.996078431372549
43,TISZA,001V,Dr. Kiss Máté Zsolt,002X,Trentin Balázs,218,216,0.9908256880733946
43,TISZA,001V,Dr. Kiss Máté Zsolt,002Y,Szimon Renáta,234,233,0.9957264957264957
43,TISZA,001V,Dr. Kiss Máté Zsolt,002Z,Dr. Bilisics Zita,249,248,0.9959839357429718
43,TISZA,001V,Dr. Kiss Máté Zsolt,0030,Dr. Porpáczy Krisztina,250,249,0.996
43,TISZA,001V,Dr. Kiss Máté Zsolt,0031,Bicskei László,254,253,0.9960629921259843
43,TISZA,001V,Dr. Kiss Máté Zsolt,0032,Dr. Árvay Nikolett,243,241,0.9917695473251029
43,TISZA,001V,Dr. Kiss Máté Zsolt,0033,Varga Balázs,249,248,0.9959839357429718
43,TISZA,001V,Dr. Kiss Máté Zsolt,0034,Csontos Bence,252,249,0.9880952380952381
43,TISZA,001V,Dr. Kiss Máté Zsolt,0035,Dr. Simon Zsuzsánna,246,245,0.9959349593495935
43,TISZA,001V,Dr. Kiss Máté Zsolt,0036,Ráki Zsolt,255,254,0.996078431372549
43,TISZA,001V,Dr. Kiss Máté Zsolt,0037,Dr. Bóka Zsolt,250,248,0.992
43,TISZA,001V,Dr. Kiss Máté Zsolt,0038,Kovács Petra Judit,249,247,0.9919678714859438
43,TISZA,001V,Dr. Kiss Máté Zsolt,0039,Dr. Bugya László,255,254,0.996078431372549
43,TISZA,001V,Dr. Kiss Máté Zsolt,003A,Lovkó Csaba,252,251,0.996031746031746
43,TISZA,001V,Dr. Kiss Máté Zsolt,003B,Tóth Norbert,243,242,0.9958847736625515
43,TISZA,001V,Dr. Kiss Máté Zsolt,003C,Dr. Balatincz Péter,180,179,0.9944444444444445
43,TISZA,001V,Dr. Kiss Máté Zsolt,003D,Járosi Péter,255,254,0.996078431372549
43,TISZA,001V,Dr. Kiss Máté Zsolt,003E,Gombár Dávid,252,251,0.996031746031746
43,TISZA,001V,Dr. Kiss Máté Zsolt,003F,Szakács Péter Lajos,255,254,0.996078431372549
43,TISZA,001V,Dr. Kiss Máté Zsolt,003G,Dr. Dicső Viktória,248,247,0.9959677419354839
43,TISZA,001V,Dr. Kiss Máté Zsolt,003H,Czakó Czirbus Pál,250,249,0.996
43,TISZA,001V,Dr. Kiss Máté Zsolt,003I,Dr. Németh Csilla,247,245,0.9919028340080972
43,TISZA,001V,Dr. Kiss Máté Zsolt,003J,Dr. Kovács Gyula,254,253,0.9960629921259843
43,TISZA,001V,Dr. Kiss Máté Zsolt,003K,Horváth Nándor Zsolt,254,253,0.9960629921259843
43,TISZA,001V,Dr. Kiss Máté Zsolt,003L,Kapronczai Balázs,250,249,0.996
43,TISZA,001V,Dr. Kiss Máté Zsolt,003M,Dr. Juhász Áron,251,250,0.9960159362549801
43,TISZA,001V,Dr. Kiss Máté Zsolt,003N,Kiss János,237,237,1.0
43,TISZA,001V,Dr. Kiss Máté Zsolt,003O,Gyömbér Dávid,253,252,0.9960474308300395
43,TISZA,001V,Dr. Kiss Máté Zsolt,003P,Havasi Balázs,242,241,0.9958677685950413
43,TISZA,001V,Dr. Kiss Máté Zsolt,003Q,Dr. Kovács Áron,253,252,0.9960474308300395
43,TISZA,001V,Dr. Kiss Máté Zsolt,003R,Csiszár Béla,254,253,0.9960629921259843
43,TISZA,001V,Dr. Kiss Máté Zsolt,003S,Dr. Szijjártó Gábor,252,251,0.996031746031746
43,TISZA,001V,Dr. Kiss Máté Zsolt,003T,Rápli Róbert,246,245,0.9959349593495935
43,TISZA,001V,Dr. Kiss Máté Zsolt,003U,Ujvári Szilvia,255,253,0.9921568627450981
43,TISZA,001V,Dr. Kiss Máté Zsolt,003V,Dr. Farkas Csongor,255,254,0.996078431372549
43,TISZA,001V,Dr. Kiss Máté Zsolt,003W,Csák László,251,250,0.9960159362549801
43,TISZA,001V,Dr. Kiss Máté Zsolt,003X,Néher András,252,251,0.996031746031746
43,TISZA,001V,Dr. Kiss Máté Zsolt,003Y,Bárkányi Bence,255,254,0.996078431372549
43,TISZA,001V,Dr. Kiss Máté Zsolt,003Z,Ferenczi Gábor,254,253,0.9960629921259843
43,TISZA,001V,Dr. Kiss Máté Zsolt,0040,Dr. Nagy Márta,253,252,0.9960474308300395
43,TISZA,001V,Dr. Kiss Máté Zsolt,0041,Dr. Gáspár Levente,253,252,0.9960474308300395
43,TISZA,001V,Dr. Kiss Máté Zsolt,0042,Dr. Hallerné Dr. Nagy Anikó,239,237,0.9916317991631799
43,TISZA,001V,Dr. Kiss Máté Zsolt,0043,Dr. Bihari Zoltán,250,244,0.976
43,TISZA,001V,Dr. Kiss Máté Zsolt,0044,Lontay László,246,245,0.9959349593495935
43,TISZA,001V,Dr. Kiss Máté Zsolt,0045,Cseh Tamás,250,248,0.992
43,TISZA,001V,Dr. Kiss Máté Zsolt,0046,Benke József,254,253,0.9960629921259843
43,TISZA,001V,Dr. Kiss Máté Zsolt,0047,Hatala-Orosz Csaba,254,252,0.9921259842519685
43,TISZA,001V,Dr. Kiss Máté Zsolt,0048,Rózsahegyi Áron,237,237,1.0
43,TISZA,001V,Dr. Kiss Máté Zsolt,0049,Dr. Czipa András,195,194,0.9948717948717949
43,TISZA,001V,Dr. Kiss Máté Zsolt,004A,Juhász Roland Csongor,255,254,0.996078431372549
43,TISZA,001V,Dr. Kiss Máté Zsolt,004B,Karsai-Juhász Katalin,245,244,0.9959183673469387
43,TISZA,001V,Dr. Kiss Máté Zsolt,004C,Judák Zsolt,254,251,0.9881889763779528
43,TISZA,001V,Dr. Kiss Máté Zsolt,004D,Polgár György,255,254,0.996078431372549
43,TISZA,001V,Dr. Kiss Máté Zsolt,004E,Tárkányi Zsolt,244,242,0.9918032786885246
43,TISZA,001V,Dr. Kiss Máté Zsolt,004F,Dr. Stumpf Péter,255,253,0.9921568627450981
43,TISZA,001V,Dr. Kiss Máté Zsolt,004G,Gajda Attila,253,250,0.9881422924901185
43,TISZA,001V,Dr. Kiss Máté Zsolt,004H,Molnár János,254,253,0.9960629921259843
43,TISZA,001V,Dr. Kiss Máté Zsolt,k122,Kármán András,226,224,0.9911504424778761
43,TISZA,001V,Dr. Kiss Máté Zsolt,m076,Magyar Péter,189,188,0.9947089947089947
43,TISZA,001V,Dr. Kiss Máté Zsolt,t067,Tarr Zoltán,229,225,0.982532751091703
43,TISZA,001W,Lukács Gábor,001X,Kaprinyák Tibor,254,254,1.0
43,TISZA,001W,Lukács Gábor,001Y,Porcher Áron,253,253,1.0
43,TISZA,001W,Lukács Gábor,001Z,Boda Nikoletta,250,250,1.0
43,TISZA,001W,Lukács Gábor,0020,Dr. Koncz Áron,254,254,1.0
43,TISZA,001W,Lukács Gábor,0021,László Endre Márton,254,253,0.9960629921259843
43,TISZA,001W,Lukács Gábor,0022,Perticsné Kácsor Andrea,253,252,0.9960474308300395
43,TISZA,001W,Lukács Gábor,0023,Tóthmajor Balázs,254,254,1.0
43,TISZA,001W,Lukács Gábor,0024,Dr. Ruzsa Diána,252,249,0.9880952380952381
43,TISZA,001W,Lukács Gábor,0025,Dr. Sopov Ildikó Éva,233,233,1.0
43,TISZA,001W,Lukács Gábor,0026,Dr. Bódis Péter,249,245,0.9839357429718876
43,TISZA,001W,Lukács Gábor,0027,Diószegi Judit,252,252,1.0
43,TISZA,001W,Lukács Gábor,0028,Bodóczi István,254,254,1.0
43,TISZA,001W,Lukács Gábor,0029,Müller Anna,254,253,0.9960629921259843
43,TISZA,001W,Lukács Gábor,002A,Trompler Ildikó,250,247,0.988
43,TISZA,001W,Lukács Gábor,002B,Dr. Miskolczi Orsolya,253,253,1.0
43,TISZA,001W,Lukács Gábor,002C,Jelencsik József,233,233,1.0
43,TISZA,001W,Lukács Gábor,002D,Dr. Szabó Alexandra,253,253,1.0
43,TISZA,001W,Lukács Gábor,002E,Halmai Ferenc,237,237,1.0
43,TISZA,001W,Lukács Gábor,002F,Dr. Bögi Viktória,244,241,0.9877049180327869
43,TISZA,001W,Lukács Gábor,002G,Tompa Enikő,252,251,0.996031746031746
43,TISZA,001W,Lukács Gábor,002H,Dr. Gurzó Mária,253,253,1.0
43,TISZA,001W,Lukács Gábor,002I,Dr. Lőrincz Viktória,242,240,0.9917355371900827
43,TISZA,001W,Lukács Gábor,002J,Dr. Barna-Szabó Tímea,245,245,1.0
43,TISZA,001W,Lukács Gábor,002K,Dr. Sárosi József,254,254,1.0
43,TISZA,001W,Lukács Gábor,002L,Csatári Ernő,249,248,0.9959839357429718
43,TISZA,001W,Lukács Gábor,002M,Bakos Csaba Attila,252,252,1.0
43,TISZA,001W,Lukács Gábor,002N,Strompová Viktória,252,252,1.0
43,TISZA,001W,Lukács Gábor,002O,Borics Mihály,247,247,1.0
43,TISZA,001W,Lukács Gábor,002P,Csőszi Attila,252,250,0.9920634920634921
43,TISZA,001W,Lukács Gábor,002Q,Veres Ádám,237,237,1.0
43,TISZA,001W,Lukács Gábor,002R,Szabó Tibor,251,251,1.0
43,TISZA,001W,Lukács Gábor,002S,Hende Máté,248,248,1.0
43,TISZA,001W,Lukács Gábor,002T,Balajti István,252,252,1.0
43,TISZA,001W,Lukács Gábor,002U,Muhari Gergely,246,246,1.0
43,TISZA,001W,Lukács Gábor,002V,Weigand István,246,246,1.0
43,TISZA,001W,Lukács Gábor,002W,Dr. Virágh Gabriella Mária,254,254,1.0
43,TISZA,001W,Lukács Gábor,002X,Trentin Balázs,217,216,0.9953917050691244
43,TISZA,001W,Lukács Gábor,002Y,Szimon Renáta,233,233,1.0
43,TISZA,001W,Lukács Gábor,002Z,Dr. Bilisics Zita,249,249,1.0
43,TISZA,001W,Lukács Gábor,0030,Dr. Porpáczy Krisztina,249,249,1.0
43,TISZA,001W,Lukács Gábor,0031,Bicskei László,253,253,1.0
43,TISZA,001W,Lukács Gábor,0032,Dr. Árvay Nikolett,242,241,0.9958677685950413
43,TISZA,001W,Lukács Gábor,0033,Varga Balázs,248,248,1.0
43,TISZA,001W,Lukács Gábor,0034,Csontos Bence,251,249,0.9920318725099602
43,TISZA,001W,Lukács Gábor,0035,Dr. Simon Zsuzsánna,244,244,1.0
43,TISZA,001W,Lukács Gábor,0036,Ráki Zsolt,254,254,1.0
43,TISZA,001W,Lukács Gábor,0037,Dr. Bóka Zsolt,248,247,0.9959677419354839
43,TISZA,001W,Lukács Gábor,0038,Kovács Petra Judit,249,248,0.9959839357429718
43,TISZA,001W,Lukács Gábor,0039,Dr. Bugya László,254,254,1.0
43,TISZA,001W,Lukács Gábor,003A,Lovkó Csaba,251,251,1.0
43,TISZA,001W,Lukács Gábor,003B,Tóth Norbert,242,242,1.0
43,TISZA,001W,Lukács Gábor,003C,Dr. Balatincz Péter,180,180,1.0
43,TISZA,001W,Lukács Gábor,003D,Járosi Péter,254,254,1.0
43,TISZA,001W,Lukács Gábor,003E,Gombár Dávid,250,250,1.0
43,TISZA,001W,Lukács Gábor,003F,Szakács Péter Lajos,254,254,1.0
43,TISZA,001W,Lukács Gábor,003G,Dr. Dicső Viktória,248,248,1.0
43,TISZA,001W,Lukács Gábor,003H,Czakó Czirbus Pál,249,249,1.0
43,TISZA,001W,Lukács Gábor,003I,Dr. Németh Csilla,246,245,0.9959349593495935
43,TISZA,001W,Lukács Gábor,003J,Dr. Kovács Gyula,253,253,1.0
43,TISZA,001W,Lukács Gábor,003K,Horváth Nándor Zsolt,253,253,1.0
43,TISZA,001W,Lukács Gábor,003L,Kapronczai Balázs,249,249,1.0
43,TISZA,001W,Lukács Gábor,003M,Dr. Juhász Áron,250,250,1.0
43,TISZA,001W,Lukács Gábor,003N,Kiss János,235,235,1.0
43,TISZA,001W,Lukács Gábor,003O,Gyömbér Dávid,251,251,1.0
43,TISZA,001W,Lukács Gábor,003P,Havasi Balázs,241,241,1.0
43,TISZA,001W,Lukács Gábor,003Q,Dr. Kovács Áron,252,252,1.0
43,TISZA,001W,Lukács Gábor,003R,Csiszár Béla,253,253,1.0
43,TISZA,001W,Lukács Gábor,003S,Dr. Szijjártó Gábor,252,252,1.0
43,TISZA,001W,Lukács Gábor,003T,Rápli Róbert,245,244,0.9959183673469387
43,TISZA,001W,Lukács Gábor,003U,Ujvári Szilvia,254,253,0.9960629921259843
43,TISZA,001W,Lukács Gábor,003V,Dr. Farkas Csongor,254,254,1.0
43,TISZA,001W,Lukács Gábor,003W,Csák László,250,250,1.0
43,TISZA,001W,Lukács Gábor,003X,Néher András,252,252,1.0
43,TISZA,001W,Lukács Gábor,003Y,Bárkányi Bence,254,254,1.0
43,TISZA,001W,Lukács Gábor,003Z,Ferenczi Gábor,252,252,1.0
43,TISZA,001W,Lukács Gábor,0040,Dr. Nagy Márta,252,252,1.0
43,TISZA,001W,Lukács Gábor,0041,Dr. Gáspár Levente,252,252,1.0
43,TISZA,001W,Lukács Gábor,0042,Dr. Hallerné Dr. Nagy Anikó,238,237,0.9957983193277311
43,TISZA,001W,Lukács Gábor,0043,Dr. Bihari Zoltán,249,244,0.9799196787148594
43,TISZA,001W,Lukács Gábor,0044,Lontay László,245,245,1.0
43,TISZA,001W,Lukács Gábor,0045,Cseh Tamás,249,247,0.9919678714859438
43,TISZA,001W,Lukács Gábor,0046,Benke József,253,253,1.0
43,TISZA,001W,Lukács Gábor,0047,Hatala-Orosz Csaba,252,251,0.996031746031746
43,TISZA,001W,Lukács Gábor,0048,Rózsahegyi Áron,236,236,1.0
43,TISZA,001W,Lukács Gábor,0049,Dr. Czipa András,195,195,1.0
43,TISZA,001W,Lukács Gábor,004A,Juhász Roland Csongor,254,254,1.0
43,TISZA,001W,Lukács Gábor,004B,Karsai-Juhász Katalin,244,244,1.0
43,TISZA,001W,Lukács Gábor,004C,Judák Zsolt,254,252,0.9921259842519685
43,TISZA,001W,Lukács Gábor,004D,Polgár György,254,254,1.0
43,TISZA,001W,Lukács Gábor,004E,Tárkányi Zsolt,242,241,0.9958677685950413
43,TISZA,001W,Lukács Gábor,004F,Dr. Stumpf Péter,254,253,0.9960629921259843
43,TISZA,001W,Lukács Gábor,004G,Gajda Attila,252,250,0.9920634920634921
43,TISZA,001W,Lukács Gábor,004H,Molnár János,253,253,1.0
43,TISZA,001W,Lukács Gábor,k122,Kármán András,226,225,0.995575221238938
43,TISZA,001W,Lukács Gábor,m076,Magyar Péter,187,187,1.0
43,TISZA,001W,Lukács Gábor,t067,Tarr Zoltán,227,224,0.986784140969163
43,TISZA,001X,Kaprinyák Tibor,001Y,Porcher Áron,254,254,1.0
43,TISZA,001X,Kaprinyák Tibor,001Z,Boda Nikoletta,251,251,1.0
43,TISZA,001X,Kaprinyák Tibor,0020,Dr. Koncz Áron,255,255,1.0
43,TISZA,001X,Kaprinyák Tibor,0021,László Endre Márton,255,254,0.996078431372549
43,TISZA,001X,Kaprinyák Tibor,0022,Perticsné Kácsor Andrea,254,253,0.9960629921259843
43,TISZA,001X,Kaprinyák Tibor,0023,Tóthmajor Balázs,255,255,1.0
43,TISZA,001X,Kaprinyák Tibor,0024,Dr. Ruzsa Diána,253,250,0.9881422924901185
43,TISZA,001X,Kaprinyák Tibor,0025,Dr. Sopov Ildikó Éva,233,233,1.0
43,TISZA,001X,Kaprinyák Tibor,0026,Dr. Bódis Péter,250,246,0.984
43,TISZA,001X,Kaprinyák Tibor,0027,Diószegi Judit,253,253,1.0
43,TISZA,001X,Kaprinyák Tibor,0028,Bodóczi István,255,255,1.0
43,TISZA,001X,Kaprinyák Tibor,0029,Müller Anna,255,254,0.996078431372549
43,TISZA,001X,Kaprinyák Tibor,002A,Trompler Ildikó,251,248,0.9880478087649402
43,TISZA,001X,Kaprinyák Tibor,002B,Dr. Miskolczi Orsolya,254,254,1.0
43,TISZA,001X,Kaprinyák Tibor,002C,Jelencsik József,234,234,1.0
43,TISZA,001X,Kaprinyák Tibor,002D,Dr. Szabó Alexandra,254,254,1.0
43,TISZA,001X,Kaprinyák Tibor,002E,Halmai Ferenc,237,237,1.0
43,TISZA,001X,Kaprinyák Tibor,002F,Dr. Bögi Viktória,245,242,0.9877551020408163
43,TISZA,001X,Kaprinyák Tibor,002G,Tompa Enikő,253,252,0.9960474308300395
43,TISZA,001X,Kaprinyák Tibor,002H,Dr. Gurzó Mária,254,254,1.0
43,TISZA,001X,Kaprinyák Tibor,002I,Dr. Lőrincz Viktória,243,241,0.9917695473251029
43,TISZA,001X,Kaprinyák Tibor,002J,Dr. Barna-Szabó Tímea,246,246,1.0
43,TISZA,001X,Kaprinyák Tibor,002K,Dr. Sárosi József,255,255,1.0
43,TISZA,001X,Kaprinyák Tibor,002L,Csatári Ernő,250,249,0.996
43,TISZA,001X,Kaprinyák Tibor,002M,Bakos Csaba Attila,253,253,1.0
43,TISZA,001X,Kaprinyák Tibor,002N,Strompová Viktória,253,253,1.0
43,TISZA,001X,Kaprinyák Tibor,002O,Borics Mihály,248,248,1.0
43,TISZA,001X,Kaprinyák Tibor,002P,Csőszi Attila,253,251,0.9920948616600791
43,TISZA,001X,Kaprinyák Tibor,002Q,Veres Ádám,238,238,1.0
43,TISZA,001X,Kaprinyák Tibor,002R,Szabó Tibor,252,252,1.0
43,TISZA,001X,Kaprinyák Tibor,002S,Hende Máté,249,249,1.0
43,TISZA,001X,Kaprinyák Tibor,002T,Balajti István,253,253,1.0
43,TISZA,001X,Kaprinyák Tibor,002U,Muhari Gergely,247,247,1.0
43,TISZA,001X,Kaprinyák Tibor,002V,Weigand István,247,247,1.0
43,TISZA,001X,Kaprinyák Tibor,002W,Dr. Virágh Gabriella Mária,255,255,1.0
43,TISZA,001X,Kaprinyák Tibor,002X,Trentin Balázs,218,217,0.9954128440366973
43,TISZA,001X,Kaprinyák Tibor,002Y,Szimon Renáta,234,234,1.0
43,TISZA,001X,Kaprinyák Tibor,002Z,Dr. Bilisics Zita,250,250,1.0
43,TISZA,001X,Kaprinyák Tibor,0030,Dr. Porpáczy Krisztina,250,250,1.0
43,TISZA,001X,Kaprinyák Tibor,0031,Bicskei László,254,254,1.0
43,TISZA,001X,Kaprinyák Tibor,0032,Dr. Árvay Nikolett,243,242,0.9958847736625515
43,TISZA,001X,Kaprinyák Tibor,0033,Varga Balázs,249,249,1.0
43,TISZA,001X,Kaprinyák Tibor,0034,Csontos Bence,252,250,0.9920634920634921
43,TISZA,001X,Kaprinyák Tibor,0035,Dr. Simon Zsuzsánna,245,245,1.0
43,TISZA,001X,Kaprinyák Tibor,0036,Ráki Zsolt,255,255,1.0
43,TISZA,001X,Kaprinyák Tibor,0037,Dr. Bóka Zsolt,249,248,0.9959839357429718
43,TISZA,001X,Kaprinyák Tibor,0038,Kovács Petra Judit,249,248,0.9959839357429718
43,TISZA,001X,Kaprinyák Tibor,0039,Dr. Bugya László,255,255,1.0
43,TISZA,001X,Kaprinyák Tibor,003A,Lovkó Csaba,252,252,1.0
43,TISZA,001X,Kaprinyák Tibor,003B,Tóth Norbert,243,243,1.0
43,TISZA,001X,Kaprinyák Tibor,003C,Dr. Balatincz Péter,180,180,1.0
43,TISZA,001X,Kaprinyák Tibor,003D,Járosi Péter,255,255,1.0
43,TISZA,001X,Kaprinyák Tibor,003E,Gombár Dávid,251,251,1.0
43,TISZA,001X,Kaprinyák Tibor,003F,Szakács Péter Lajos,255,255,1.0
43,TISZA,001X,Kaprinyák Tibor,003G,Dr. Dicső Viktória,249,249,1.0
43,TISZA,001X,Kaprinyák Tibor,003H,Czakó Czirbus Pál,250,250,1.0
43,TISZA,001X,Kaprinyák Tibor,003I,Dr. Németh Csilla,247,246,0.9959514170040485
43,TISZA,001X,Kaprinyák Tibor,003J,Dr. Kovács Gyula,254,254,1.0
43,TISZA,001X,Kaprinyák Tibor,003K,Horváth Nándor Zsolt,254,254,1.0
43,TISZA,001X,Kaprinyák Tibor,003L,Kapronczai Balázs,250,250,1.0
43,TISZA,001X,Kaprinyák Tibor,003M,Dr. Juhász Áron,251,251,1.0
43,TISZA,001X,Kaprinyák Tibor,003N,Kiss János,236,236,1.0
43,TISZA,001X,Kaprinyák Tibor,003O,Gyömbér Dávid,252,252,1.0
43,TISZA,001X,Kaprinyák Tibor,003P,Havasi Balázs,242,242,1.0
43,TISZA,001X,Kaprinyák Tibor,003Q,Dr. Kovács Áron,253,253,1.0
43,TISZA,001X,Kaprinyák Tibor,003R,Csiszár Béla,254,254,1.0
43,TISZA,001X,Kaprinyák Tibor,003S,Dr. Szijjártó Gábor,253,253,1.0
43,TISZA,001X,Kaprinyák Tibor,003T,Rápli Róbert,246,245,0.9959349593495935
43,TISZA,001X,Kaprinyák Tibor,003U,Ujvári Szilvia,255,254,0.996078431372549
43,TISZA,001X,Kaprinyák Tibor,003V,Dr. Farkas Csongor,255,255,1.0
43,TISZA,001X,Kaprinyák Tibor,003W,Csák László,251,251,1.0
43,TISZA,001X,Kaprinyák Tibor,003X,Néher András,253,253,1.0
43,TISZA,001X,Kaprinyák Tibor,003Y,Bárkányi Bence,255,255,1.0
43,TISZA,001X,Kaprinyák Tibor,003Z,Ferenczi Gábor,253,253,1.0
43,TISZA,001X,Kaprinyák Tibor,0040,Dr. Nagy Márta,253,253,1.0
43,TISZA,001X,Kaprinyák Tibor,0041,Dr. Gáspár Levente,253,253,1.0
43,TISZA,001X,Kaprinyák Tibor,0042,Dr. Hallerné Dr. Nagy Anikó,239,238,0.99581589958159
43,TISZA,001X,Kaprinyák Tibor,0043,Dr. Bihari Zoltán,250,245,0.98
43,TISZA,001X,Kaprinyák Tibor,0044,Lontay László,246,246,1.0
43,TISZA,001X,Kaprinyák Tibor,0045,Cseh Tamás,250,248,0.992
43,TISZA,001X,Kaprinyák Tibor,0046,Benke József,254,254,1.0
43,TISZA,001X,Kaprinyák Tibor,0047,Hatala-Orosz Csaba,253,252,0.9960474308300395
43,TISZA,001X,Kaprinyák Tibor,0048,Rózsahegyi Áron,237,237,1.0
43,TISZA,001X,Kaprinyák Tibor,0049,Dr. Czipa András,195,195,1.0
43,TISZA,001X,Kaprinyák Tibor,004A,Juhász Roland Csongor,255,255,1.0
43,TISZA,001X,Kaprinyák Tibor,004B,Karsai-Juhász Katalin,245,245,1.0
43,TISZA,001X,Kaprinyák Tibor,004C,Judák Zsolt,255,253,0.9921568627450981
43,TISZA,001X,Kaprinyák Tibor,004D,Polgár György,255,255,1.0
43,TISZA,001X,Kaprinyák Tibor,004E,Tárkányi Zsolt,243,242,0.9958847736625515
43,TISZA,001X,Kaprinyák Tibor,004F,Dr. Stumpf Péter,255,254,0.996078431372549
43,TISZA,001X,Kaprinyák Tibor,004G,Gajda Attila,253,251,0.9920948616600791
43,TISZA,001X,Kaprinyák Tibor,004H,Molnár János,254,254,1.0
43,TISZA,001X,Kaprinyák Tibor,k122,Kármán András,226,225,0.995575221238938
43,TISZA,001X,Kaprinyák Tibor,m076,Magyar Péter,188,188,1.0
43,TISZA,001X,Kaprinyák Tibor,t067,Tarr Zoltán,228,225,0.9868421052631579
43,TISZA,001Y,Porcher Áron,001Z,Boda Nikoletta,250,250,1.0
43,TISZA,001Y,Porcher Áron,0020,Dr. Koncz Áron,254,254,1.0
43,TISZA,001Y,Porcher Áron,0021,László Endre Márton,254,253,0.9960629921259843
43,TISZA,001Y,Porcher Áron,0022,Perticsné Kácsor Andrea,253,252,0.9960474308300395
43,TISZA,001Y,Porcher Áron,0023,Tóthmajor Balázs,254,254,1.0
43,TISZA,001Y,Porcher Áron,0024,Dr. Ruzsa Diána,252,249,0.9880952380952381
43,TISZA,001Y,Porcher Áron,0025,Dr. Sopov Ildikó Éva,232,232,1.0
43,TISZA,001Y,Porcher Áron,0026,Dr. Bódis Péter,249,245,0.9839357429718876
43,TISZA,001Y,Porcher Áron,0027,Diószegi Judit,252,252,1.0
43,TISZA,001Y,Porcher Áron,0028,Bodóczi István,254,254,1.0
43,TISZA,001Y,Porcher Áron,0029,Müller Anna,254,253,0.9960629921259843
43,TISZA,001Y,Porcher Áron,002A,Trompler Ildikó,251,248,0.9880478087649402
43,TISZA,001Y,Porcher Áron,002B,Dr. Miskolczi Orsolya,253,253,1.0
43,TISZA,001Y,Porcher Áron,002C,Jelencsik József,233,233,1.0
43,TISZA,001Y,Porcher Áron,002D,Dr. Szabó Alexandra,253,253,1.0
43,TISZA,001Y,Porcher Áron,002E,Halmai Ferenc,236,236,1.0
43,TISZA,001Y,Porcher Áron,002F,Dr. Bögi Viktória,244,241,0.9877049180327869
43,TISZA,001Y,Porcher Áron,002G,Tompa Enikő,252,251,0.996031746031746
43,TISZA,001Y,Porcher Áron,002H,Dr. Gurzó Mária,253,253,1.0
43,TISZA,001Y,Porcher Áron,002I,Dr. Lőrincz Viktória,242,240,0.9917355371900827
43,TISZA,001Y,Porcher Áron,002J,Dr. Barna-Szabó Tímea,245,245,1.0
43,TISZA,001Y,Porcher Áron,002K,Dr. Sárosi József,254,254,1.0
43,TISZA,001Y,Porcher Áron,002L,Csatári Ernő,249,248,0.9959839357429718
43,TISZA,001Y,Porcher Áron,002M,Bakos Csaba Attila,252,252,1.0
43,TISZA,001Y,Porcher Áron,002N,Strompová Viktória,252,252,1.0
43,TISZA,001Y,Porcher Áron,002O,Borics Mihály,247,247,1.0
43,TISZA,001Y,Porcher Áron,002P,Csőszi Attila,253,251,0.9920948616600791
43,TISZA,001Y,Porcher Áron,002Q,Veres Ádám,238,238,1.0
43,TISZA,001Y,Porcher Áron,002R,Szabó Tibor,251,251,1.0
43,TISZA,001Y,Porcher Áron,002S,Hende Máté,248,248,1.0
43,TISZA,001Y,Porcher Áron,002T,Balajti István,252,252,1.0
43,TISZA,001Y,Porcher Áron,002U,Muhari Gergely,246,246,1.0
43,TISZA,001Y,Porcher Áron,002V,Weigand István,246,246,1.0
43,TISZA,001Y,Porcher Áron,002W,Dr. Virágh Gabriella Mária,254,254,1.0
43,TISZA,001Y,Porcher Áron,002X,Trentin Balázs,217,216,0.9953917050691244
43,TISZA,001Y,Porcher Áron,002Y,Szimon Renáta,233,233,1.0
43,TISZA,001Y,Porcher Áron,002Z,Dr. Bilisics Zita,250,250,1.0
43,TISZA,001Y,Porcher Áron,0030,Dr. Porpáczy Krisztina,249,249,1.0
43,TISZA,001Y,Porcher Áron,0031,Bicskei László,253,253,1.0
43,TISZA,001Y,Porcher Áron,0032,Dr. Árvay Nikolett,242,241,0.9958677685950413
43,TISZA,001Y,Porcher Áron,0033,Varga Balázs,248,248,1.0
43,TISZA,001Y,Porcher Áron,0034,Csontos Bence,251,249,0.9920318725099602
43,TISZA,001Y,Porcher Áron,0035,Dr. Simon Zsuzsánna,244,244,1.0
43,TISZA,001Y,Porcher Áron,0036,Ráki Zsolt,254,254,1.0
43,TISZA,001Y,Porcher Áron,0037,Dr. Bóka Zsolt,248,247,0.9959677419354839
43,TISZA,001Y,Porcher Áron,0038,Kovács Petra Judit,248,247,0.9959677419354839
43,TISZA,001Y,Porcher Áron,0039,Dr. Bugya László,254,254,1.0
43,TISZA,001Y,Porcher Áron,003A,Lovkó Csaba,251,251,1.0
43,TISZA,001Y,Porcher Áron,003B,Tóth Norbert,242,242,1.0
43,TISZA,001Y,Porcher Áron,003C,Dr. Balatincz Péter,179,179,1.0
43,TISZA,001Y,Porcher Áron,003D,Járosi Péter,254,254,1.0
43,TISZA,001Y,Porcher Áron,003E,Gombár Dávid,250,250,1.0
43,TISZA,001Y,Porcher Áron,003F,Szakács Péter Lajos,254,254,1.0
43,TISZA,001Y,Porcher Áron,003G,Dr. Dicső Viktória,249,249,1.0
43,TISZA,001Y,Porcher Áron,003H,Czakó Czirbus Pál,249,249,1.0
43,TISZA,001Y,Porcher Áron,003I,Dr. Németh Csilla,246,245,0.9959349593495935
43,TISZA,001Y,Porcher Áron,003J,Dr. Kovács Gyula,253,253,1.0
43,TISZA,001Y,Porcher Áron,003K,Horváth Nándor Zsolt,253,253,1.0
43,TISZA,001Y,Porcher Áron,003L,Kapronczai Balázs,249,249,1.0
43,TISZA,001Y,Porcher Áron,003M,Dr. Juhász Áron,250,250,1.0
43,TISZA,001Y,Porcher Áron,003N,Kiss János,235,235,1.0
43,TISZA,001Y,Porcher Áron,003O,Gyömbér Dávid,251,251,1.0
43,TISZA,001Y,Porcher Áron,003P,Havasi Balázs,242,242,1.0
43,TISZA,001Y,Porcher Áron,003Q,Dr. Kovács Áron,252,252,1.0
43,TISZA,001Y,Porcher Áron,003R,Csiszár Béla,253,253,1.0
43,TISZA,001Y,Porcher Áron,003S,Dr. Szijjártó Gábor,252,252,1.0
43,TISZA,001Y,Porcher Áron,003T,Rápli Róbert,245,244,0.9959183673469387
43,TISZA,001Y,Porcher Áron,003U,Ujvári Szilvia,254,253,0.9960629921259843
43,TISZA,001Y,Porcher Áron,003V,Dr. Farkas Csongor,254,254,1.0
43,TISZA,001Y,Porcher Áron,003W,Csák László,250,250,1.0
43,TISZA,001Y,Porcher Áron,003X,Néher András,253,253,1.0
43,TISZA,001Y,Porcher Áron,003Y,Bárkányi Bence,254,254,1.0
43,TISZA,001Y,Porcher Áron,003Z,Ferenczi Gábor,252,252,1.0
43,TISZA,001Y,Porcher Áron,0040,Dr. Nagy Márta,253,253,1.0
43,TISZA,001Y,Porcher Áron,0041,Dr. Gáspár Levente,252,252,1.0
43,TISZA,001Y,Porcher Áron,0042,Dr. Hallerné Dr. Nagy Anikó,238,237,0.9957983193277311
43,TISZA,001Y,Porcher Áron,0043,Dr. Bihari Zoltán,249,244,0.9799196787148594
43,TISZA,001Y,Porcher Áron,0044,Lontay László,245,245,1.0
43,TISZA,001Y,Porcher Áron,0045,Cseh Tamás,249,247,0.9919678714859438
43,TISZA,001Y,Porcher Áron,0046,Benke József,253,253,1.0
43,TISZA,001Y,Porcher Áron,0047,Hatala-Orosz Csaba,252,251,0.996031746031746
43,TISZA,001Y,Porcher Áron,0048,Rózsahegyi Áron,236,236,1.0
43,TISZA,001Y,Porcher Áron,0049,Dr. Czipa András,195,195,1.0
43,TISZA,001Y,Porcher Áron,004A,Juhász Roland Csongor,254,254,1.0
43,TISZA,001Y,Porcher Áron,004B,Karsai-Juhász Katalin,244,244,1.0
43,TISZA,001Y,Porcher Áron,004C,Judák Zsolt,254,252,0.9921259842519685
43,TISZA,001Y,Porcher Áron,004D,Polgár György,254,254,1.0
43,TISZA,001Y,Porcher Áron,004E,Tárkányi Zsolt,242,241,0.9958677685950413
43,TISZA,001Y,Porcher Áron,004F,Dr. Stumpf Péter,254,253,0.9960629921259843
43,TISZA,001Y,Porcher Áron,004G,Gajda Attila,252,250,0.9920634920634921
43,TISZA,001Y,Porcher Áron,004H,Molnár János,253,253,1.0
43,TISZA,001Y,Porcher Áron,k122,Kármán András,225,224,0.9955555555555555
43,TISZA,001Y,Porcher Áron,m076,Magyar Péter,187,187,1.0
43,TISZA,001Y,Porcher Áron,t067,Tarr Zoltán,227,224,0.986784140969163
43,TISZA,001Z,Boda Nikoletta,0020,Dr. Koncz Áron,252,252,1.0
43,TISZA,001Z,Boda Nikoletta,0021,László Endre Márton,252,251,0.996031746031746
43,TISZA,001Z,Boda Nikoletta,0022,Perticsné Kácsor Andrea,251,250,0.9960159362549801
43,TISZA,001Z,Boda Nikoletta,0023,Tóthmajor Balázs,252,252,1.0
43,TISZA,001Z,Boda Nikoletta,0024,Dr. Ruzsa Diána,250,247,0.988
43,TISZA,001Z,Boda Nikoletta,0025,Dr. Sopov Ildikó Éva,231,231,1.0
43,TISZA,001Z,Boda Nikoletta,0026,Dr. Bódis Péter,246,242,0.983739837398374
43,TISZA,001Z,Boda Nikoletta,0027,Diószegi Judit,250,250,1.0
43,TISZA,001Z,Boda Nikoletta,0028,Bodóczi István,252,252,1.0
43,TISZA,001Z,Boda Nikoletta,0029,Müller Anna,252,251,0.996031746031746
43,TISZA,001Z,Boda Nikoletta,002A,Trompler Ildikó,247,244,0.9878542510121457
43,TISZA,001Z,Boda Nikoletta,002B,Dr. Miskolczi Orsolya,251,251,1.0
43,TISZA,001Z,Boda Nikoletta,002C,Jelencsik József,233,233,1.0
43,TISZA,001Z,Boda Nikoletta,002D,Dr. Szabó Alexandra,251,251,1.0
43,TISZA,001Z,Boda Nikoletta,002E,Halmai Ferenc,235,235,1.0
43,TISZA,001Z,Boda Nikoletta,002F,Dr. Bögi Viktória,242,239,0.987603305785124
43,TISZA,001Z,Boda Nikoletta,002G,Tompa Enikő,250,249,0.996
43,TISZA,001Z,Boda Nikoletta,002H,Dr. Gurzó Mária,251,251,1.0
43,TISZA,001Z,Boda Nikoletta,002I,Dr. Lőrincz Viktória,240,238,0.9916666666666667
43,TISZA,001Z,Boda Nikoletta,002J,Dr. Barna-Szabó Tímea,244,244,1.0
43,TISZA,001Z,Boda Nikoletta,002K,Dr. Sárosi József,252,252,1.0
43,TISZA,001Z,Boda Nikoletta,002L,Csatári Ernő,247,246,0.9959514170040485
43,TISZA,001Z,Boda Nikoletta,002M,Bakos Csaba Attila,250,250,1.0
43,TISZA,001Z,Boda Nikoletta,002N,Strompová Viktória,250,250,1.0
43,TISZA,001Z,Boda Nikoletta,002O,Borics Mihály,245,245,1.0
43,TISZA,001Z,Boda Nikoletta,002P,Csőszi Attila,250,248,0.992
43,TISZA,001Z,Boda Nikoletta,002Q,Veres Ádám,235,235,1.0
43,TISZA,001Z,Boda Nikoletta,002R,Szabó Tibor,249,249,1.0
43,TISZA,001Z,Boda Nikoletta,002S,Hende Máté,246,246,1.0
43,TISZA,001Z,Boda Nikoletta,002T,Balajti István,250,250,1.0
43,TISZA,001Z,Boda Nikoletta,002U,Muhari Gergely,243,243,1.0
43,TISZA,001Z,Boda Nikoletta,002V,Weigand István,244,244,1.0
43,TISZA,001Z,Boda Nikoletta,002W,Dr. Virágh Gabriella Mária,252,252,1.0
43,TISZA,001Z,Boda Nikoletta,002X,Trentin Balázs,215,214,0.9953488372093023
43,TISZA,001Z,Boda Nikoletta,002Y,Szimon Renáta,231,231,1.0
43,TISZA,001Z,Boda Nikoletta,002Z,Dr. Bilisics Zita,246,246,1.0
43,TISZA,001Z,Boda Nikoletta,0030,Dr. Porpáczy Krisztina,247,247,1.0
43,TISZA,001Z,Boda Nikoletta,0031,Bicskei László,251,251,1.0
43,TISZA,001Z,Boda Nikoletta,0032,Dr. Árvay Nikolett,240,239,0.9958333333333333
43,TISZA,001Z,Boda Nikoletta,0033,Varga Balázs,246,246,1.0
43,TISZA,001Z,Boda Nikoletta,0034,Csontos Bence,249,247,0.9919678714859438
43,TISZA,001Z,Boda Nikoletta,0035,Dr. Simon Zsuzsánna,243,243,1.0
43,TISZA,001Z,Boda Nikoletta,0036,Ráki Zsolt,252,252,1.0
43,TISZA,001Z,Boda Nikoletta,0037,Dr. Bóka Zsolt,246,245,0.9959349593495935
43,TISZA,001Z,Boda Nikoletta,0038,Kovács Petra Judit,246,245,0.9959349593495935
43,TISZA,001Z,Boda Nikoletta,0039,Dr. Bugya László,252,252,1.0
43,TISZA,001Z,Boda Nikoletta,003A,Lovkó Csaba,249,249,1.0
43,TISZA,001Z,Boda Nikoletta,003B,Tóth Norbert,240,240,1.0
43,TISZA,001Z,Boda Nikoletta,003C,Dr. Balatincz Péter,180,180,1.0
43,TISZA,001Z,Boda Nikoletta,003D,Járosi Péter,252,252,1.0
43,TISZA,001Z,Boda Nikoletta,003E,Gombár Dávid,248,248,1.0
43,TISZA,001Z,Boda Nikoletta,003F,Szakács Péter Lajos,252,252,1.0
43,TISZA,001Z,Boda Nikoletta,003G,Dr. Dicső Viktória,245,245,1.0
43,TISZA,001Z,Boda Nikoletta,003H,Czakó Czirbus Pál,247,247,1.0
43,TISZA,001Z,Boda Nikoletta,003I,Dr. Németh Csilla,244,243,0.9959016393442623
43,TISZA,001Z,Boda Nikoletta,003J,Dr. Kovács Gyula,252,252,1.0
43,TISZA,001Z,Boda Nikoletta,003K,Horváth Nándor Zsolt,251,251,1.0
43,TISZA,001Z,Boda Nikoletta,003L,Kapronczai Balázs,247,247,1.0
43,TISZA,001Z,Boda Nikoletta,003M,Dr. Juhász Áron,249,249,1.0
43,TISZA,001Z,Boda Nikoletta,003N,Kiss János,233,233,1.0
43,TISZA,001Z,Boda Nikoletta,003O,Gyömbér Dávid,250,250,1.0
43,TISZA,001Z,Boda Nikoletta,003P,Havasi Balázs,239,239,1.0
43,TISZA,001Z,Boda Nikoletta,003Q,Dr. Kovács Áron,250,250,1.0
43,TISZA,001Z,Boda Nikoletta,003R,Csiszár Béla,251,251,1.0
43,TISZA,001Z,Boda Nikoletta,003S,Dr. Szijjártó Gábor,249,249,1.0
43,TISZA,001Z,Boda Nikoletta,003T,Rápli Róbert,243,242,0.9958847736625515
43,TISZA,001Z,Boda Nikoletta,003U,Ujvári Szilvia,252,251,0.996031746031746
43,TISZA,001Z,Boda Nikoletta,003V,Dr. Farkas Csongor,252,252,1.0
43,TISZA,001Z,Boda Nikoletta,003W,Csák László,248,248,1.0
43,TISZA,001Z,Boda Nikoletta,003X,Néher András,249,249,1.0
43,TISZA,001Z,Boda Nikoletta,003Y,Bárkányi Bence,252,252,1.0
43,TISZA,001Z,Boda Nikoletta,003Z,Ferenczi Gábor,250,250,1.0
43,TISZA,001Z,Boda Nikoletta,0040,Dr. Nagy Márta,250,250,1.0
43,TISZA,001Z,Boda Nikoletta,0041,Dr. Gáspár Levente,250,250,1.0
43,TISZA,001Z,Boda Nikoletta,0042,Dr. Hallerné Dr. Nagy Anikó,236,235,0.9957627118644068
43,TISZA,001Z,Boda Nikoletta,0043,Dr. Bihari Zoltán,247,242,0.979757085020243
43,TISZA,001Z,Boda Nikoletta,0044,Lontay László,243,243,1.0
43,TISZA,001Z,Boda Nikoletta,0045,Cseh Tamás,247,245,0.9919028340080972
43,TISZA,001Z,Boda Nikoletta,0046,Benke József,251,251,1.0
43,TISZA,001Z,Boda Nikoletta,0047,Hatala-Orosz Csaba,250,249,0.996
43,TISZA,001Z,Boda Nikoletta,0048,Rózsahegyi Áron,234,234,1.0
43,TISZA,001Z,Boda Nikoletta,0049,Dr. Czipa András,193,193,1.0
43,TISZA,001Z,Boda Nikoletta,004A,Juhász Roland Csongor,252,252,1.0
43,TISZA,001Z,Boda Nikoletta,004B,Karsai-Juhász Katalin,242,242,1.0
43,TISZA,001Z,Boda Nikoletta,004C,Judák Zsolt,251,249,0.9920318725099602
43,TISZA,001Z,Boda Nikoletta,004D,Polgár György,252,252,1.0
43,TISZA,001Z,Boda Nikoletta,004E,Tárkányi Zsolt,242,241,0.9958677685950413
43,TISZA,001Z,Boda Nikoletta,004F,Dr. Stumpf Péter,252,251,0.996031746031746
43,TISZA,001Z,Boda Nikoletta,004G,Gajda Attila,250,248,0.992
43,TISZA,001Z,Boda Nikoletta,004H,Molnár János,251,251,1.0
43,TISZA,001Z,Boda Nikoletta,k122,Kármán András,226,225,0.995575221238938
43,TISZA,001Z,Boda Nikoletta,m076,Magyar Péter,187,187,1.0
43,TISZA,001Z,Boda Nikoletta,t067,Tarr Zoltán,227,224,0.986784140969163
43,TISZA,0020,Dr. Koncz Áron,0021,László Endre Márton,256,255,0.99609375
43,TISZA,0020,Dr. Koncz Áron,0022,Perticsné Kácsor Andrea,255,254,0.996078431372549
43,TISZA,0020,Dr. Koncz Áron,0023,Tóthmajor Balázs,256,256,1.0
43,TISZA,0020,Dr. Koncz Áron,0024,Dr. Ruzsa Diána,254,251,0.9881889763779528
43,TISZA,0020,Dr. Koncz Áron,0025,Dr. Sopov Ildikó Éva,234,234,1.0
43,TISZA,0020,Dr. Koncz Áron,0026,Dr. Bódis Péter,250,246,0.984
43,TISZA,0020,Dr. Koncz Áron,0027,Diószegi Judit,254,254,1.0
43,TISZA,0020,Dr. Koncz Áron,0028,Bodóczi István,256,256,1.0
43,TISZA,0020,Dr. Koncz Áron,0029,Müller Anna,256,255,0.99609375
43,TISZA,0020,Dr. Koncz Áron,002A,Trompler Ildikó,251,248,0.9880478087649402
43,TISZA,0020,Dr. Koncz Áron,002B,Dr. Miskolczi Orsolya,255,255,1.0
43,TISZA,0020,Dr. Koncz Áron,002C,Jelencsik József,235,235,1.0
43,TISZA,0020,Dr. Koncz Áron,002D,Dr. Szabó Alexandra,255,255,1.0
43,TISZA,0020,Dr. Koncz Áron,002E,Halmai Ferenc,238,238,1.0
43,TISZA,0020,Dr. Koncz Áron,002F,Dr. Bögi Viktória,246,243,0.9878048780487805
43,TISZA,0020,Dr. Koncz Áron,002G,Tompa Enikő,254,253,0.9960629921259843
43,TISZA,0020,Dr. Koncz Áron,002H,Dr. Gurzó Mária,255,255,1.0
43,TISZA,0020,Dr. Koncz Áron,002I,Dr. Lőrincz Viktória,244,242,0.9918032786885246
43,TISZA,0020,Dr. Koncz Áron,002J,Dr. Barna-Szabó Tímea,247,247,1.0
43,TISZA,0020,Dr. Koncz Áron,002K,Dr. Sárosi József,256,256,1.0
43,TISZA,0020,Dr. Koncz Áron,002L,Csatári Ernő,251,250,0.9960159362549801
43,TISZA,0020,Dr. Koncz Áron,002M,Bakos Csaba Attila,254,254,1.0
43,TISZA,0020,Dr. Koncz Áron,002N,Strompová Viktória,254,254,1.0
43,TISZA,0020,Dr. Koncz Áron,002O,Borics Mihály,249,249,1.0
43,TISZA,0020,Dr. Koncz Áron,002P,Csőszi Attila,254,252,0.9921259842519685
43,TISZA,0020,Dr. Koncz Áron,002Q,Veres Ádám,238,238,1.0
43,TISZA,0020,Dr. Koncz Áron,002R,Szabó Tibor,253,253,1.0
43,TISZA,0020,Dr. Koncz Áron,002S,Hende Máté,250,250,1.0
43,TISZA,0020,Dr. Koncz Áron,002T,Balajti István,254,254,1.0
43,TISZA,0020,Dr. Koncz Áron,002U,Muhari Gergely,247,247,1.0
43,TISZA,0020,Dr. Koncz Áron,002V,Weigand István,248,248,1.0
43,TISZA,0020,Dr. Koncz Áron,002W,Dr. Virágh Gabriella Mária,256,256,1.0
43,TISZA,0020,Dr. Koncz Áron,002X,Trentin Balázs,219,218,0.9954337899543378
43,TISZA,0020,Dr. Koncz Áron,002Y,Szimon Renáta,235,235,1.0
43,TISZA,0020,Dr. Koncz Áron,002Z,Dr. Bilisics Zita,250,250,1.0
43,TISZA,0020,Dr. Koncz Áron,0030,Dr. Porpáczy Krisztina,251,251,1.0
43,TISZA,0020,Dr. Koncz Áron,0031,Bicskei László,255,255,1.0
43,TISZA,0020,Dr. Koncz Áron,0032,Dr. Árvay Nikolett,244,243,0.9959016393442623
43,TISZA,0020,Dr. Koncz Áron,0033,Varga Balázs,250,250,1.0
43,TISZA,0020,Dr. Koncz Áron,0034,Csontos Bence,253,251,0.9920948616600791
43,TISZA,0020,Dr. Koncz Áron,0035,Dr. Simon Zsuzsánna,246,246,1.0
43,TISZA,0020,Dr. Koncz Áron,0036,Ráki Zsolt,256,256,1.0
43,TISZA,0020,Dr. Koncz Áron,0037,Dr. Bóka Zsolt,250,249,0.996
43,TISZA,0020,Dr. Koncz Áron,0038,Kovács Petra Judit,250,249,0.996
43,TISZA,0020,Dr. Koncz Áron,0039,Dr. Bugya László,256,256,1.0
43,TISZA,0020,Dr. Koncz Áron,003A,Lovkó Csaba,253,253,1.0
43,TISZA,0020,Dr. Koncz Áron,003B,Tóth Norbert,244,244,1.0
43,TISZA,0020,Dr. Koncz Áron,003C,Dr. Balatincz Péter,181,181,1.0
43,TISZA,0020,Dr. Koncz Áron,003D,Járosi Péter,256,256,1.0
43,TISZA,0020,Dr. Koncz Áron,003E,Gombár Dávid,252,252,1.0
43,TISZA,0020,Dr. Koncz Áron,003F,Szakács Péter Lajos,256,256,1.0
43,TISZA,0020,Dr. Koncz Áron,003G,Dr. Dicső Viktória,249,249,1.0
43,TISZA,0020,Dr. Koncz Áron,003H,Czakó Czirbus Pál,251,251,1.0
43,TISZA,0020,Dr. Koncz Áron,003I,Dr. Németh Csilla,248,247,0.9959677419354839
43,TISZA,0020,Dr. Koncz Áron,003J,Dr. Kovács Gyula,255,255,1.0
43,TISZA,0020,Dr. Koncz Áron,003K,Horváth Nándor Zsolt,255,255,1.0
43,TISZA,0020,Dr. Koncz Áron,003L,Kapronczai Balázs,251,251,1.0
43,TISZA,0020,Dr. Koncz Áron,003M,Dr. Juhász Áron,252,252,1.0
43,TISZA,0020,Dr. Koncz Áron,003N,Kiss János,237,237,1.0
43,TISZA,0020,Dr. Koncz Áron,003O,Gyömbér Dávid,253,253,1.0
43,TISZA,0020,Dr. Koncz Áron,003P,Havasi Balázs,243,243,1.0
43,TISZA,0020,Dr. Koncz Áron,003Q,Dr. Kovács Áron,254,254,1.0
43,TISZA,0020,Dr. Koncz Áron,003R,Csiszár Béla,255,255,1.0
43,TISZA,0020,Dr. Koncz Áron,003S,Dr. Szijjártó Gábor,253,253,1.0
43,TISZA,0020,Dr. Koncz Áron,003T,Rápli Róbert,247,246,0.9959514170040485
43,TISZA,0020,Dr. Koncz Áron,003U,Ujvári Szilvia,256,255,0.99609375
43,TISZA,0020,Dr. Koncz Áron,003V,Dr. Farkas Csongor,256,256,1.0
43,TISZA,0020,Dr. Koncz Áron,003W,Csák László,252,252,1.0
43,TISZA,0020,Dr. Koncz Áron,003X,Néher András,253,253,1.0
43,TISZA,0020,Dr. Koncz Áron,003Y,Bárkányi Bence,256,256,1.0
43,TISZA,0020,Dr. Koncz Áron,003Z,Ferenczi Gábor,254,254,1.0
43,TISZA,0020,Dr. Koncz Áron,0040,Dr. Nagy Márta,254,254,1.0
43,TISZA,0020,Dr. Koncz Áron,0041,Dr. Gáspár Levente,254,254,1.0
43,TISZA,0020,Dr. Koncz Áron,0042,Dr. Hallerné Dr. Nagy Anikó,240,239,0.9958333333333333
43,TISZA,0020,Dr. Koncz Áron,0043,Dr. Bihari Zoltán,251,246,0.9800796812749004
43,TISZA,0020,Dr. Koncz Áron,0044,Lontay László,247,247,1.0
43,TISZA,0020,Dr. Koncz Áron,0045,Cseh Tamás,251,249,0.9920318725099602
43,TISZA,0020,Dr. Koncz Áron,0046,Benke József,255,255,1.0
43,TISZA,0020,Dr. Koncz Áron,0047,Hatala-Orosz Csaba,254,253,0.9960629921259843
43,TISZA,0020,Dr. Koncz Áron,0048,Rózsahegyi Áron,238,238,1.0
43,TISZA,0020,Dr. Koncz Áron,0049,Dr. Czipa András,195,195,1.0
43,TISZA,0020,Dr. Koncz Áron,004A,Juhász Roland Csongor,256,256,1.0
43,TISZA,0020,Dr. Koncz Áron,004B,Karsai-Juhász Katalin,246,246,1.0
43,TISZA,0020,Dr. Koncz Áron,004C,Judák Zsolt,255,253,0.9921568627450981
43,TISZA,0020,Dr. Koncz Áron,004D,Polgár György,256,256,1.0
43,TISZA,0020,Dr. Koncz Áron,004E,Tárkányi Zsolt,244,243,0.9959016393442623
43,TISZA,0020,Dr. Koncz Áron,004F,Dr. Stumpf Péter,256,255,0.99609375
43,TISZA,0020,Dr. Koncz Áron,004G,Gajda Attila,254,252,0.9921259842519685
43,TISZA,0020,Dr. Koncz Áron,004H,Molnár János,255,255,1.0
43,TISZA,0020,Dr. Koncz Áron,k122,Kármán András,227,226,0.9955947136563876
43,TISZA,0020,Dr. Koncz Áron,m076,Magyar Péter,189,189,1.0
43,TISZA,0020,Dr. Koncz Áron,t067,Tarr Zoltán,229,226,0.9868995633187773
43,TISZA,0021,László Endre Márton,0022,Perticsné Kácsor Andrea,255,253,0.9921568627450981
43,TISZA,0021,László Endre Márton,0023,Tóthmajor Balázs,256,255,0.99609375
43,TISZA,0021,László Endre Márton,0024,Dr. Ruzsa Diána,254,250,0.984251968503937
43,TISZA,0021,László Endre Márton,0025,Dr. Sopov Ildikó Éva,234,234,1.0
43,TISZA,0021,László Endre Márton,0026,Dr. Bódis Péter,250,245,0.98
43,TISZA,0021,László Endre Márton,0027,Diószegi Judit,254,253,0.9960629921259843
43,TISZA,0021,László Endre Márton,0028,Bodóczi István,256,255,0.99609375
43,TISZA,0021,László Endre Márton,0029,Müller Anna,256,254,0.9921875
43,TISZA,0021,László Endre Márton,002A,Trompler Ildikó,251,247,0.9840637450199203
43,TISZA,0021,László Endre Márton,002B,Dr. Miskolczi Orsolya,255,254,0.996078431372549
43,TISZA,0021,László Endre Márton,002C,Jelencsik József,235,234,0.9957446808510638
43,TISZA,0021,László Endre Márton,002D,Dr. Szabó Alexandra,255,254,0.996078431372549
43,TISZA,0021,László Endre Márton,002E,Halmai Ferenc,238,237,0.9957983193277311
43,TISZA,0021,László Endre Márton,002F,Dr. Bögi Viktória,246,242,0.983739837398374
43,TISZA,0021,László Endre Márton,002G,Tompa Enikő,254,252,0.9921259842519685
43,TISZA,0021,László Endre Márton,002H,Dr. Gurzó Mária,255,254,0.996078431372549
43,TISZA,0021,László Endre Márton,002I,Dr. Lőrincz Viktória,244,241,0.9877049180327869
43,TISZA,0021,László Endre Márton,002J,Dr. Barna-Szabó Tímea,247,246,0.9959514170040485
43,TISZA,0021,László Endre Márton,002K,Dr. Sárosi József,256,255,0.99609375
43,TISZA,0021,László Endre Márton,002L,Csatári Ernő,251,249,0.9920318725099602
43,TISZA,0021,László Endre Márton,002M,Bakos Csaba Attila,254,253,0.9960629921259843
43,TISZA,0021,László Endre Márton,002N,Strompová Viktória,254,253,0.9960629921259843
43,TISZA,0021,László Endre Márton,002O,Borics Mihály,249,248,0.9959839357429718
43,TISZA,0021,László Endre Márton,002P,Csőszi Attila,254,251,0.9881889763779528
43,TISZA,0021,László Endre Márton,002Q,Veres Ádám,238,237,0.9957983193277311
43,TISZA,0021,László Endre Márton,002R,Szabó Tibor,253,252,0.9960474308300395
43,TISZA,0021,László Endre Márton,002S,Hende Máté,250,249,0.996
43,TISZA,0021,László Endre Márton,002T,Balajti István,254,253,0.9960629921259843
43,TISZA,0021,László Endre Márton,002U,Muhari Gergely,247,246,0.9959514170040485
43,TISZA,0021,László Endre Márton,002V,Weigand István,248,247,0.9959677419354839
43,TISZA,0021,László Endre Márton,002W,Dr. Virágh Gabriella Mária,256,255,0.99609375
43,TISZA,0021,László Endre Márton,002X,Trentin Balázs,219,217,0.9908675799086758
43,TISZA,0021,László Endre Márton,002Y,Szimon Renáta,235,234,0.9957446808510638
43,TISZA,0021,László Endre Márton,002Z,Dr. Bilisics Zita,250,249,0.996
43,TISZA,0021,László Endre Márton,0030,Dr. Porpáczy Krisztina,251,250,0.9960159362549801
43,TISZA,0021,László Endre Márton,0031,Bicskei László,255,254,0.996078431372549
43,TISZA,0021,László Endre Márton,0032,Dr. Árvay Nikolett,244,242,0.9918032786885246
43,TISZA,0021,László Endre Márton,0033,Varga Balázs,250,249,0.996
43,TISZA,0021,László Endre Márton,0034,Csontos Bence,253,250,0.9881422924901185
43,TISZA,0021,László Endre Márton,0035,Dr. Simon Zsuzsánna,246,245,0.9959349593495935
43,TISZA,0021,László Endre Márton,0036,Ráki Zsolt,256,255,0.99609375
43,TISZA,0021,László Endre Márton,0037,Dr. Bóka Zsolt,250,248,0.992
43,TISZA,0021,László Endre Márton,0038,Kovács Petra Judit,250,248,0.992
43,TISZA,0021,László Endre Márton,0039,Dr. Bugya László,256,255,0.99609375
43,TISZA,0021,László Endre Márton,003A,Lovkó Csaba,253,252,0.9960474308300395
43,TISZA,0021,László Endre Márton,003B,Tóth Norbert,244,243,0.9959016393442623
43,TISZA,0021,László Endre Márton,003C,Dr. Balatincz Péter,181,181,1.0
43,TISZA,0021,László Endre Márton,003D,Járosi Péter,256,255,0.99609375
43,TISZA,0021,László Endre Márton,003E,Gombár Dávid,252,251,0.996031746031746
43,TISZA,0021,László Endre Márton,003F,Szakács Péter Lajos,256,255,0.99609375
43,TISZA,0021,László Endre Márton,003G,Dr. Dicső Viktória,249,248,0.9959839357429718
43,TISZA,0021,László Endre Márton,003H,Czakó Czirbus Pál,251,250,0.9960159362549801
43,TISZA,0021,László Endre Márton,003I,Dr. Németh Csilla,248,246,0.9919354838709677
43,TISZA,0021,László Endre Márton,003J,Dr. Kovács Gyula,255,254,0.996078431372549
43,TISZA,0021,László Endre Márton,003K,Horváth Nándor Zsolt,255,254,0.996078431372549
43,TISZA,0021,László Endre Márton,003L,Kapronczai Balázs,251,250,0.9960159362549801
43,TISZA,0021,László Endre Márton,003M,Dr. Juhász Áron,252,251,0.996031746031746
43,TISZA,0021,László Endre Márton,003N,Kiss János,237,236,0.9957805907172996
43,TISZA,0021,László Endre Márton,003O,Gyömbér Dávid,253,252,0.9960474308300395
43,TISZA,0021,László Endre Márton,003P,Havasi Balázs,243,242,0.9958847736625515
43,TISZA,0021,László Endre Márton,003Q,Dr. Kovács Áron,254,253,0.9960629921259843
43,TISZA,0021,László Endre Márton,003R,Csiszár Béla,255,254,0.996078431372549
43,TISZA,0021,László Endre Márton,003S,Dr. Szijjártó Gábor,253,252,0.9960474308300395
43,TISZA,0021,László Endre Márton,003T,Rápli Róbert,247,245,0.9919028340080972
43,TISZA,0021,László Endre Márton,003U,Ujvári Szilvia,256,254,0.9921875
43,TISZA,0021,László Endre Márton,003V,Dr. Farkas Csongor,256,255,0.99609375
43,TISZA,0021,László Endre Márton,003W,Csák László,252,251,0.996031746031746
43,TISZA,0021,László Endre Márton,003X,Néher András,253,252,0.9960474308300395
43,TISZA,0021,László Endre Márton,003Y,Bárkányi Bence,256,255,0.99609375
43,TISZA,0021,László Endre Márton,003Z,Ferenczi Gábor,254,253,0.9960629921259843
43,TISZA,0021,László Endre Márton,0040,Dr. Nagy Márta,254,253,0.9960629921259843
43,TISZA,0021,László Endre Márton,0041,Dr. Gáspár Levente,254,253,0.9960629921259843
43,TISZA,0021,László Endre Márton,0042,Dr. Hallerné Dr. Nagy Anikó,240,238,0.9916666666666667
43,TISZA,0021,László Endre Márton,0043,Dr. Bihari Zoltán,251,245,0.9760956175298805
43,TISZA,0021,László Endre Márton,0044,Lontay László,247,246,0.9959514170040485
43,TISZA,0021,László Endre Márton,0045,Cseh Tamás,251,248,0.9880478087649402
43,TISZA,0021,László Endre Márton,0046,Benke József,255,254,0.996078431372549
43,TISZA,0021,László Endre Márton,0047,Hatala-Orosz Csaba,254,252,0.9921259842519685
43,TISZA,0021,László Endre Márton,0048,Rózsahegyi Áron,238,237,0.9957983193277311
43,TISZA,0021,László Endre Márton,0049,Dr. Czipa András,195,194,0.9948717948717949
43,TISZA,0021,László Endre Márton,004A,Juhász Roland Csongor,256,255,0.99609375
43,TISZA,0021,László Endre Márton,004B,Karsai-Juhász Katalin,246,245,0.9959349593495935
43,TISZA,0021,László Endre Márton,004C,Judák Zsolt,255,252,0.9882352941176471
43,TISZA,0021,László Endre Márton,004D,Polgár György,256,255,0.99609375
43,TISZA,0021,László Endre Márton,004E,Tárkányi Zsolt,244,242,0.9918032786885246
43,TISZA,0021,László Endre Márton,004F,Dr. Stumpf Péter,256,254,0.9921875
43,TISZA,0021,László Endre Márton,004G,Gajda Attila,254,251,0.9881889763779528
43,TISZA,0021,László Endre Márton,004H,Molnár János,255,254,0.996078431372549
43,TISZA,0021,László Endre Márton,k122,Kármán András,227,225,0.9911894273127754
43,TISZA,0021,László Endre Márton,m076,Magyar Péter,189,189,1.0
43,TISZA,0021,László Endre Márton,t067,Tarr Zoltán,229,225,0.982532751091703
43,TISZA,0022,Perticsné Kácsor Andrea,0023,Tóthmajor Balázs,255,254,0.996078431372549
43,TISZA,0022,Perticsné Kácsor Andrea,0024,Dr. Ruzsa Diána,253,251,0.9920948616600791
43,TISZA,0022,Perticsné Kácsor Andrea,0025,Dr. Sopov Ildikó Éva,233,232,0.9957081545064378
43,TISZA,0022,Perticsné Kácsor Andrea,0026,Dr. Bódis Péter,249,246,0.9879518072289156
43,TISZA,0022,Perticsné Kácsor Andrea,0027,Diószegi Judit,254,253,0.9960629921259843
43,TISZA,0022,Perticsné Kácsor Andrea,0028,Bodóczi István,255,254,0.996078431372549
43,TISZA,0022,Perticsné Kácsor Andrea,0029,Müller Anna,255,255,1.0
43,TISZA,0022,Perticsné Kácsor Andrea,002A,Trompler Ildikó,250,248,0.992
43,TISZA,0022,Perticsné Kácsor Andrea,002B,Dr. Miskolczi Orsolya,254,253,0.9960629921259843
43,TISZA,0022,Perticsné Kácsor Andrea,002C,Jelencsik József,234,233,0.9957264957264957
43,TISZA,0022,Perticsné Kácsor Andrea,002D,Dr. Szabó Alexandra,254,253,0.9960629921259843
43,TISZA,0022,Perticsné Kácsor Andrea,002E,Halmai Ferenc,237,236,0.9957805907172996
43,TISZA,0022,Perticsné Kácsor Andrea,002F,Dr. Bögi Viktória,246,244,0.991869918699187
43,TISZA,0022,Perticsné Kácsor Andrea,002G,Tompa Enikő,254,254,1.0
43,TISZA,0022,Perticsné Kácsor Andrea,002H,Dr. Gurzó Mária,254,253,0.9960629921259843
43,TISZA,0022,Perticsné Kácsor Andrea,002I,Dr. Lőrincz Viktória,243,241,0.9917695473251029
43,TISZA,0022,Perticsné Kácsor Andrea,002J,Dr. Barna-Szabó Tímea,246,245,0.9959349593495935
43,TISZA,0022,Perticsné Kácsor Andrea,002K,Dr. Sárosi József,255,254,0.996078431372549
43,TISZA,0022,Perticsné Kácsor Andrea,002L,Csatári Ernő,250,248,0.992
43,TISZA,0022,Perticsné Kácsor Andrea,002M,Bakos Csaba Attila,253,252,0.9960474308300395
43,TISZA,0022,Perticsné Kácsor Andrea,002N,Strompová Viktória,253,253,1.0
43,TISZA,0022,Perticsné Kácsor Andrea,002O,Borics Mihály,248,247,0.9959677419354839
43,TISZA,0022,Perticsné Kácsor Andrea,002P,Csőszi Attila,253,252,0.9960474308300395
43,TISZA,0022,Perticsné Kácsor Andrea,002Q,Veres Ádám,237,236,0.9957805907172996
43,TISZA,0022,Perticsné Kácsor Andrea,002R,Szabó Tibor,252,251,0.996031746031746
43,TISZA,0022,Perticsné Kácsor Andrea,002S,Hende Máté,249,248,0.9959839357429718
43,TISZA,0022,Perticsné Kácsor Andrea,002T,Balajti István,253,252,0.9960474308300395
43,TISZA,0022,Perticsné Kácsor Andrea,002U,Muhari Gergely,246,245,0.9959349593495935
43,TISZA,0022,Perticsné Kácsor Andrea,002V,Weigand István,247,246,0.9959514170040485
43,TISZA,0022,Perticsné Kácsor Andrea,002W,Dr. Virágh Gabriella Mária,255,254,0.996078431372549
43,TISZA,0022,Perticsné Kácsor Andrea,002X,Trentin Balázs,218,216,0.9908256880733946
43,TISZA,0022,Perticsné Kácsor Andrea,002Y,Szimon Renáta,234,233,0.9957264957264957
43,TISZA,0022,Perticsné Kácsor Andrea,002Z,Dr. Bilisics Zita,249,248,0.9959839357429718
43,TISZA,0022,Perticsné Kácsor Andrea,0030,Dr. Porpáczy Krisztina,250,250,1.0
43,TISZA,0022,Perticsné Kácsor Andrea,0031,Bicskei László,254,253,0.9960629921259843
43,TISZA,0022,Perticsné Kácsor Andrea,0032,Dr. Árvay Nikolett,243,242,0.9958847736625515
43,TISZA,0022,Perticsné Kácsor Andrea,0033,Varga Balázs,249,248,0.9959839357429718
43,TISZA,0022,Perticsné Kácsor Andrea,0034,Csontos Bence,252,250,0.9920634920634921
43,TISZA,0022,Perticsné Kácsor Andrea,0035,Dr. Simon Zsuzsánna,245,244,0.9959183673469387
43,TISZA,0022,Perticsné Kácsor Andrea,0036,Ráki Zsolt,255,254,0.996078431372549
43,TISZA,0022,Perticsné Kácsor Andrea,0037,Dr. Bóka Zsolt,249,247,0.9919678714859438
43,TISZA,0022,Perticsné Kácsor Andrea,0038,Kovács Petra Judit,250,249,0.996
43,TISZA,0022,Perticsné Kácsor Andrea,0039,Dr. Bugya László,255,254,0.996078431372549
43,TISZA,0022,Perticsné Kácsor Andrea,003A,Lovkó Csaba,252,251,0.996031746031746
43,TISZA,0022,Perticsné Kácsor Andrea,003B,Tóth Norbert,244,244,1.0
43,TISZA,0022,Perticsné Kácsor Andrea,003C,Dr. Balatincz Péter,180,179,0.9944444444444445
43,TISZA,0022,Perticsné Kácsor Andrea,003D,Járosi Péter,255,254,0.996078431372549
43,TISZA,0022,Perticsné Kácsor Andrea,003E,Gombár Dávid,251,250,0.9960159362549801
43,TISZA,0022,Perticsné Kácsor Andrea,003F,Szakács Péter Lajos,255,254,0.996078431372549
43,TISZA,0022,Perticsné Kácsor Andrea,003G,Dr. Dicső Viktória,249,248,0.9959839357429718
43,TISZA,0022,Perticsné Kácsor Andrea,003H,Czakó Czirbus Pál,250,250,1.0
43,TISZA,0022,Perticsné Kácsor Andrea,003I,Dr. Németh Csilla,247,245,0.9919028340080972
43,TISZA,0022,Perticsné Kácsor Andrea,003J,Dr. Kovács Gyula,254,253,0.9960629921259843
43,TISZA,0022,Perticsné Kácsor Andrea,003K,Horváth Nándor Zsolt,255,254,0.996078431372549
43,TISZA,0022,Perticsné Kácsor Andrea,003L,Kapronczai Balázs,250,249,0.996
43,TISZA,0022,Perticsné Kácsor Andrea,003M,Dr. Juhász Áron,251,250,0.9960159362549801
43,TISZA,0022,Perticsné Kácsor Andrea,003N,Kiss János,236,235,0.9957627118644068
43,TISZA,0022,Perticsné Kácsor Andrea,003O,Gyömbér Dávid,252,251,0.996031746031746
43,TISZA,0022,Perticsné Kácsor Andrea,003P,Havasi Balázs,242,241,0.9958677685950413
43,TISZA,0022,Perticsné Kácsor Andrea,003Q,Dr. Kovács Áron,253,252,0.9960474308300395
43,TISZA,0022,Perticsné Kácsor Andrea,003R,Csiszár Béla,254,253,0.9960629921259843
43,TISZA,0022,Perticsné Kácsor Andrea,003S,Dr. Szijjártó Gábor,252,251,0.996031746031746
43,TISZA,0022,Perticsné Kácsor Andrea,003T,Rápli Róbert,246,244,0.991869918699187
43,TISZA,0022,Perticsné Kácsor Andrea,003U,Ujvári Szilvia,255,253,0.9921568627450981
43,TISZA,0022,Perticsné Kácsor Andrea,003V,Dr. Farkas Csongor,255,254,0.996078431372549
43,TISZA,0022,Perticsné Kácsor Andrea,003W,Csák László,251,250,0.9960159362549801
43,TISZA,0022,Perticsné Kácsor Andrea,003X,Néher András,252,251,0.996031746031746
43,TISZA,0022,Perticsné Kácsor Andrea,003Y,Bárkányi Bence,255,254,0.996078431372549
43,TISZA,0022,Perticsné Kácsor Andrea,003Z,Ferenczi Gábor,253,252,0.9960474308300395
43,TISZA,0022,Perticsné Kácsor Andrea,0040,Dr. Nagy Márta,253,252,0.9960474308300395
43,TISZA,0022,Perticsné Kácsor Andrea,0041,Dr. Gáspár Levente,253,252,0.9960474308300395
43,TISZA,0022,Perticsné Kácsor Andrea,0042,Dr. Hallerné Dr. Nagy Anikó,239,238,0.99581589958159
43,TISZA,0022,Perticsné Kácsor Andrea,0043,Dr. Bihari Zoltán,250,244,0.976
43,TISZA,0022,Perticsné Kácsor Andrea,0044,Lontay László,247,246,0.9959514170040485
43,TISZA,0022,Perticsné Kácsor Andrea,0045,Cseh Tamás,250,247,0.988
43,TISZA,0022,Perticsné Kácsor Andrea,0046,Benke József,254,253,0.9960629921259843
43,TISZA,0022,Perticsné Kácsor Andrea,0047,Hatala-Orosz Csaba,253,253,1.0
43,TISZA,0022,Perticsné Kácsor Andrea,0048,Rózsahegyi Áron,237,236,0.9957805907172996
43,TISZA,0022,Perticsné Kácsor Andrea,0049,Dr. Czipa András,195,194,0.9948717948717949
43,TISZA,0022,Perticsné Kácsor Andrea,004A,Juhász Roland Csongor,255,254,0.996078431372549
43,TISZA,0022,Perticsné Kácsor Andrea,004B,Karsai-Juhász Katalin,245,244,0.9959183673469387
43,TISZA,0022,Perticsné Kácsor Andrea,004C,Judák Zsolt,254,251,0.9881889763779528
43,TISZA,0022,Perticsné Kácsor Andrea,004D,Polgár György,255,254,0.996078431372549
43,TISZA,0022,Perticsné Kácsor Andrea,004E,Tárkányi Zsolt,243,241,0.9917695473251029
43,TISZA,0022,Perticsné Kácsor Andrea,004F,Dr. Stumpf Péter,255,253,0.9921568627450981
43,TISZA,0022,Perticsné Kácsor Andrea,004G,Gajda Attila,253,252,0.9960474308300395
43,TISZA,0022,Perticsné Kácsor Andrea,004H,Molnár János,254,253,0.9960629921259843
43,TISZA,0022,Perticsné Kácsor Andrea,k122,Kármán András,227,225,0.9911894273127754
43,TISZA,0022,Perticsné Kácsor Andrea,m076,Magyar Péter,189,189,1.0
43,TISZA,0022,Perticsné Kácsor Andrea,t067,Tarr Zoltán,228,225,0.9868421052631579
43,TISZA,0023,Tóthmajor Balázs,0024,Dr. Ruzsa Diána,254,251,0.9881889763779528
43,TISZA,0023,Tóthmajor Balázs,0025,Dr. Sopov Ildikó Éva,234,234,1.0
43,TISZA,0023,Tóthmajor Balázs,0026,Dr. Bódis Péter,250,246,0.984
43,TISZA,0023,Tóthmajor Balázs,0027,Diószegi Judit,254,254,1.0
43,TISZA,0023,Tóthmajor Balázs,0028,Bodóczi István,256,256,1.0
43,TISZA,0023,Tóthmajor Balázs,0029,Müller Anna,256,255,0.99609375
43,TISZA,0023,Tóthmajor Balázs,002A,Trompler Ildikó,251,248,0.9880478087649402
43,TISZA,0023,Tóthmajor Balázs,002B,Dr. Miskolczi Orsolya,255,255,1.0
43,TISZA,0023,Tóthmajor Balázs,002C,Jelencsik József,235,235,1.0
43,TISZA,0023,Tóthmajor Balázs,002D,Dr. Szabó Alexandra,255,255,1.0
43,TISZA,0023,Tóthmajor Balázs,002E,Halmai Ferenc,238,238,1.0
43,TISZA,0023,Tóthmajor Balázs,002F,Dr. Bögi Viktória,246,243,0.9878048780487805
43,TISZA,0023,Tóthmajor Balázs,002G,Tompa Enikő,254,253,0.9960629921259843
43,TISZA,0023,Tóthmajor Balázs,002H,Dr. Gurzó Mária,255,255,1.0
43,TISZA,0023,Tóthmajor Balázs,002I,Dr. Lőrincz Viktória,244,242,0.9918032786885246
43,TISZA,0023,Tóthmajor Balázs,002J,Dr. Barna-Szabó Tímea,247,247,1.0
43,TISZA,0023,Tóthmajor Balázs,002K,Dr. Sárosi József,256,256,1.0
43,TISZA,0023,Tóthmajor Balázs,002L,Csatári Ernő,251,250,0.9960159362549801
43,TISZA,0023,Tóthmajor Balázs,002M,Bakos Csaba Attila,254,254,1.0
43,TISZA,0023,Tóthmajor Balázs,002N,Strompová Viktória,254,254,1.0
43,TISZA,0023,Tóthmajor Balázs,002O,Borics Mihály,249,249,1.0
43,TISZA,0023,Tóthmajor Balázs,002P,Csőszi Attila,254,252,0.9921259842519685
43,TISZA,0023,Tóthmajor Balázs,002Q,Veres Ádám,238,238,1.0
43,TISZA,0023,Tóthmajor Balázs,002R,Szabó Tibor,253,253,1.0
43,TISZA,0023,Tóthmajor Balázs,002S,Hende Máté,250,250,1.0
43,TISZA,0023,Tóthmajor Balázs,002T,Balajti István,254,254,1.0
43,TISZA,0023,Tóthmajor Balázs,002U,Muhari Gergely,247,247,1.0
43,TISZA,0023,Tóthmajor Balázs,002V,Weigand István,248,248,1.0
43,TISZA,0023,Tóthmajor Balázs,002W,Dr. Virágh Gabriella Mária,256,256,1.0
43,TISZA,0023,Tóthmajor Balázs,002X,Trentin Balázs,219,218,0.9954337899543378
43,TISZA,0023,Tóthmajor Balázs,002Y,Szimon Renáta,235,235,1.0
43,TISZA,0023,Tóthmajor Balázs,002Z,Dr. Bilisics Zita,250,250,1.0
43,TISZA,0023,Tóthmajor Balázs,0030,Dr. Porpáczy Krisztina,251,251,1.0
43,TISZA,0023,Tóthmajor Balázs,0031,Bicskei László,255,255,1.0
43,TISZA,0023,Tóthmajor Balázs,0032,Dr. Árvay Nikolett,244,243,0.9959016393442623
43,TISZA,0023,Tóthmajor Balázs,0033,Varga Balázs,250,250,1.0
43,TISZA,0023,Tóthmajor Balázs,0034,Csontos Bence,253,251,0.9920948616600791
43,TISZA,0023,Tóthmajor Balázs,0035,Dr. Simon Zsuzsánna,246,246,1.0
43,TISZA,0023,Tóthmajor Balázs,0036,Ráki Zsolt,256,256,1.0
43,TISZA,0023,Tóthmajor Balázs,0037,Dr. Bóka Zsolt,250,249,0.996
43,TISZA,0023,Tóthmajor Balázs,0038,Kovács Petra Judit,250,249,0.996
43,TISZA,0023,Tóthmajor Balázs,0039,Dr. Bugya László,256,256,1.0
43,TISZA,0023,Tóthmajor Balázs,003A,Lovkó Csaba,253,253,1.0
43,TISZA,0023,Tóthmajor Balázs,003B,Tóth Norbert,244,244,1.0
43,TISZA,0023,Tóthmajor Balázs,003C,Dr. Balatincz Péter,181,181,1.0
43,TISZA,0023,Tóthmajor Balázs,003D,Járosi Péter,256,256,1.0
43,TISZA,0023,Tóthmajor Balázs,003E,Gombár Dávid,252,252,1.0
43,TISZA,0023,Tóthmajor Balázs,003F,Szakács Péter Lajos,256,256,1.0
43,TISZA,0023,Tóthmajor Balázs,003G,Dr. Dicső Viktória,249,249,1.0
43,TISZA,0023,Tóthmajor Balázs,003H,Czakó Czirbus Pál,251,251,1.0
43,TISZA,0023,Tóthmajor Balázs,003I,Dr. Németh Csilla,248,247,0.9959677419354839
43,TISZA,0023,Tóthmajor Balázs,003J,Dr. Kovács Gyula,255,255,1.0
43,TISZA,0023,Tóthmajor Balázs,003K,Horváth Nándor Zsolt,255,255,1.0
43,TISZA,0023,Tóthmajor Balázs,003L,Kapronczai Balázs,251,251,1.0
43,TISZA,0023,Tóthmajor Balázs,003M,Dr. Juhász Áron,252,252,1.0
43,TISZA,0023,Tóthmajor Balázs,003N,Kiss János,237,237,1.0
43,TISZA,0023,Tóthmajor Balázs,003O,Gyömbér Dávid,253,253,1.0
43,TISZA,0023,Tóthmajor Balázs,003P,Havasi Balázs,243,243,1.0
43,TISZA,0023,Tóthmajor Balázs,003Q,Dr. Kovács Áron,254,254,1.0
43,TISZA,0023,Tóthmajor Balázs,003R,Csiszár Béla,255,255,1.0
43,TISZA,0023,Tóthmajor Balázs,003S,Dr. Szijjártó Gábor,253,253,1.0
43,TISZA,0023,Tóthmajor Balázs,003T,Rápli Róbert,247,246,0.9959514170040485
43,TISZA,0023,Tóthmajor Balázs,003U,Ujvári Szilvia,256,255,0.99609375
43,TISZA,0023,Tóthmajor Balázs,003V,Dr. Farkas Csongor,256,256,1.0
43,TISZA,0023,Tóthmajor Balázs,003W,Csák László,252,252,1.0
43,TISZA,0023,Tóthmajor Balázs,003X,Néher András,253,253,1.0
43,TISZA,0023,Tóthmajor Balázs,003Y,Bárkányi Bence,256,256,1.0
43,TISZA,0023,Tóthmajor Balázs,003Z,Ferenczi Gábor,254,254,1.0
43,TISZA,0023,Tóthmajor Balázs,0040,Dr. Nagy Márta,254,254,1.0
43,TISZA,0023,Tóthmajor Balázs,0041,Dr. Gáspár Levente,254,254,1.0
43,TISZA,0023,Tóthmajor Balázs,0042,Dr. Hallerné Dr. Nagy Anikó,240,239,0.9958333333333333
43,TISZA,0023,Tóthmajor Balázs,0043,Dr. Bihari Zoltán,251,246,0.9800796812749004
43,TISZA,0023,Tóthmajor Balázs,0044,Lontay László,247,247,1.0
43,TISZA,0023,Tóthmajor Balázs,0045,Cseh Tamás,251,249,0.9920318725099602
43,TISZA,0023,Tóthmajor Balázs,0046,Benke József,255,255,1.0
43,TISZA,0023,Tóthmajor Balázs,0047,Hatala-Orosz Csaba,254,253,0.9960629921259843
43,TISZA,0023,Tóthmajor Balázs,0048,Rózsahegyi Áron,238,238,1.0
43,TISZA,0023,Tóthmajor Balázs,0049,Dr. Czipa András,195,195,1.0
43,TISZA,0023,Tóthmajor Balázs,004A,Juhász Roland Csongor,256,256,1.0
43,TISZA,0023,Tóthmajor Balázs,004B,Karsai-Juhász Katalin,246,246,1.0
43,TISZA,0023,Tóthmajor Balázs,004C,Judák Zsolt,255,253,0.9921568627450981
43,TISZA,0023,Tóthmajor Balázs,004D,Polgár György,256,256,1.0
43,TISZA,0023,Tóthmajor Balázs,004E,Tárkányi Zsolt,244,243,0.9959016393442623
43,TISZA,0023,Tóthmajor Balázs,004F,Dr. Stumpf Péter,256,255,0.99609375
43,TISZA,0023,Tóthmajor Balázs,004G,Gajda Attila,254,252,0.9921259842519685
43,TISZA,0023,Tóthmajor Balázs,004H,Molnár János,255,255,1.0
43,TISZA,0023,Tóthmajor Balázs,k122,Kármán András,227,226,0.9955947136563876
43,TISZA,0023,Tóthmajor Balázs,m076,Magyar Péter,189,189,1.0
43,TISZA,0023,Tóthmajor Balázs,t067,Tarr Zoltán,229,226,0.9868995633187773
43,TISZA,0024,Dr. Ruzsa Diána,0025,Dr. Sopov Ildikó Éva,232,229,0.9870689655172413
43,TISZA,0024,Dr. Ruzsa Diána,0026,Dr. Bódis Péter,248,245,0.9879032258064516
43,TISZA,0024,Dr. Ruzsa Diána,0027,Diószegi Judit,252,249,0.9880952380952381
43,TISZA,0024,Dr. Ruzsa Diána,0028,Bodóczi István,254,251,0.9881889763779528
43,TISZA,0024,Dr. Ruzsa Diána,0029,Müller Anna,254,252,0.9921259842519685
43,TISZA,0024,Dr. Ruzsa Diána,002A,Trompler Ildikó,249,247,0.9919678714859438
43,TISZA,0024,Dr. Ruzsa Diána,002B,Dr. Miskolczi Orsolya,253,250,0.9881422924901185
43,TISZA,0024,Dr. Ruzsa Diána,002C,Jelencsik József,233,230,0.9871244635193133
43,TISZA,0024,Dr. Ruzsa Diána,002D,Dr. Szabó Alexandra,253,250,0.9881422924901185
43,TISZA,0024,Dr. Ruzsa Diána,002E,Halmai Ferenc,236,233,0.9872881355932204
43,TISZA,0024,Dr. Ruzsa Diána,002F,Dr. Bögi Viktória,244,242,0.9918032786885246
43,TISZA,0024,Dr. Ruzsa Diána,002G,Tompa Enikő,252,250,0.9920634920634921
43,TISZA,0024,Dr. Ruzsa Diána,002H,Dr. Gurzó Mária,253,250,0.9881422924901185
43,TISZA,0024,Dr. Ruzsa Diána,002I,Dr. Lőrincz Viktória,243,243,1.0
43,TISZA,0024,Dr. Ruzsa Diána,002J,Dr. Barna-Szabó Tímea,245,242,0.9877551020408163
43,TISZA,0024,Dr. Ruzsa Diána,002K,Dr. Sárosi József,254,251,0.9881889763779528
43,TISZA,0024,Dr. Ruzsa Diána,002L,Csatári Ernő,249,245,0.9839357429718876
43,TISZA,0024,Dr. Ruzsa Diána,002M,Bakos Csaba Attila,252,249,0.9880952380952381
43,TISZA,0024,Dr. Ruzsa Diána,002N,Strompová Viktória,252,250,0.9920634920634921
43,TISZA,0024,Dr. Ruzsa Diána,002O,Borics Mihály,248,245,0.9879032258064516
43,TISZA,0024,Dr. Ruzsa Diána,002P,Csőszi Attila,253,250,0.9881422924901185
43,TISZA,0024,Dr. Ruzsa Diána,002Q,Veres Ádám,236,233,0.9872881355932204
43,TISZA,0024,Dr. Ruzsa Diána,002R,Szabó Tibor,251,248,0.9880478087649402
43,TISZA,0024,Dr. Ruzsa Diána,002S,Hende Máté,248,245,0.9879032258064516
43,TISZA,0024,Dr. Ruzsa Diána,002T,Balajti István,252,249,0.9880952380952381
43,TISZA,0024,Dr. Ruzsa Diána,002U,Muhari Gergely,245,242,0.9877551020408163
43,TISZA,0024,Dr. Ruzsa Diána,002V,Weigand István,247,244,0.9878542510121457
43,TISZA,0024,Dr. Ruzsa Diána,002W,Dr. Virágh Gabriella Mária,254,251,0.9881889763779528
43,TISZA,0024,Dr. Ruzsa Diána,002X,Trentin Balázs,218,214,0.981651376146789
43,TISZA,0024,Dr. Ruzsa Diána,002Y,Szimon Renáta,233,230,0.9871244635193133
43,TISZA,0024,Dr. Ruzsa Diána,002Z,Dr. Bilisics Zita,248,245,0.9879032258064516
43,TISZA,0024,Dr. Ruzsa Diána,0030,Dr. Porpáczy Krisztina,249,248,0.9959839357429718
43,TISZA,0024,Dr. Ruzsa Diána,0031,Bicskei László,253,250,0.9881422924901185
43,TISZA,0024,Dr. Ruzsa Diána,0032,Dr. Árvay Nikolett,242,239,0.987603305785124
43,TISZA,0024,Dr. Ruzsa Diána,0033,Varga Balázs,248,245,0.9879032258064516
43,TISZA,0024,Dr. Ruzsa Diána,0034,Csontos Bence,251,249,0.9920318725099602
43,TISZA,0024,Dr. Ruzsa Diána,0035,Dr. Simon Zsuzsánna,244,241,0.9877049180327869
43,TISZA,0024,Dr. Ruzsa Diána,0036,Ráki Zsolt,254,251,0.9881889763779528
43,TISZA,0024,Dr. Ruzsa Diána,0037,Dr. Bóka Zsolt,249,245,0.9839357429718876
43,TISZA,0024,Dr. Ruzsa Diána,0038,Kovács Petra Judit,248,247,0.9959677419354839
43,TISZA,0024,Dr. Ruzsa Diána,0039,Dr. Bugya László,254,251,0.9881889763779528
43,TISZA,0024,Dr. Ruzsa Diána,003A,Lovkó Csaba,251,248,0.9880478087649402
43,TISZA,0024,Dr. Ruzsa Diána,003B,Tóth Norbert,243,241,0.9917695473251029
43,TISZA,0024,Dr. Ruzsa Diána,003C,Dr. Balatincz Péter,180,177,0.9833333333333333
43,TISZA,0024,Dr. Ruzsa Diána,003D,Járosi Péter,254,251,0.9881889763779528
43,TISZA,0024,Dr. Ruzsa Diána,003E,Gombár Dávid,250,247,0.988
43,TISZA,0024,Dr. Ruzsa Diána,003F,Szakács Péter Lajos,254,251,0.9881889763779528
43,TISZA,0024,Dr. Ruzsa Diána,003G,Dr. Dicső Viktória,247,244,0.9878542510121457
43,TISZA,0024,Dr. Ruzsa Diána,003H,Czakó Czirbus Pál,249,247,0.9919678714859438
43,TISZA,0024,Dr. Ruzsa Diána,003I,Dr. Németh Csilla,246,242,0.983739837398374
43,TISZA,0024,Dr. Ruzsa Diána,003J,Dr. Kovács Gyula,253,250,0.9881422924901185
43,TISZA,0024,Dr. Ruzsa Diána,003K,Horváth Nándor Zsolt,253,250,0.9881422924901185
43,TISZA,0024,Dr. Ruzsa Diána,003L,Kapronczai Balázs,250,247,0.988
43,TISZA,0024,Dr. Ruzsa Diána,003M,Dr. Juhász Áron,250,247,0.988
43,TISZA,0024,Dr. Ruzsa Diána,003N,Kiss János,235,232,0.9872340425531915
43,TISZA,0024,Dr. Ruzsa Diána,003O,Gyömbér Dávid,251,248,0.9880478087649402
43,TISZA,0024,Dr. Ruzsa Diána,003P,Havasi Balázs,242,239,0.987603305785124
43,TISZA,0024,Dr. Ruzsa Diána,003Q,Dr. Kovács Áron,252,249,0.9880952380952381
43,TISZA,0024,Dr. Ruzsa Diána,003R,Csiszár Béla,253,250,0.9881422924901185
43,TISZA,0024,Dr. Ruzsa Diána,003S,Dr. Szijjártó Gábor,251,248,0.9880478087649402
43,TISZA,0024,Dr. Ruzsa Diána,003T,Rápli Róbert,245,241,0.9836734693877551
43,TISZA,0024,Dr. Ruzsa Diána,003U,Ujvári Szilvia,254,250,0.984251968503937
43,TISZA,0024,Dr. Ruzsa Diána,003V,Dr. Farkas Csongor,254,251,0.9881889763779528
43,TISZA,0024,Dr. Ruzsa Diána,003W,Csák László,250,247,0.988
43,TISZA,0024,Dr. Ruzsa Diána,003X,Néher András,251,248,0.9880478087649402
43,TISZA,0024,Dr. Ruzsa Diána,003Y,Bárkányi Bence,254,251,0.9881889763779528
43,TISZA,0024,Dr. Ruzsa Diána,003Z,Ferenczi Gábor,252,249,0.9880952380952381
43,TISZA,0024,Dr. Ruzsa Diána,0040,Dr. Nagy Márta,252,249,0.9880952380952381
43,TISZA,0024,Dr. Ruzsa Diána,0041,Dr. Gáspár Levente,253,250,0.9881422924901185
43,TISZA,0024,Dr. Ruzsa Diána,0042,Dr. Hallerné Dr. Nagy Anikó,239,236,0.9874476987447699
43,TISZA,0024,Dr. Ruzsa Diána,0043,Dr. Bihari Zoltán,249,241,0.9678714859437751
43,TISZA,0024,Dr. Ruzsa Diána,0044,Lontay László,245,242,0.9877551020408163
43,TISZA,0024,Dr. Ruzsa Diána,0045,Cseh Tamás,250,245,0.98
43,TISZA,0024,Dr. Ruzsa Diána,0046,Benke József,253,250,0.9881422924901185
43,TISZA,0024,Dr. Ruzsa Diána,0047,Hatala-Orosz Csaba,252,250,0.9920634920634921
43,TISZA,0024,Dr. Ruzsa Diána,0048,Rózsahegyi Áron,237,235,0.9915611814345991
43,TISZA,0024,Dr. Ruzsa Diána,0049,Dr. Czipa András,193,190,0.9844559585492227
43,TISZA,0024,Dr. Ruzsa Diána,004A,Juhász Roland Csongor,254,251,0.9881889763779528
43,TISZA,0024,Dr. Ruzsa Diána,004B,Karsai-Juhász Katalin,244,241,0.9877049180327869
43,TISZA,0024,Dr. Ruzsa Diána,004C,Judák Zsolt,253,248,0.9802371541501976
43,TISZA,0024,Dr. Ruzsa Diána,004D,Polgár György,254,251,0.9881889763779528
43,TISZA,0024,Dr. Ruzsa Diána,004E,Tárkányi Zsolt,243,239,0.9835390946502057
43,TISZA,0024,Dr. Ruzsa Diána,004F,Dr. Stumpf Péter,254,250,0.984251968503937
43,TISZA,0024,Dr. Ruzsa Diána,004G,Gajda Attila,252,251,0.996031746031746
43,TISZA,0024,Dr. Ruzsa Diána,004H,Molnár János,253,250,0.9881422924901185
43,TISZA,0024,Dr. Ruzsa Diána,k122,Kármán András,226,222,0.9823008849557522
43,TISZA,0024,Dr. Ruzsa Diána,m076,Magyar Péter,189,189,1.0
43,TISZA,0024,Dr. Ruzsa Diána,t067,Tarr Zoltán,228,226,0.9912280701754386
43,TISZA,0025,Dr. Sopov Ildikó Éva,0026,Dr. Bódis Péter,228,224,0.9824561403508771
43,TISZA,0025,Dr. Sopov Ildikó Éva,0027,Diószegi Judit,232,232,1.0
43,TISZA,0025,Dr. Sopov Ildikó Éva,0028,Bodóczi István,234,234,1.0
43,TISZA,0025,Dr. Sopov Ildikó Éva,0029,Müller Anna,234,233,0.9957264957264957
43,TISZA,0025,Dr. Sopov Ildikó Éva,002A,Trompler Ildikó,230,227,0.9869565217391304
43,TISZA,0025,Dr. Sopov Ildikó Éva,002B,Dr. Miskolczi Orsolya,233,233,1.0
43,TISZA,0025,Dr. Sopov Ildikó Éva,002C,Jelencsik József,213,213,1.0
43,TISZA,0025,Dr. Sopov Ildikó Éva,002D,Dr. Szabó Alexandra,233,233,1.0
43,TISZA,0025,Dr. Sopov Ildikó Éva,002E,Halmai Ferenc,230,230,1.0
43,TISZA,0025,Dr. Sopov Ildikó Éva,002F,Dr. Bögi Viktória,224,221,0.9866071428571429
43,TISZA,0025,Dr. Sopov Ildikó Éva,002G,Tompa Enikő,232,231,0.9956896551724138
43,TISZA,0025,Dr. Sopov Ildikó Éva,002H,Dr. Gurzó Mária,233,233,1.0
43,TISZA,0025,Dr. Sopov Ildikó Éva,002I,Dr. Lőrincz Viktória,222,220,0.990990990990991
43,TISZA,0025,Dr. Sopov Ildikó Éva,002J,Dr. Barna-Szabó Tímea,227,227,1.0
43,TISZA,0025,Dr. Sopov Ildikó Éva,002K,Dr. Sárosi József,234,234,1.0
43,TISZA,0025,Dr. Sopov Ildikó Éva,002L,Csatári Ernő,231,230,0.9956709956709957
43,TISZA,0025,Dr. Sopov Ildikó Éva,002M,Bakos Csaba Attila,233,233,1.0
43,TISZA,0025,Dr. Sopov Ildikó Éva,002N,Strompová Viktória,232,232,1.0
43,TISZA,0025,Dr. Sopov Ildikó Éva,002O,Borics Mihály,228,228,1.0
43,TISZA,0025,Dr. Sopov Ildikó Éva,002P,Csőszi Attila,232,230,0.9913793103448276
43,TISZA,0025,Dr. Sopov Ildikó Éva,002Q,Veres Ádám,218,218,1.0
43,TISZA,0025,Dr. Sopov Ildikó Éva,002R,Szabó Tibor,231,231,1.0
43,TISZA,0025,Dr. Sopov Ildikó Éva,002S,Hende Máté,229,229,1.0
43,TISZA,0025,Dr. Sopov Ildikó Éva,002T,Balajti István,232,232,1.0
43,TISZA,0025,Dr. Sopov Ildikó Éva,002U,Muhari Gergely,226,226,1.0
43,TISZA,0025,Dr. Sopov Ildikó Éva,002V,Weigand István,229,229,1.0
43,TISZA,0025,Dr. Sopov Ildikó Éva,002W,Dr. Virágh Gabriella Mária,234,234,1.0
43,TISZA,0025,Dr. Sopov Ildikó Éva,002X,Trentin Balázs,199,198,0.9949748743718593
43,TISZA,0025,Dr. Sopov Ildikó Éva,002Y,Szimon Renáta,213,213,1.0
43,TISZA,0025,Dr. Sopov Ildikó Éva,002Z,Dr. Bilisics Zita,229,229,1.0
43,TISZA,0025,Dr. Sopov Ildikó Éva,0030,Dr. Porpáczy Krisztina,229,229,1.0
43,TISZA,0025,Dr. Sopov Ildikó Éva,0031,Bicskei László,234,234,1.0
43,TISZA,0025,Dr. Sopov Ildikó Éva,0032,Dr. Árvay Nikolett,230,229,0.9956521739130435
43,TISZA,0025,Dr. Sopov Ildikó Éva,0033,Varga Balázs,232,232,1.0
43,TISZA,0025,Dr. Sopov Ildikó Éva,0034,Csontos Bence,233,231,0.9914163090128756
43,TISZA,0025,Dr. Sopov Ildikó Éva,0035,Dr. Simon Zsuzsánna,226,226,1.0
43,TISZA,0025,Dr. Sopov Ildikó Éva,0036,Ráki Zsolt,234,234,1.0
43,TISZA,0025,Dr. Sopov Ildikó Éva,0037,Dr. Bóka Zsolt,229,228,0.9956331877729258
43,TISZA,0025,Dr. Sopov Ildikó Éva,0038,Kovács Petra Judit,229,228,0.9956331877729258
43,TISZA,0025,Dr. Sopov Ildikó Éva,0039,Dr. Bugya László,234,234,1.0
43,TISZA,0025,Dr. Sopov Ildikó Éva,003A,Lovkó Csaba,231,231,1.0
43,TISZA,0025,Dr. Sopov Ildikó Éva,003B,Tóth Norbert,225,225,1.0
43,TISZA,0025,Dr. Sopov Ildikó Éva,003C,Dr. Balatincz Péter,174,174,1.0
43,TISZA,0025,Dr. Sopov Ildikó Éva,003D,Járosi Péter,234,234,1.0
43,TISZA,0025,Dr. Sopov Ildikó Éva,003E,Gombár Dávid,231,231,1.0
43,TISZA,0025,Dr. Sopov Ildikó Éva,003F,Szakács Péter Lajos,234,234,1.0
43,TISZA,0025,Dr. Sopov Ildikó Éva,003G,Dr. Dicső Viktória,227,227,1.0
43,TISZA,0025,Dr. Sopov Ildikó Éva,003H,Czakó Czirbus Pál,229,229,1.0
43,TISZA,0025,Dr. Sopov Ildikó Éva,003I,Dr. Németh Csilla,229,228,0.9956331877729258
43,TISZA,0025,Dr. Sopov Ildikó Éva,003J,Dr. Kovács Gyula,233,233,1.0
43,TISZA,0025,Dr. Sopov Ildikó Éva,003K,Horváth Nándor Zsolt,233,233,1.0
43,TISZA,0025,Dr. Sopov Ildikó Éva,003L,Kapronczai Balázs,230,230,1.0
43,TISZA,0025,Dr. Sopov Ildikó Éva,003M,Dr. Juhász Áron,232,232,1.0
43,TISZA,0025,Dr. Sopov Ildikó Éva,003N,Kiss János,217,217,1.0
43,TISZA,0025,Dr. Sopov Ildikó Éva,003O,Gyömbér Dávid,232,232,1.0
43,TISZA,0025,Dr. Sopov Ildikó Éva,003P,Havasi Balázs,224,224,1.0
43,TISZA,0025,Dr. Sopov Ildikó Éva,003Q,Dr. Kovács Áron,232,232,1.0
43,TISZA,0025,Dr. Sopov Ildikó Éva,003R,Csiszár Béla,233,233,1.0
43,TISZA,0025,Dr. Sopov Ildikó Éva,003S,Dr. Szijjártó Gábor,231,231,1.0
43,TISZA,0025,Dr. Sopov Ildikó Éva,003T,Rápli Róbert,228,227,0.9956140350877193
43,TISZA,0025,Dr. Sopov Ildikó Éva,003U,Ujvári Szilvia,234,233,0.9957264957264957
43,TISZA,0025,Dr. Sopov Ildikó Éva,003V,Dr. Farkas Csongor,234,234,1.0
43,TISZA,0025,Dr. Sopov Ildikó Éva,003W,Csák László,230,230,1.0
43,TISZA,0025,Dr. Sopov Ildikó Éva,003X,Néher András,231,231,1.0
43,TISZA,0025,Dr. Sopov Ildikó Éva,003Y,Bárkányi Bence,234,234,1.0
43,TISZA,0025,Dr. Sopov Ildikó Éva,003Z,Ferenczi Gábor,232,232,1.0
43,TISZA,0025,Dr. Sopov Ildikó Éva,0040,Dr. Nagy Márta,232,232,1.0
43,TISZA,0025,Dr. Sopov Ildikó Éva,0041,Dr. Gáspár Levente,232,232,1.0
43,TISZA,0025,Dr. Sopov Ildikó Éva,0042,Dr. Hallerné Dr. Nagy Anikó,222,221,0.9954954954954955
43,TISZA,0025,Dr. Sopov Ildikó Éva,0043,Dr. Bihari Zoltán,229,225,0.982532751091703
43,TISZA,0025,Dr. Sopov Ildikó Éva,0044,Lontay László,227,227,1.0
43,TISZA,0025,Dr. Sopov Ildikó Éva,0045,Cseh Tamás,231,230,0.9956709956709957
43,TISZA,0025,Dr. Sopov Ildikó Éva,0046,Benke József,233,233,1.0
43,TISZA,0025,Dr. Sopov Ildikó Éva,0047,Hatala-Orosz Csaba,232,231,0.9956896551724138
43,TISZA,0025,Dr. Sopov Ildikó Éva,0048,Rózsahegyi Áron,222,222,1.0
43,TISZA,0025,Dr. Sopov Ildikó Éva,0049,Dr. Czipa András,181,181,1.0
43,TISZA,0025,Dr. Sopov Ildikó Éva,004A,Juhász Roland Csongor,234,234,1.0
43,TISZA,0025,Dr. Sopov Ildikó Éva,004B,Karsai-Juhász Katalin,224,224,1.0
43,TISZA,0025,Dr. Sopov Ildikó Éva,004C,Judák Zsolt,233,231,0.9914163090128756
43,TISZA,0025,Dr. Sopov Ildikó Éva,004D,Polgár György,234,234,1.0
43,TISZA,0025,Dr. Sopov Ildikó Éva,004E,Tárkányi Zsolt,224,223,0.9955357142857143
43,TISZA,0025,Dr. Sopov Ildikó Éva,004F,Dr. Stumpf Péter,234,233,0.9957264957264957
43,TISZA,0025,Dr. Sopov Ildikó Éva,004G,Gajda Attila,232,230,0.9913793103448276
43,TISZA,0025,Dr. Sopov Ildikó Éva,004H,Molnár János,233,233,1.0
43,TISZA,0025,Dr. Sopov Ildikó Éva,k122,Kármán András,215,214,0.9953488372093023
43,TISZA,0025,Dr. Sopov Ildikó Éva,m076,Magyar Péter,175,175,1.0
43,TISZA,0025,Dr. Sopov Ildikó Éva,t067,Tarr Zoltán,213,210,0.9859154929577465
43,TISZA,0026,Dr. Bódis Péter,0027,Diószegi Judit,248,244,0.9838709677419355
43,TISZA,0026,Dr. Bódis Péter,0028,Bodóczi István,250,246,0.984
43,TISZA,0026,Dr. Bódis Péter,0029,Müller Anna,250,247,0.988
43,TISZA,0026,Dr. Bódis Péter,002A,Trompler Ildikó,247,245,0.9919028340080972
43,TISZA,0026,Dr. Bódis Péter,002B,Dr. Miskolczi Orsolya,250,246,0.984
43,TISZA,0026,Dr. Bódis Péter,002C,Jelencsik József,229,225,0.982532751091703
43,TISZA,0026,Dr. Bódis Péter,002D,Dr. Szabó Alexandra,250,246,0.984
43,TISZA,0026,Dr. Bódis Péter,002E,Halmai Ferenc,232,228,0.9827586206896551
43,TISZA,0026,Dr. Bódis Péter,002F,Dr. Bögi Viktória,240,238,0.9916666666666667
43,TISZA,0026,Dr. Bódis Péter,002G,Tompa Enikő,248,245,0.9879032258064516
43,TISZA,0026,Dr. Bódis Péter,002H,Dr. Gurzó Mária,249,245,0.9839357429718876
43,TISZA,0026,Dr. Bódis Péter,002I,Dr. Lőrincz Viktória,242,240,0.9917355371900827
43,TISZA,0026,Dr. Bódis Péter,002J,Dr. Barna-Szabó Tímea,241,237,0.983402489626556
43,TISZA,0026,Dr. Bódis Péter,002K,Dr. Sárosi József,250,246,0.984
43,TISZA,0026,Dr. Bódis Péter,002L,Csatári Ernő,246,241,0.9796747967479674
43,TISZA,0026,Dr. Bódis Péter,002M,Bakos Csaba Attila,248,244,0.9838709677419355
43,TISZA,0026,Dr. Bódis Péter,002N,Strompová Viktória,249,246,0.9879518072289156
43,TISZA,0026,Dr. Bódis Péter,002O,Borics Mihály,245,241,0.9836734693877551
43,TISZA,0026,Dr. Bódis Péter,002P,Csőszi Attila,248,244,0.9838709677419355
43,TISZA,0026,Dr. Bódis Péter,002Q,Veres Ádám,234,230,0.9829059829059829
43,TISZA,0026,Dr. Bódis Péter,002R,Szabó Tibor,249,245,0.9839357429718876
43,TISZA,0026,Dr. Bódis Péter,002S,Hende Máté,245,243,0.9918367346938776
43,TISZA,0026,Dr. Bódis Péter,002T,Balajti István,249,245,0.9839357429718876
43,TISZA,0026,Dr. Bódis Péter,002U,Muhari Gergely,243,240,0.9876543209876543
43,TISZA,0026,Dr. Bódis Péter,002V,Weigand István,242,238,0.9834710743801653
43,TISZA,0026,Dr. Bódis Péter,002W,Dr. Virágh Gabriella Mária,250,246,0.984
43,TISZA,0026,Dr. Bódis Péter,002X,Trentin Balázs,214,209,0.9766355140186916
43,TISZA,0026,Dr. Bódis Péter,002Y,Szimon Renáta,230,226,0.9826086956521739
43,TISZA,0026,Dr. Bódis Péter,002Z,Dr. Bilisics Zita,246,242,0.983739837398374
43,TISZA,0026,Dr. Bódis Péter,0030,Dr. Porpáczy Krisztina,247,244,0.9878542510121457
43,TISZA,0026,Dr. Bódis Péter,0031,Bicskei László,249,245,0.9839357429718876
43,TISZA,0026,Dr. Bódis Péter,0032,Dr. Árvay Nikolett,238,234,0.9831932773109243
43,TISZA,0026,Dr. Bódis Péter,0033,Varga Balázs,244,240,0.9836065573770492
43,TISZA,0026,Dr. Bódis Péter,0034,Csontos Bence,247,245,0.9919028340080972
43,TISZA,0026,Dr. Bódis Péter,0035,Dr. Simon Zsuzsánna,243,239,0.9835390946502057
43,TISZA,0026,Dr. Bódis Péter,0036,Ráki Zsolt,250,246,0.984
43,TISZA,0026,Dr. Bódis Péter,0037,Dr. Bóka Zsolt,245,240,0.9795918367346939
43,TISZA,0026,Dr. Bódis Péter,0038,Kovács Petra Judit,244,241,0.9877049180327869
43,TISZA,0026,Dr. Bódis Péter,0039,Dr. Bugya László,250,246,0.984
43,TISZA,0026,Dr. Bódis Péter,003A,Lovkó Csaba,248,244,0.9838709677419355
43,TISZA,0026,Dr. Bódis Péter,003B,Tóth Norbert,238,235,0.9873949579831933
43,TISZA,0026,Dr. Bódis Péter,003C,Dr. Balatincz Péter,175,171,0.9771428571428571
43,TISZA,0026,Dr. Bódis Péter,003D,Járosi Péter,250,246,0.984
43,TISZA,0026,Dr. Bódis Péter,003E,Gombár Dávid,247,243,0.9838056680161943
43,TISZA,0026,Dr. Bódis Péter,003F,Szakács Péter Lajos,250,246,0.984
43,TISZA,0026,Dr. Bódis Péter,003G,Dr. Dicső Viktória,245,241,0.9836734693877551
43,TISZA,0026,Dr. Bódis Péter,003H,Czakó Czirbus Pál,245,242,0.9877551020408163
43,TISZA,0026,Dr. Bódis Péter,003I,Dr. Németh Csilla,242,237,0.9793388429752066
43,TISZA,0026,Dr. Bódis Péter,003J,Dr. Kovács Gyula,249,245,0.9839357429718876
43,TISZA,0026,Dr. Bódis Péter,003K,Horváth Nándor Zsolt,249,245,0.9839357429718876
43,TISZA,0026,Dr. Bódis Péter,003L,Kapronczai Balázs,246,242,0.983739837398374
43,TISZA,0026,Dr. Bódis Péter,003M,Dr. Juhász Áron,246,242,0.983739837398374
43,TISZA,0026,Dr. Bódis Péter,003N,Kiss János,234,230,0.9829059829059829
43,TISZA,0026,Dr. Bódis Péter,003O,Gyömbér Dávid,249,245,0.9839357429718876
43,TISZA,0026,Dr. Bódis Péter,003P,Havasi Balázs,239,235,0.9832635983263598
43,TISZA,0026,Dr. Bódis Péter,003Q,Dr. Kovács Áron,248,244,0.9838709677419355
43,TISZA,0026,Dr. Bódis Péter,003R,Csiszár Béla,249,245,0.9839357429718876
43,TISZA,0026,Dr. Bódis Péter,003S,Dr. Szijjártó Gábor,248,244,0.9838709677419355
43,TISZA,0026,Dr. Bódis Péter,003T,Rápli Róbert,241,237,0.983402489626556
43,TISZA,0026,Dr. Bódis Péter,003U,Ujvári Szilvia,250,245,0.98
43,TISZA,0026,Dr. Bódis Péter,003V,Dr. Farkas Csongor,250,246,0.984
43,TISZA,0026,Dr. Bódis Péter,003W,Csák László,246,242,0.983739837398374
43,TISZA,0026,Dr. Bódis Péter,003X,Néher András,248,244,0.9838709677419355
43,TISZA,0026,Dr. Bódis Péter,003Y,Bárkányi Bence,250,246,0.984
43,TISZA,0026,Dr. Bódis Péter,003Z,Ferenczi Gábor,250,246,0.984
43,TISZA,0026,Dr. Bódis Péter,0040,Dr. Nagy Márta,248,244,0.9838709677419355
43,TISZA,0026,Dr. Bódis Péter,0041,Dr. Gáspár Levente,248,244,0.9838709677419355
43,TISZA,0026,Dr. Bódis Péter,0042,Dr. Hallerné Dr. Nagy Anikó,234,230,0.9829059829059829
43,TISZA,0026,Dr. Bódis Péter,0043,Dr. Bihari Zoltán,245,237,0.9673469387755103
43,TISZA,0026,Dr. Bódis Péter,0044,Lontay László,242,239,0.987603305785124
43,TISZA,0026,Dr. Bódis Péter,0045,Cseh Tamás,245,240,0.9795918367346939
43,TISZA,0026,Dr. Bódis Péter,0046,Benke József,249,245,0.9839357429718876
43,TISZA,0026,Dr. Bódis Péter,0047,Hatala-Orosz Csaba,250,247,0.988
43,TISZA,0026,Dr. Bódis Péter,0048,Rózsahegyi Áron,232,228,0.9827586206896551
43,TISZA,0026,Dr. Bódis Péter,0049,Dr. Czipa András,193,190,0.9844559585492227
43,TISZA,0026,Dr. Bódis Péter,004A,Juhász Roland Csongor,250,246,0.984
43,TISZA,0026,Dr. Bódis Péter,004B,Karsai-Juhász Katalin,241,237,0.983402489626556
43,TISZA,0026,Dr. Bódis Péter,004C,Judák Zsolt,250,244,0.976
43,TISZA,0026,Dr. Bódis Péter,004D,Polgár György,250,246,0.984
43,TISZA,0026,Dr. Bódis Péter,004E,Tárkányi Zsolt,241,236,0.979253112033195
43,TISZA,0026,Dr. Bódis Péter,004F,Dr. Stumpf Péter,250,246,0.984
43,TISZA,0026,Dr. Bódis Péter,004G,Gajda Attila,248,247,0.9959677419354839
43,TISZA,0026,Dr. Bódis Péter,004H,Molnár János,249,245,0.9839357429718876
43,TISZA,0026,Dr. Bódis Péter,k122,Kármán András,221,217,0.9819004524886877
43,TISZA,0026,Dr. Bódis Péter,m076,Magyar Péter,188,188,1.0
43,TISZA,0026,Dr. Bódis Péter,t067,Tarr Zoltán,227,224,0.986784140969163
43,TISZA,0027,Diószegi Judit,0028,Bodóczi István,254,254,1.0
43,TISZA,0027,Diószegi Judit,0029,Müller Anna,254,253,0.9960629921259843
43,TISZA,0027,Diószegi Judit,002A,Trompler Ildikó,249,246,0.9879518072289156
43,TISZA,0027,Diószegi Judit,002B,Dr. Miskolczi Orsolya,253,253,1.0
43,TISZA,0027,Diószegi Judit,002C,Jelencsik József,233,233,1.0
43,TISZA,0027,Diószegi Judit,002D,Dr. Szabó Alexandra,253,253,1.0
43,TISZA,0027,Diószegi Judit,002E,Halmai Ferenc,236,236,1.0
43,TISZA,0027,Diószegi Judit,002F,Dr. Bögi Viktória,245,242,0.9877551020408163
43,TISZA,0027,Diószegi Judit,002G,Tompa Enikő,253,252,0.9960474308300395
43,TISZA,0027,Diószegi Judit,002H,Dr. Gurzó Mária,253,253,1.0
43,TISZA,0027,Diószegi Judit,002I,Dr. Lőrincz Viktória,242,240,0.9917355371900827
43,TISZA,0027,Diószegi Judit,002J,Dr. Barna-Szabó Tímea,245,245,1.0
43,TISZA,0027,Diószegi Judit,002K,Dr. Sárosi József,254,254,1.0
43,TISZA,0027,Diószegi Judit,002L,Csatári Ernő,249,248,0.9959839357429718
43,TISZA,0027,Diószegi Judit,002M,Bakos Csaba Attila,252,252,1.0
43,TISZA,0027,Diószegi Judit,002N,Strompová Viktória,252,252,1.0
43,TISZA,0027,Diószegi Judit,002O,Borics Mihály,247,247,1.0
43,TISZA,0027,Diószegi Judit,002P,Csőszi Attila,252,250,0.9920634920634921
43,TISZA,0027,Diószegi Judit,002Q,Veres Ádám,236,236,1.0
43,TISZA,0027,Diószegi Judit,002R,Szabó Tibor,251,251,1.0
43,TISZA,0027,Diószegi Judit,002S,Hende Máté,248,248,1.0
43,TISZA,0027,Diószegi Judit,002T,Balajti István,252,252,1.0
43,TISZA,0027,Diószegi Judit,002U,Muhari Gergely,245,245,1.0
43,TISZA,0027,Diószegi Judit,002V,Weigand István,246,246,1.0
43,TISZA,0027,Diószegi Judit,002W,Dr. Virágh Gabriella Mária,254,254,1.0
43,TISZA,0027,Diószegi Judit,002X,Trentin Balázs,217,216,0.9953917050691244
43,TISZA,0027,Diószegi Judit,002Y,Szimon Renáta,233,233,1.0
43,TISZA,0027,Diószegi Judit,002Z,Dr. Bilisics Zita,248,248,1.0
43,TISZA,0027,Diószegi Judit,0030,Dr. Porpáczy Krisztina,249,249,1.0
43,TISZA,0027,Diószegi Judit,0031,Bicskei László,253,253,1.0
43,TISZA,0027,Diószegi Judit,0032,Dr. Árvay Nikolett,242,241,0.9958677685950413
43,TISZA,0027,Diószegi Judit,0033,Varga Balázs,248,248,1.0
43,TISZA,0027,Diószegi Judit,0034,Csontos Bence,251,249,0.9920318725099602
43,TISZA,0027,Diószegi Judit,0035,Dr. Simon Zsuzsánna,244,244,1.0
43,TISZA,0027,Diószegi Judit,0036,Ráki Zsolt,254,254,1.0
43,TISZA,0027,Diószegi Judit,0037,Dr. Bóka Zsolt,248,247,0.9959677419354839
43,TISZA,0027,Diószegi Judit,0038,Kovács Petra Judit,249,248,0.9959839357429718
43,TISZA,0027,Diószegi Judit,0039,Dr. Bugya László,254,254,1.0
43,TISZA,0027,Diószegi Judit,003A,Lovkó Csaba,251,251,1.0
43,TISZA,0027,Diószegi Judit,003B,Tóth Norbert,243,243,1.0
43,TISZA,0027,Diószegi Judit,003C,Dr. Balatincz Péter,180,180,1.0
43,TISZA,0027,Diószegi Judit,003D,Járosi Péter,254,254,1.0
43,TISZA,0027,Diószegi Judit,003E,Gombár Dávid,250,250,1.0
43,TISZA,0027,Diószegi Judit,003F,Szakács Péter Lajos,254,254,1.0
43,TISZA,0027,Diószegi Judit,003G,Dr. Dicső Viktória,248,248,1.0
43,TISZA,0027,Diószegi Judit,003H,Czakó Czirbus Pál,249,249,1.0
43,TISZA,0027,Diószegi Judit,003I,Dr. Németh Csilla,246,245,0.9959349593495935
43,TISZA,0027,Diószegi Judit,003J,Dr. Kovács Gyula,253,253,1.0
43,TISZA,0027,Diószegi Judit,003K,Horváth Nándor Zsolt,254,254,1.0
43,TISZA,0027,Diószegi Judit,003L,Kapronczai Balázs,249,249,1.0
43,TISZA,0027,Diószegi Judit,003M,Dr. Juhász Áron,250,250,1.0
43,TISZA,0027,Diószegi Judit,003N,Kiss János,235,235,1.0
43,TISZA,0027,Diószegi Judit,003O,Gyömbér Dávid,251,251,1.0
43,TISZA,0027,Diószegi Judit,003P,Havasi Balázs,241,241,1.0
43,TISZA,0027,Diószegi Judit,003Q,Dr. Kovács Áron,252,252,1.0
43,TISZA,0027,Diószegi Judit,003R,Csiszár Béla,253,253,1.0
43,TISZA,0027,Diószegi Judit,003S,Dr. Szijjártó Gábor,251,251,1.0
43,TISZA,0027,Diószegi Judit,003T,Rápli Róbert,245,244,0.9959183673469387
43,TISZA,0027,Diószegi Judit,003U,Ujvári Szilvia,254,253,0.9960629921259843
43,TISZA,0027,Diószegi Judit,003V,Dr. Farkas Csongor,254,254,1.0
43,TISZA,0027,Diószegi Judit,003W,Csák László,250,250,1.0
43,TISZA,0027,Diószegi Judit,003X,Néher András,251,251,1.0
43,TISZA,0027,Diószegi Judit,003Y,Bárkányi Bence,254,254,1.0
43,TISZA,0027,Diószegi Judit,003Z,Ferenczi Gábor,252,252,1.0
43,TISZA,0027,Diószegi Judit,0040,Dr. Nagy Márta,252,252,1.0
43,TISZA,0027,Diószegi Judit,0041,Dr. Gáspár Levente,252,252,1.0
43,TISZA,0027,Diószegi Judit,0042,Dr. Hallerné Dr. Nagy Anikó,238,237,0.9957983193277311
43,TISZA,0027,Diószegi Judit,0043,Dr. Bihari Zoltán,249,244,0.9799196787148594
43,TISZA,0027,Diószegi Judit,0044,Lontay László,246,246,1.0
43,TISZA,0027,Diószegi Judit,0045,Cseh Tamás,249,247,0.9919678714859438
43,TISZA,0027,Diószegi Judit,0046,Benke József,253,253,1.0
43,TISZA,0027,Diószegi Judit,0047,Hatala-Orosz Csaba,252,251,0.996031746031746
43,TISZA,0027,Diószegi Judit,0048,Rózsahegyi Áron,236,236,1.0
43,TISZA,0027,Diószegi Judit,0049,Dr. Czipa András,194,194,1.0
43,TISZA,0027,Diószegi Judit,004A,Juhász Roland Csongor,254,254,1.0
43,TISZA,0027,Diószegi Judit,004B,Karsai-Juhász Katalin,244,244,1.0
43,TISZA,0027,Diószegi Judit,004C,Judák Zsolt,253,251,0.9920948616600791
43,TISZA,0027,Diószegi Judit,004D,Polgár György,254,254,1.0
43,TISZA,0027,Diószegi Judit,004E,Tárkányi Zsolt,242,241,0.9958677685950413
43,TISZA,0027,Diószegi Judit,004F,Dr. Stumpf Péter,254,253,0.9960629921259843
43,TISZA,0027,Diószegi Judit,004G,Gajda Attila,252,250,0.9920634920634921
43,TISZA,0027,Diószegi Judit,004H,Molnár János,253,253,1.0
43,TISZA,0027,Diószegi Judit,k122,Kármán András,226,225,0.995575221238938
43,TISZA,0027,Diószegi Judit,m076,Magyar Péter,188,188,1.0
43,TISZA,0027,Diószegi Judit,t067,Tarr Zoltán,227,224,0.986784140969163
43,TISZA,0028,Bodóczi István,0029,Müller Anna,256,255,0.99609375
43,TISZA,0028,Bodóczi István,002A,Trompler Ildikó,251,248,0.9880478087649402
43,TISZA,0028,Bodóczi István,002B,Dr. Miskolczi Orsolya,255,255,1.0
43,TISZA,0028,Bodóczi István,002C,Jelencsik József,235,235,1.0
43,TISZA,0028,Bodóczi István,002D,Dr. Szabó Alexandra,255,255,1.0
43,TISZA,0028,Bodóczi István,002E,Halmai Ferenc,238,238,1.0
43,TISZA,0028,Bodóczi István,002F,Dr. Bögi Viktória,246,243,0.9878048780487805
43,TISZA,0028,Bodóczi István,002G,Tompa Enikő,254,253,0.9960629921259843
43,TISZA,0028,Bodóczi István,002H,Dr. Gurzó Mária,255,255,1.0
43,TISZA,0028,Bodóczi István,002I,Dr. Lőrincz Viktória,244,242,0.9918032786885246
43,TISZA,0028,Bodóczi István,002J,Dr. Barna-Szabó Tímea,247,247,1.0
43,TISZA,0028,Bodóczi István,002K,Dr. Sárosi József,256,256,1.0
43,TISZA,0028,Bodóczi István,002L,Csatári Ernő,251,250,0.9960159362549801
43,TISZA,0028,Bodóczi István,002M,Bakos Csaba Attila,254,254,1.0
43,TISZA,0028,Bodóczi István,002N,Strompová Viktória,254,254,1.0
43,TISZA,0028,Bodóczi István,002O,Borics Mihály,249,249,1.0
43,TISZA,0028,Bodóczi István,002P,Csőszi Attila,254,252,0.9921259842519685
43,TISZA,0028,Bodóczi István,002Q,Veres Ádám,238,238,1.0
43,TISZA,0028,Bodóczi István,002R,Szabó Tibor,253,253,1.0
43,TISZA,0028,Bodóczi István,002S,Hende Máté,250,250,1.0
43,TISZA,0028,Bodóczi István,002T,Balajti István,254,254,1.0
43,TISZA,0028,Bodóczi István,002U,Muhari Gergely,247,247,1.0
43,TISZA,0028,Bodóczi István,002V,Weigand István,248,248,1.0
43,TISZA,0028,Bodóczi István,002W,Dr. Virágh Gabriella Mária,256,256,1.0
43,TISZA,0028,Bodóczi István,002X,Trentin Balázs,219,218,0.9954337899543378
43,TISZA,0028,Bodóczi István,002Y,Szimon Renáta,235,235,1.0
43,TISZA,0028,Bodóczi István,002Z,Dr. Bilisics Zita,250,250,1.0
43,TISZA,0028,Bodóczi István,0030,Dr. Porpáczy Krisztina,251,251,1.0
43,TISZA,0028,Bodóczi István,0031,Bicskei László,255,255,1.0
43,TISZA,0028,Bodóczi István,0032,Dr. Árvay Nikolett,244,243,0.9959016393442623
43,TISZA,0028,Bodóczi István,0033,Varga Balázs,250,250,1.0
43,TISZA,0028,Bodóczi István,0034,Csontos Bence,253,251,0.9920948616600791
43,TISZA,0028,Bodóczi István,0035,Dr. Simon Zsuzsánna,246,246,1.0
43,TISZA,0028,Bodóczi István,0036,Ráki Zsolt,256,256,1.0
43,TISZA,0028,Bodóczi István,0037,Dr. Bóka Zsolt,250,249,0.996
43,TISZA,0028,Bodóczi István,0038,Kovács Petra Judit,250,249,0.996
43,TISZA,0028,Bodóczi István,0039,Dr. Bugya László,256,256,1.0
43,TISZA,0028,Bodóczi István,003A,Lovkó Csaba,253,253,1.0
43,TISZA,0028,Bodóczi István,003B,Tóth Norbert,244,244,1.0
43,TISZA,0028,Bodóczi István,003C,Dr. Balatincz Péter,181,181,1.0
43,TISZA,0028,Bodóczi István,003D,Járosi Péter,256,256,1.0
43,TISZA,0028,Bodóczi István,003E,Gombár Dávid,252,252,1.0
43,TISZA,0028,Bodóczi István,003F,Szakács Péter Lajos,256,256,1.0
43,TISZA,0028,Bodóczi István,003G,Dr. Dicső Viktória,249,249,1.0
43,TISZA,0028,Bodóczi István,003H,Czakó Czirbus Pál,251,251,1.0
43,TISZA,0028,Bodóczi István,003I,Dr. Németh Csilla,248,247,0.9959677419354839
43,TISZA,0028,Bodóczi István,003J,Dr. Kovács Gyula,255,255,1.0
43,TISZA,0028,Bodóczi István,003K,Horváth Nándor Zsolt,255,255,1.0
43,TISZA,0028,Bodóczi István,003L,Kapronczai Balázs,251,251,1.0
43,TISZA,0028,Bodóczi István,003M,Dr. Juhász Áron,252,252,1.0
43,TISZA,0028,Bodóczi István,003N,Kiss János,237,237,1.0
43,TISZA,0028,Bodóczi István,003O,Gyömbér Dávid,253,253,1.0
43,TISZA,0028,Bodóczi István,003P,Havasi Balázs,243,243,1.0
43,TISZA,0028,Bodóczi István,003Q,Dr. Kovács Áron,254,254,1.0
43,TISZA,0028,Bodóczi István,003R,Csiszár Béla,255,255,1.0
43,TISZA,0028,Bodóczi István,003S,Dr. Szijjártó Gábor,253,253,1.0
43,TISZA,0028,Bodóczi István,003T,Rápli Róbert,247,246,0.9959514170040485
43,TISZA,0028,Bodóczi István,003U,Ujvári Szilvia,256,255,0.99609375
43,TISZA,0028,Bodóczi István,003V,Dr. Farkas Csongor,256,256,1.0
43,TISZA,0028,Bodóczi István,003W,Csák László,252,252,1.0
43,TISZA,0028,Bodóczi István,003X,Néher András,253,253,1.0
43,TISZA,0028,Bodóczi István,003Y,Bárkányi Bence,256,256,1.0
43,TISZA,0028,Bodóczi István,003Z,Ferenczi Gábor,254,254,1.0
43,TISZA,0028,Bodóczi István,0040,Dr. Nagy Márta,254,254,1.0
43,TISZA,0028,Bodóczi István,0041,Dr. Gáspár Levente,254,254,1.0
43,TISZA,0028,Bodóczi István,0042,Dr. Hallerné Dr. Nagy Anikó,240,239,0.9958333333333333
43,TISZA,0028,Bodóczi István,0043,Dr. Bihari Zoltán,251,246,0.9800796812749004
43,TISZA,0028,Bodóczi István,0044,Lontay László,247,247,1.0
43,TISZA,0028,Bodóczi István,0045,Cseh Tamás,251,249,0.9920318725099602
43,TISZA,0028,Bodóczi István,0046,Benke József,255,255,1.0
43,TISZA,0028,Bodóczi István,0047,Hatala-Orosz Csaba,254,253,0.9960629921259843
43,TISZA,0028,Bodóczi István,0048,Rózsahegyi Áron,238,238,1.0
43,TISZA,0028,Bodóczi István,0049,Dr. Czipa András,195,195,1.0
43,TISZA,0028,Bodóczi István,004A,Juhász Roland Csongor,256,256,1.0
43,TISZA,0028,Bodóczi István,004B,Karsai-Juhász Katalin,246,246,1.0
43,TISZA,0028,Bodóczi István,004C,Judák Zsolt,255,253,0.9921568627450981
43,TISZA,0028,Bodóczi István,004D,Polgár György,256,256,1.0
43,TISZA,0028,Bodóczi István,004E,Tárkányi Zsolt,244,243,0.9959016393442623
43,TISZA,0028,Bodóczi István,004F,Dr. Stumpf Péter,256,255,0.99609375
43,TISZA,0028,Bodóczi István,004G,Gajda Attila,254,252,0.9921259842519685
43,TISZA,0028,Bodóczi István,004H,Molnár János,255,255,1.0
43,TISZA,0028,Bodóczi István,k122,Kármán András,227,226,0.9955947136563876
43,TISZA,0028,Bodóczi István,m076,Magyar Péter,189,189,1.0
43,TISZA,0028,Bodóczi István,t067,Tarr Zoltán,229,226,0.9868995633187773
43,TISZA,0029,Müller Anna,002A,Trompler Ildikó,251,249,0.9920318725099602
43,TISZA,0029,Müller Anna,002B,Dr. Miskolczi Orsolya,255,254,0.996078431372549
43,TISZA,0029,Müller Anna,002C,Jelencsik József,235,234,0.9957446808510638
43,TISZA,0029,Müller Anna,002D,Dr. Szabó Alexandra,255,254,0.996078431372549
43,TISZA,0029,Müller Anna,002E,Halmai Ferenc,238,237,0.9957983193277311
43,TISZA,0029,Müller Anna,002F,Dr. Bögi Viktória,246,244,0.991869918699187
43,TISZA,0029,Müller Anna,002G,Tompa Enikő,254,254,1.0
43,TISZA,0029,Müller Anna,002H,Dr. Gurzó Mária,255,254,0.996078431372549
43,TISZA,0029,Müller Anna,002I,Dr. Lőrincz Viktória,244,242,0.9918032786885246
43,TISZA,0029,Müller Anna,002J,Dr. Barna-Szabó Tímea,247,246,0.9959514170040485
43,TISZA,0029,Müller Anna,002K,Dr. Sárosi József,256,255,0.99609375
43,TISZA,0029,Müller Anna,002L,Csatári Ernő,251,249,0.9920318725099602
43,TISZA,0029,Müller Anna,002M,Bakos Csaba Attila,254,253,0.9960629921259843
43,TISZA,0029,Müller Anna,002N,Strompová Viktória,254,254,1.0
43,TISZA,0029,Müller Anna,002O,Borics Mihály,249,248,0.9959839357429718
43,TISZA,0029,Müller Anna,002P,Csőszi Attila,254,253,0.9960629921259843
43,TISZA,0029,Müller Anna,002Q,Veres Ádám,238,237,0.9957983193277311
43,TISZA,0029,Müller Anna,002R,Szabó Tibor,253,252,0.9960474308300395
43,TISZA,0029,Müller Anna,002S,Hende Máté,250,249,0.996
43,TISZA,0029,Müller Anna,002T,Balajti István,254,253,0.9960629921259843
43,TISZA,0029,Müller Anna,002U,Muhari Gergely,247,246,0.9959514170040485
43,TISZA,0029,Müller Anna,002V,Weigand István,248,247,0.9959677419354839
43,TISZA,0029,Müller Anna,002W,Dr. Virágh Gabriella Mária,256,255,0.99609375
43,TISZA,0029,Müller Anna,002X,Trentin Balázs,219,217,0.9908675799086758
43,TISZA,0029,Müller Anna,002Y,Szimon Renáta,235,234,0.9957446808510638
43,TISZA,0029,Müller Anna,002Z,Dr. Bilisics Zita,250,249,0.996
43,TISZA,0029,Müller Anna,0030,Dr. Porpáczy Krisztina,251,251,1.0
43,TISZA,0029,Müller Anna,0031,Bicskei László,255,254,0.996078431372549
43,TISZA,0029,Müller Anna,0032,Dr. Árvay Nikolett,244,243,0.9959016393442623
43,TISZA,0029,Müller Anna,0033,Varga Balázs,250,249,0.996
43,TISZA,0029,Müller Anna,0034,Csontos Bence,253,251,0.9920948616600791
43,TISZA,0029,Müller Anna,0035,Dr. Simon Zsuzsánna,246,245,0.9959349593495935
43,TISZA,0029,Müller Anna,0036,Ráki Zsolt,256,255,0.99609375
43,TISZA,0029,Müller Anna,0037,Dr. Bóka Zsolt,250,248,0.992
43,TISZA,0029,Müller Anna,0038,Kovács Petra Judit,250,249,0.996
43,TISZA,0029,Müller Anna,0039,Dr. Bugya László,256,255,0.99609375
43,TISZA,0029,Müller Anna,003A,Lovkó Csaba,253,252,0.9960474308300395
43,TISZA,0029,Müller Anna,003B,Tóth Norbert,244,244,1.0
43,TISZA,0029,Müller Anna,003C,Dr. Balatincz Péter,181,180,0.994475138121547
43,TISZA,0029,Müller Anna,003D,Járosi Péter,256,255,0.99609375
43,TISZA,0029,Müller Anna,003E,Gombár Dávid,252,251,0.996031746031746
43,TISZA,0029,Müller Anna,003F,Szakács Péter Lajos,256,255,0.99609375
43,TISZA,0029,Müller Anna,003G,Dr. Dicső Viktória,249,248,0.9959839357429718
43,TISZA,0029,Müller Anna,003H,Czakó Czirbus Pál,251,251,1.0
43,TISZA,0029,Müller Anna,003I,Dr. Németh Csilla,248,246,0.9919354838709677
43,TISZA,0029,Müller Anna,003J,Dr. Kovács Gyula,255,254,0.996078431372549
43,TISZA,0029,Müller Anna,003K,Horváth Nándor Zsolt,255,254,0.996078431372549
43,TISZA,0029,Müller Anna,003L,Kapronczai Balázs,251,250,0.9960159362549801
43,TISZA,0029,Müller Anna,003M,Dr. Juhász Áron,252,251,0.996031746031746
43,TISZA,0029,Müller Anna,003N,Kiss János,237,236,0.9957805907172996
43,TISZA,0029,Müller Anna,003O,Gyömbér Dávid,253,252,0.9960474308300395
43,TISZA,0029,Müller Anna,003P,Havasi Balázs,243,242,0.9958847736625515
43,TISZA,0029,Müller Anna,003Q,Dr. Kovács Áron,254,253,0.9960629921259843
43,TISZA,0029,Müller Anna,003R,Csiszár Béla,255,254,0.996078431372549
43,TISZA,0029,Müller Anna,003S,Dr. Szijjártó Gábor,253,252,0.9960474308300395
43,TISZA,0029,Müller Anna,003T,Rápli Róbert,247,245,0.9919028340080972
43,TISZA,0029,Müller Anna,003U,Ujvári Szilvia,256,254,0.9921875
43,TISZA,0029,Müller Anna,003V,Dr. Farkas Csongor,256,255,0.99609375
43,TISZA,0029,Müller Anna,003W,Csák László,252,251,0.996031746031746
43,TISZA,0029,Müller Anna,003X,Néher András,253,252,0.9960474308300395
43,TISZA,0029,Müller Anna,003Y,Bárkányi Bence,256,255,0.99609375
43,TISZA,0029,Müller Anna,003Z,Ferenczi Gábor,254,253,0.9960629921259843
43,TISZA,0029,Müller Anna,0040,Dr. Nagy Márta,254,253,0.9960629921259843
43,TISZA,0029,Müller Anna,0041,Dr. Gáspár Levente,254,253,0.9960629921259843
43,TISZA,0029,Müller Anna,0042,Dr. Hallerné Dr. Nagy Anikó,240,239,0.9958333333333333
43,TISZA,0029,Müller Anna,0043,Dr. Bihari Zoltán,251,245,0.9760956175298805
43,TISZA,0029,Müller Anna,0044,Lontay László,247,246,0.9959514170040485
43,TISZA,0029,Müller Anna,0045,Cseh Tamás,251,248,0.9880478087649402
43,TISZA,0029,Müller Anna,0046,Benke József,255,254,0.996078431372549
43,TISZA,0029,Müller Anna,0047,Hatala-Orosz Csaba,254,254,1.0
43,TISZA,0029,Müller Anna,0048,Rózsahegyi Áron,238,237,0.9957983193277311
43,TISZA,0029,Müller Anna,0049,Dr. Czipa András,195,194,0.9948717948717949
43,TISZA,0029,Müller Anna,004A,Juhász Roland Csongor,256,255,0.99609375
43,TISZA,0029,Müller Anna,004B,Karsai-Juhász Katalin,246,245,0.9959349593495935
43,TISZA,0029,Müller Anna,004C,Judák Zsolt,255,252,0.9882352941176471
43,TISZA,0029,Müller Anna,004D,Polgár György,256,255,0.99609375
43,TISZA,0029,Müller Anna,004E,Tárkányi Zsolt,244,242,0.9918032786885246
43,TISZA,0029,Müller Anna,004F,Dr. Stumpf Péter,256,254,0.9921875
43,TISZA,0029,Müller Anna,004G,Gajda Attila,254,253,0.9960629921259843
43,TISZA,0029,Müller Anna,004H,Molnár János,255,254,0.996078431372549
43,TISZA,0029,Müller Anna,k122,Kármán András,227,225,0.9911894273127754
43,TISZA,0029,Müller Anna,m076,Magyar Péter,189,189,1.0
43,TISZA,0029,Müller Anna,t067,Tarr Zoltán,229,226,0.9868995633187773
43,TISZA,002A,Trompler Ildikó,002B,Dr. Miskolczi Orsolya,250,247,0.988
43,TISZA,002A,Trompler Ildikó,002C,Jelencsik József,230,227,0.9869565217391304
43,TISZA,002A,Trompler Ildikó,002D,Dr. Szabó Alexandra,251,248,0.9880478087649402
43,TISZA,002A,Trompler Ildikó,002E,Halmai Ferenc,233,230,0.9871244635193133
43,TISZA,002A,Trompler Ildikó,002F,Dr. Bögi Viktória,241,241,1.0
43,TISZA,002A,Trompler Ildikó,002G,Tompa Enikő,249,247,0.9919678714859438
43,TISZA,002A,Trompler Ildikó,002H,Dr. Gurzó Mária,250,247,0.988
43,TISZA,002A,Trompler Ildikó,002I,Dr. Lőrincz Viktória,240,239,0.9958333333333333
43,TISZA,002A,Trompler Ildikó,002J,Dr. Barna-Szabó Tímea,243,240,0.9876543209876543
43,TISZA,002A,Trompler Ildikó,002K,Dr. Sárosi József,251,248,0.9880478087649402
43,TISZA,002A,Trompler Ildikó,002L,Csatári Ernő,247,243,0.9838056680161943
43,TISZA,002A,Trompler Ildikó,002M,Bakos Csaba Attila,249,246,0.9879518072289156
43,TISZA,002A,Trompler Ildikó,002N,Strompová Viktória,249,247,0.9919678714859438
43,TISZA,002A,Trompler Ildikó,002O,Borics Mihály,245,242,0.9877551020408163
43,TISZA,002A,Trompler Ildikó,002P,Csőszi Attila,250,247,0.988
43,TISZA,002A,Trompler Ildikó,002Q,Veres Ádám,235,232,0.9872340425531915
43,TISZA,002A,Trompler Ildikó,002R,Szabó Tibor,248,245,0.9879032258064516
43,TISZA,002A,Trompler Ildikó,002S,Hende Máté,245,243,0.9918367346938776
43,TISZA,002A,Trompler Ildikó,002T,Balajti István,249,246,0.9879518072289156
43,TISZA,002A,Trompler Ildikó,002U,Muhari Gergely,243,240,0.9876543209876543
43,TISZA,002A,Trompler Ildikó,002V,Weigand István,243,240,0.9876543209876543
43,TISZA,002A,Trompler Ildikó,002W,Dr. Virágh Gabriella Mária,251,248,0.9880478087649402
43,TISZA,002A,Trompler Ildikó,002X,Trentin Balázs,215,211,0.9813953488372092
43,TISZA,002A,Trompler Ildikó,002Y,Szimon Renáta,230,227,0.9869565217391304
43,TISZA,002A,Trompler Ildikó,002Z,Dr. Bilisics Zita,248,245,0.9879032258064516
43,TISZA,002A,Trompler Ildikó,0030,Dr. Porpáczy Krisztina,247,245,0.9919028340080972
43,TISZA,002A,Trompler Ildikó,0031,Bicskei László,250,247,0.988
43,TISZA,002A,Trompler Ildikó,0032,Dr. Árvay Nikolett,239,236,0.9874476987447699
43,TISZA,002A,Trompler Ildikó,0033,Varga Balázs,246,243,0.9878048780487805
43,TISZA,002A,Trompler Ildikó,0034,Csontos Bence,248,248,1.0
43,TISZA,002A,Trompler Ildikó,0035,Dr. Simon Zsuzsánna,242,239,0.987603305785124
43,TISZA,002A,Trompler Ildikó,0036,Ráki Zsolt,251,248,0.9880478087649402
43,TISZA,002A,Trompler Ildikó,0037,Dr. Bóka Zsolt,245,241,0.9836734693877551
43,TISZA,002A,Trompler Ildikó,0038,Kovács Petra Judit,245,243,0.9918367346938776
43,TISZA,002A,Trompler Ildikó,0039,Dr. Bugya László,251,248,0.9880478087649402
43,TISZA,002A,Trompler Ildikó,003A,Lovkó Csaba,248,245,0.9879032258064516
43,TISZA,002A,Trompler Ildikó,003B,Tóth Norbert,240,238,0.9916666666666667
43,TISZA,002A,Trompler Ildikó,003C,Dr. Balatincz Péter,177,174,0.9830508474576272
43,TISZA,002A,Trompler Ildikó,003D,Járosi Péter,251,248,0.9880478087649402
43,TISZA,002A,Trompler Ildikó,003E,Gombár Dávid,247,244,0.9878542510121457
43,TISZA,002A,Trompler Ildikó,003F,Szakács Péter Lajos,251,248,0.9880478087649402
43,TISZA,002A,Trompler Ildikó,003G,Dr. Dicső Viktória,247,244,0.9878542510121457
43,TISZA,002A,Trompler Ildikó,003H,Czakó Czirbus Pál,246,244,0.991869918699187
43,TISZA,002A,Trompler Ildikó,003I,Dr. Németh Csilla,243,239,0.9835390946502057
43,TISZA,002A,Trompler Ildikó,003J,Dr. Kovács Gyula,250,247,0.988
43,TISZA,002A,Trompler Ildikó,003K,Horváth Nándor Zsolt,250,247,0.988
43,TISZA,002A,Trompler Ildikó,003L,Kapronczai Balázs,246,243,0.9878048780487805
43,TISZA,002A,Trompler Ildikó,003M,Dr. Juhász Áron,247,244,0.9878542510121457
43,TISZA,002A,Trompler Ildikó,003N,Kiss János,233,230,0.9871244635193133
43,TISZA,002A,Trompler Ildikó,003O,Gyömbér Dávid,248,245,0.9879032258064516
43,TISZA,002A,Trompler Ildikó,003P,Havasi Balázs,240,237,0.9875
43,TISZA,002A,Trompler Ildikó,003Q,Dr. Kovács Áron,249,246,0.9879518072289156
43,TISZA,002A,Trompler Ildikó,003R,Csiszár Béla,250,247,0.988
43,TISZA,002A,Trompler Ildikó,003S,Dr. Szijjártó Gábor,249,246,0.9879518072289156
43,TISZA,002A,Trompler Ildikó,003T,Rápli Róbert,242,238,0.9834710743801653
43,TISZA,002A,Trompler Ildikó,003U,Ujvári Szilvia,251,247,0.9840637450199203
43,TISZA,002A,Trompler Ildikó,003V,Dr. Farkas Csongor,251,248,0.9880478087649402
43,TISZA,002A,Trompler Ildikó,003W,Csák László,247,244,0.9878542510121457
43,TISZA,002A,Trompler Ildikó,003X,Néher András,250,247,0.988
43,TISZA,002A,Trompler Ildikó,003Y,Bárkányi Bence,251,248,0.9880478087649402
43,TISZA,002A,Trompler Ildikó,003Z,Ferenczi Gábor,249,246,0.9879518072289156
43,TISZA,002A,Trompler Ildikó,0040,Dr. Nagy Márta,250,247,0.988
43,TISZA,002A,Trompler Ildikó,0041,Dr. Gáspár Levente,249,246,0.9879518072289156
43,TISZA,002A,Trompler Ildikó,0042,Dr. Hallerné Dr. Nagy Anikó,236,233,0.9872881355932204
43,TISZA,002A,Trompler Ildikó,0043,Dr. Bihari Zoltán,246,239,0.9715447154471545
43,TISZA,002A,Trompler Ildikó,0044,Lontay László,242,239,0.987603305785124
43,TISZA,002A,Trompler Ildikó,0045,Cseh Tamás,246,241,0.9796747967479674
43,TISZA,002A,Trompler Ildikó,0046,Benke József,250,247,0.988
43,TISZA,002A,Trompler Ildikó,0047,Hatala-Orosz Csaba,250,248,0.992
43,TISZA,002A,Trompler Ildikó,0048,Rózsahegyi Áron,233,230,0.9871244635193133
43,TISZA,002A,Trompler Ildikó,0049,Dr. Czipa András,193,190,0.9844559585492227
43,TISZA,002A,Trompler Ildikó,004A,Juhász Roland Csongor,251,248,0.9880478087649402
43,TISZA,002A,Trompler Ildikó,004B,Karsai-Juhász Katalin,241,238,0.9875518672199171
43,TISZA,002A,Trompler Ildikó,004C,Judák Zsolt,251,246,0.9800796812749004
43,TISZA,002A,Trompler Ildikó,004D,Polgár György,251,248,0.9880478087649402
43,TISZA,002A,Trompler Ildikó,004E,Tárkányi Zsolt,240,236,0.9833333333333333
43,TISZA,002A,Trompler Ildikó,004F,Dr. Stumpf Péter,251,248,0.9880478087649402
43,TISZA,002A,Trompler Ildikó,004G,Gajda Attila,249,249,1.0
43,TISZA,002A,Trompler Ildikó,004H,Molnár János,250,247,0.988
43,TISZA,002A,Trompler Ildikó,k122,Kármán András,223,219,0.9820627802690582
43,TISZA,002A,Trompler Ildikó,m076,Magyar Péter,186,186,1.0
43,TISZA,002A,Trompler Ildikó,t067,Tarr Zoltán,226,223,0.9867256637168141
43,TISZA,002B,Dr. Miskolczi Orsolya,002C,Jelencsik József,234,234,1.0
43,TISZA,002B,Dr. Miskolczi Orsolya,002D,Dr. Szabó Alexandra,254,254,1.0
43,TISZA,002B,Dr. Miskolczi Orsolya,002E,Halmai Ferenc,237,237,1.0
43,TISZA,002B,Dr. Miskolczi Orsolya,002F,Dr. Bögi Viktória,245,242,0.9877551020408163
43,TISZA,002B,Dr. Miskolczi Orsolya,002G,Tompa Enikő,253,252,0.9960474308300395
43,TISZA,002B,Dr. Miskolczi Orsolya,002H,Dr. Gurzó Mária,254,254,1.0
43,TISZA,002B,Dr. Miskolczi Orsolya,002I,Dr. Lőrincz Viktória,244,242,0.9918032786885246
43,TISZA,002B,Dr. Miskolczi Orsolya,002J,Dr. Barna-Szabó Tímea,246,246,1.0
43,TISZA,002B,Dr. Miskolczi Orsolya,002K,Dr. Sárosi József,255,255,1.0
43,TISZA,002B,Dr. Miskolczi Orsolya,002L,Csatári Ernő,250,249,0.996
43,TISZA,002B,Dr. Miskolczi Orsolya,002M,Bakos Csaba Attila,253,253,1.0
43,TISZA,002B,Dr. Miskolczi Orsolya,002N,Strompová Viktória,254,254,1.0
43,TISZA,002B,Dr. Miskolczi Orsolya,002O,Borics Mihály,248,248,1.0
43,TISZA,002B,Dr. Miskolczi Orsolya,002P,Csőszi Attila,253,251,0.9920948616600791
43,TISZA,002B,Dr. Miskolczi Orsolya,002Q,Veres Ádám,237,237,1.0
43,TISZA,002B,Dr. Miskolczi Orsolya,002R,Szabó Tibor,253,253,1.0
43,TISZA,002B,Dr. Miskolczi Orsolya,002S,Hende Máté,249,249,1.0
43,TISZA,002B,Dr. Miskolczi Orsolya,002T,Balajti István,253,253,1.0
43,TISZA,002B,Dr. Miskolczi Orsolya,002U,Muhari Gergely,246,246,1.0
43,TISZA,002B,Dr. Miskolczi Orsolya,002V,Weigand István,247,247,1.0
43,TISZA,002B,Dr. Miskolczi Orsolya,002W,Dr. Virágh Gabriella Mária,255,255,1.0
43,TISZA,002B,Dr. Miskolczi Orsolya,002X,Trentin Balázs,218,217,0.9954128440366973
43,TISZA,002B,Dr. Miskolczi Orsolya,002Y,Szimon Renáta,234,234,1.0
43,TISZA,002B,Dr. Miskolczi Orsolya,002Z,Dr. Bilisics Zita,249,249,1.0
43,TISZA,002B,Dr. Miskolczi Orsolya,0030,Dr. Porpáczy Krisztina,250,250,1.0
43,TISZA,002B,Dr. Miskolczi Orsolya,0031,Bicskei László,254,254,1.0
43,TISZA,002B,Dr. Miskolczi Orsolya,0032,Dr. Árvay Nikolett,243,242,0.9958847736625515
43,TISZA,002B,Dr. Miskolczi Orsolya,0033,Varga Balázs,249,249,1.0
43,TISZA,002B,Dr. Miskolczi Orsolya,0034,Csontos Bence,252,250,0.9920634920634921
43,TISZA,002B,Dr. Miskolczi Orsolya,0035,Dr. Simon Zsuzsánna,246,246,1.0
43,TISZA,002B,Dr. Miskolczi Orsolya,0036,Ráki Zsolt,255,255,1.0
43,TISZA,002B,Dr. Miskolczi Orsolya,0037,Dr. Bóka Zsolt,250,249,0.996
43,TISZA,002B,Dr. Miskolczi Orsolya,0038,Kovács Petra Judit,249,248,0.9959839357429718
43,TISZA,002B,Dr. Miskolczi Orsolya,0039,Dr. Bugya László,255,255,1.0
43,TISZA,002B,Dr. Miskolczi Orsolya,003A,Lovkó Csaba,252,252,1.0
43,TISZA,002B,Dr. Miskolczi Orsolya,003B,Tóth Norbert,243,243,1.0
43,TISZA,002B,Dr. Miskolczi Orsolya,003C,Dr. Balatincz Péter,180,180,1.0
43,TISZA,002B,Dr. Miskolczi Orsolya,003D,Járosi Péter,255,255,1.0
43,TISZA,002B,Dr. Miskolczi Orsolya,003E,Gombár Dávid,252,252,1.0
43,TISZA,002B,Dr. Miskolczi Orsolya,003F,Szakács Péter Lajos,255,255,1.0
43,TISZA,002B,Dr. Miskolczi Orsolya,003G,Dr. Dicső Viktória,248,248,1.0
43,TISZA,002B,Dr. Miskolczi Orsolya,003H,Czakó Czirbus Pál,250,250,1.0
43,TISZA,002B,Dr. Miskolczi Orsolya,003I,Dr. Németh Csilla,247,246,0.9959514170040485
43,TISZA,002B,Dr. Miskolczi Orsolya,003J,Dr. Kovács Gyula,254,254,1.0
43,TISZA,002B,Dr. Miskolczi Orsolya,003K,Horváth Nándor Zsolt,254,254,1.0
43,TISZA,002B,Dr. Miskolczi Orsolya,003L,Kapronczai Balázs,250,250,1.0
43,TISZA,002B,Dr. Miskolczi Orsolya,003M,Dr. Juhász Áron,251,251,1.0
43,TISZA,002B,Dr. Miskolczi Orsolya,003N,Kiss János,237,237,1.0
43,TISZA,002B,Dr. Miskolczi Orsolya,003O,Gyömbér Dávid,253,253,1.0
43,TISZA,002B,Dr. Miskolczi Orsolya,003P,Havasi Balázs,242,242,1.0
43,TISZA,002B,Dr. Miskolczi Orsolya,003Q,Dr. Kovács Áron,253,253,1.0
43,TISZA,002B,Dr. Miskolczi Orsolya,003R,Csiszár Béla,254,254,1.0
43,TISZA,002B,Dr. Miskolczi Orsolya,003S,Dr. Szijjártó Gábor,252,252,1.0
43,TISZA,002B,Dr. Miskolczi Orsolya,003T,Rápli Róbert,246,246,1.0
43,TISZA,002B,Dr. Miskolczi Orsolya,003U,Ujvári Szilvia,255,254,0.996078431372549
43,TISZA,002B,Dr. Miskolczi Orsolya,003V,Dr. Farkas Csongor,255,255,1.0
43,TISZA,002B,Dr. Miskolczi Orsolya,003W,Csák László,251,251,1.0
43,TISZA,002B,Dr. Miskolczi Orsolya,003X,Néher András,252,252,1.0
43,TISZA,002B,Dr. Miskolczi Orsolya,003Y,Bárkányi Bence,255,255,1.0
43,TISZA,002B,Dr. Miskolczi Orsolya,003Z,Ferenczi Gábor,254,254,1.0
43,TISZA,002B,Dr. Miskolczi Orsolya,0040,Dr. Nagy Márta,253,253,1.0
43,TISZA,002B,Dr. Miskolczi Orsolya,0041,Dr. Gáspár Levente,253,253,1.0
43,TISZA,002B,Dr. Miskolczi Orsolya,0042,Dr. Hallerné Dr. Nagy Anikó,239,238,0.99581589958159
43,TISZA,002B,Dr. Miskolczi Orsolya,0043,Dr. Bihari Zoltán,250,245,0.98
43,TISZA,002B,Dr. Miskolczi Orsolya,0044,Lontay László,246,246,1.0
43,TISZA,002B,Dr. Miskolczi Orsolya,0045,Cseh Tamás,250,249,0.996
43,TISZA,002B,Dr. Miskolczi Orsolya,0046,Benke József,254,254,1.0
43,TISZA,002B,Dr. Miskolczi Orsolya,0047,Hatala-Orosz Csaba,254,253,0.9960629921259843
43,TISZA,002B,Dr. Miskolczi Orsolya,0048,Rózsahegyi Áron,237,237,1.0
43,TISZA,002B,Dr. Miskolczi Orsolya,0049,Dr. Czipa András,195,195,1.0
43,TISZA,002B,Dr. Miskolczi Orsolya,004A,Juhász Roland Csongor,255,255,1.0
43,TISZA,002B,Dr. Miskolczi Orsolya,004B,Karsai-Juhász Katalin,245,245,1.0
43,TISZA,002B,Dr. Miskolczi Orsolya,004C,Judák Zsolt,254,252,0.9921259842519685
43,TISZA,002B,Dr. Miskolczi Orsolya,004D,Polgár György,255,255,1.0
43,TISZA,002B,Dr. Miskolczi Orsolya,004E,Tárkányi Zsolt,244,243,0.9959016393442623
43,TISZA,002B,Dr. Miskolczi Orsolya,004F,Dr. Stumpf Péter,255,254,0.996078431372549
43,TISZA,002B,Dr. Miskolczi Orsolya,004G,Gajda Attila,253,251,0.9920948616600791
43,TISZA,002B,Dr. Miskolczi Orsolya,004H,Molnár János,254,254,1.0
43,TISZA,002B,Dr. Miskolczi Orsolya,k122,Kármán András,226,225,0.995575221238938
43,TISZA,002B,Dr. Miskolczi Orsolya,m076,Magyar Péter,189,189,1.0
43,TISZA,002B,Dr. Miskolczi Orsolya,t067,Tarr Zoltán,229,226,0.9868995633187773
43,TISZA,002C,Jelencsik József,002D,Dr. Szabó Alexandra,234,234,1.0
43,TISZA,002C,Jelencsik József,002E,Halmai Ferenc,217,217,1.0
43,TISZA,002C,Jelencsik József,002F,Dr. Bögi Viktória,225,222,0.9866666666666667
43,TISZA,002C,Jelencsik József,002G,Tompa Enikő,233,232,0.9957081545064378
43,TISZA,002C,Jelencsik József,002H,Dr. Gurzó Mária,234,234,1.0
43,TISZA,002C,Jelencsik József,002I,Dr. Lőrincz Viktória,226,224,0.9911504424778761
43,TISZA,002C,Jelencsik József,002J,Dr. Barna-Szabó Tímea,227,227,1.0
43,TISZA,002C,Jelencsik József,002K,Dr. Sárosi József,235,235,1.0
43,TISZA,002C,Jelencsik József,002L,Csatári Ernő,230,229,0.9956521739130435
43,TISZA,002C,Jelencsik József,002M,Bakos Csaba Attila,233,233,1.0
43,TISZA,002C,Jelencsik József,002N,Strompová Viktória,233,233,1.0
43,TISZA,002C,Jelencsik József,002O,Borics Mihály,229,229,1.0
43,TISZA,002C,Jelencsik József,002P,Csőszi Attila,233,231,0.9914163090128756
43,TISZA,002C,Jelencsik József,002Q,Veres Ádám,217,217,1.0
43,TISZA,002C,Jelencsik József,002R,Szabó Tibor,232,232,1.0
43,TISZA,002C,Jelencsik József,002S,Hende Máté,229,229,1.0
43,TISZA,002C,Jelencsik József,002T,Balajti István,233,233,1.0
43,TISZA,002C,Jelencsik József,002U,Muhari Gergely,226,226,1.0
43,TISZA,002C,Jelencsik József,002V,Weigand István,227,227,1.0
43,TISZA,002C,Jelencsik József,002W,Dr. Virágh Gabriella Mária,235,235,1.0
43,TISZA,002C,Jelencsik József,002X,Trentin Balázs,198,197,0.9949494949494949
43,TISZA,002C,Jelencsik József,002Y,Szimon Renáta,214,214,1.0
43,TISZA,002C,Jelencsik József,002Z,Dr. Bilisics Zita,229,229,1.0
43,TISZA,002C,Jelencsik József,0030,Dr. Porpáczy Krisztina,230,230,1.0
43,TISZA,002C,Jelencsik József,0031,Bicskei László,234,234,1.0
43,TISZA,002C,Jelencsik József,0032,Dr. Árvay Nikolett,224,223,0.9955357142857143
43,TISZA,002C,Jelencsik József,0033,Varga Balázs,229,229,1.0
43,TISZA,002C,Jelencsik József,0034,Csontos Bence,232,230,0.9913793103448276
43,TISZA,002C,Jelencsik József,0035,Dr. Simon Zsuzsánna,229,229,1.0
43,TISZA,002C,Jelencsik József,0036,Ráki Zsolt,235,235,1.0
43,TISZA,002C,Jelencsik József,0037,Dr. Bóka Zsolt,229,228,0.9956331877729258
43,TISZA,002C,Jelencsik József,0038,Kovács Petra Judit,229,228,0.9956331877729258
43,TISZA,002C,Jelencsik József,0039,Dr. Bugya László,235,235,1.0
43,TISZA,002C,Jelencsik József,003A,Lovkó Csaba,232,232,1.0
43,TISZA,002C,Jelencsik József,003B,Tóth Norbert,223,223,1.0
43,TISZA,002C,Jelencsik József,003C,Dr. Balatincz Péter,181,181,1.0
43,TISZA,002C,Jelencsik József,003D,Járosi Péter,235,235,1.0
43,TISZA,002C,Jelencsik József,003E,Gombár Dávid,231,231,1.0
43,TISZA,002C,Jelencsik József,003F,Szakács Péter Lajos,235,235,1.0
43,TISZA,002C,Jelencsik József,003G,Dr. Dicső Viktória,228,228,1.0
43,TISZA,002C,Jelencsik József,003H,Czakó Czirbus Pál,230,230,1.0
43,TISZA,002C,Jelencsik József,003I,Dr. Németh Csilla,230,229,0.9956521739130435
43,TISZA,002C,Jelencsik József,003J,Dr. Kovács Gyula,235,235,1.0
43,TISZA,002C,Jelencsik József,003K,Horváth Nándor Zsolt,234,234,1.0
43,TISZA,002C,Jelencsik József,003L,Kapronczai Balázs,230,230,1.0
43,TISZA,002C,Jelencsik József,003M,Dr. Juhász Áron,231,231,1.0
43,TISZA,002C,Jelencsik József,003N,Kiss János,216,216,1.0
43,TISZA,002C,Jelencsik József,003O,Gyömbér Dávid,232,232,1.0
43,TISZA,002C,Jelencsik József,003P,Havasi Balázs,223,223,1.0
43,TISZA,002C,Jelencsik József,003Q,Dr. Kovács Áron,233,233,1.0
43,TISZA,002C,Jelencsik József,003R,Csiszár Béla,234,234,1.0
43,TISZA,002C,Jelencsik József,003S,Dr. Szijjártó Gábor,232,232,1.0
43,TISZA,002C,Jelencsik József,003T,Rápli Róbert,226,225,0.995575221238938
43,TISZA,002C,Jelencsik József,003U,Ujvári Szilvia,235,234,0.9957446808510638
43,TISZA,002C,Jelencsik József,003V,Dr. Farkas Csongor,235,235,1.0
43,TISZA,002C,Jelencsik József,003W,Csák László,231,231,1.0
43,TISZA,002C,Jelencsik József,003X,Néher András,232,232,1.0
43,TISZA,002C,Jelencsik József,003Y,Bárkányi Bence,235,235,1.0
43,TISZA,002C,Jelencsik József,003Z,Ferenczi Gábor,233,233,1.0
43,TISZA,002C,Jelencsik József,0040,Dr. Nagy Márta,233,233,1.0
43,TISZA,002C,Jelencsik József,0041,Dr. Gáspár Levente,233,233,1.0
43,TISZA,002C,Jelencsik József,0042,Dr. Hallerné Dr. Nagy Anikó,219,218,0.9954337899543378
43,TISZA,002C,Jelencsik József,0043,Dr. Bihari Zoltán,230,225,0.9782608695652174
43,TISZA,002C,Jelencsik József,0044,Lontay László,226,226,1.0
43,TISZA,002C,Jelencsik József,0045,Cseh Tamás,230,228,0.991304347826087
43,TISZA,002C,Jelencsik József,0046,Benke József,234,234,1.0
43,TISZA,002C,Jelencsik József,0047,Hatala-Orosz Csaba,233,232,0.9957081545064378
43,TISZA,002C,Jelencsik József,0048,Rózsahegyi Áron,217,217,1.0
43,TISZA,002C,Jelencsik József,0049,Dr. Czipa András,174,174,1.0
43,TISZA,002C,Jelencsik József,004A,Juhász Roland Csongor,235,235,1.0
43,TISZA,002C,Jelencsik József,004B,Karsai-Juhász Katalin,225,225,1.0
43,TISZA,002C,Jelencsik József,004C,Judák Zsolt,234,232,0.9914529914529915
43,TISZA,002C,Jelencsik József,004D,Polgár György,235,235,1.0
43,TISZA,002C,Jelencsik József,004E,Tárkányi Zsolt,225,224,0.9955555555555555
43,TISZA,002C,Jelencsik József,004F,Dr. Stumpf Péter,235,234,0.9957446808510638
43,TISZA,002C,Jelencsik József,004G,Gajda Attila,233,231,0.9914163090128756
43,TISZA,002C,Jelencsik József,004H,Molnár János,234,234,1.0
43,TISZA,002C,Jelencsik József,k122,Kármán András,209,208,0.9952153110047847
43,TISZA,002C,Jelencsik József,m076,Magyar Péter,189,189,1.0
43,TISZA,002C,Jelencsik József,t067,Tarr Zoltán,211,208,0.985781990521327
43,TISZA,002D,Dr. Szabó Alexandra,002E,Halmai Ferenc,237,237,1.0
43,TISZA,002D,Dr. Szabó Alexandra,002F,Dr. Bögi Viktória,245,242,0.9877551020408163
43,TISZA,002D,Dr. Szabó Alexandra,002G,Tompa Enikő,253,252,0.9960474308300395
43,TISZA,002D,Dr. Szabó Alexandra,002H,Dr. Gurzó Mária,254,254,1.0
43,TISZA,002D,Dr. Szabó Alexandra,002I,Dr. Lőrincz Viktória,244,242,0.9918032786885246
43,TISZA,002D,Dr. Szabó Alexandra,002J,Dr. Barna-Szabó Tímea,246,246,1.0
43,TISZA,002D,Dr. Szabó Alexandra,002K,Dr. Sárosi József,255,255,1.0
43,TISZA,002D,Dr. Szabó Alexandra,002L,Csatári Ernő,250,249,0.996
43,TISZA,002D,Dr. Szabó Alexandra,002M,Bakos Csaba Attila,253,253,1.0
43,TISZA,002D,Dr. Szabó Alexandra,002N,Strompová Viktória,253,253,1.0
43,TISZA,002D,Dr. Szabó Alexandra,002O,Borics Mihály,248,248,1.0
43,TISZA,002D,Dr. Szabó Alexandra,002P,Csőszi Attila,253,251,0.9920948616600791
43,TISZA,002D,Dr. Szabó Alexandra,002Q,Veres Ádám,237,237,1.0
43,TISZA,002D,Dr. Szabó Alexandra,002R,Szabó Tibor,252,252,1.0
43,TISZA,002D,Dr. Szabó Alexandra,002S,Hende Máté,249,249,1.0
43,TISZA,002D,Dr. Szabó Alexandra,002T,Balajti István,253,253,1.0
43,TISZA,002D,Dr. Szabó Alexandra,002U,Muhari Gergely,246,246,1.0
43,TISZA,002D,Dr. Szabó Alexandra,002V,Weigand István,247,247,1.0
43,TISZA,002D,Dr. Szabó Alexandra,002W,Dr. Virágh Gabriella Mária,255,255,1.0
43,TISZA,002D,Dr. Szabó Alexandra,002X,Trentin Balázs,218,217,0.9954128440366973
43,TISZA,002D,Dr. Szabó Alexandra,002Y,Szimon Renáta,234,234,1.0
43,TISZA,002D,Dr. Szabó Alexandra,002Z,Dr. Bilisics Zita,250,250,1.0
43,TISZA,002D,Dr. Szabó Alexandra,0030,Dr. Porpáczy Krisztina,251,251,1.0
43,TISZA,002D,Dr. Szabó Alexandra,0031,Bicskei László,254,254,1.0
43,TISZA,002D,Dr. Szabó Alexandra,0032,Dr. Árvay Nikolett,243,242,0.9958847736625515
43,TISZA,002D,Dr. Szabó Alexandra,0033,Varga Balázs,249,249,1.0
43,TISZA,002D,Dr. Szabó Alexandra,0034,Csontos Bence,252,250,0.9920634920634921
43,TISZA,002D,Dr. Szabó Alexandra,0035,Dr. Simon Zsuzsánna,246,246,1.0
43,TISZA,002D,Dr. Szabó Alexandra,0036,Ráki Zsolt,255,255,1.0
43,TISZA,002D,Dr. Szabó Alexandra,0037,Dr. Bóka Zsolt,249,248,0.9959839357429718
43,TISZA,002D,Dr. Szabó Alexandra,0038,Kovács Petra Judit,249,248,0.9959839357429718
43,TISZA,002D,Dr. Szabó Alexandra,0039,Dr. Bugya László,255,255,1.0
43,TISZA,002D,Dr. Szabó Alexandra,003A,Lovkó Csaba,252,252,1.0
43,TISZA,002D,Dr. Szabó Alexandra,003B,Tóth Norbert,243,243,1.0
43,TISZA,002D,Dr. Szabó Alexandra,003C,Dr. Balatincz Péter,180,180,1.0
43,TISZA,002D,Dr. Szabó Alexandra,003D,Járosi Péter,255,255,1.0
43,TISZA,002D,Dr. Szabó Alexandra,003E,Gombár Dávid,251,251,1.0
43,TISZA,002D,Dr. Szabó Alexandra,003F,Szakács Péter Lajos,255,255,1.0
43,TISZA,002D,Dr. Szabó Alexandra,003G,Dr. Dicső Viktória,249,249,1.0
43,TISZA,002D,Dr. Szabó Alexandra,003H,Czakó Czirbus Pál,250,250,1.0
43,TISZA,002D,Dr. Szabó Alexandra,003I,Dr. Németh Csilla,247,246,0.9959514170040485
43,TISZA,002D,Dr. Szabó Alexandra,003J,Dr. Kovács Gyula,254,254,1.0
43,TISZA,002D,Dr. Szabó Alexandra,003K,Horváth Nándor Zsolt,254,254,1.0
43,TISZA,002D,Dr. Szabó Alexandra,003L,Kapronczai Balázs,250,250,1.0
43,TISZA,002D,Dr. Szabó Alexandra,003M,Dr. Juhász Áron,251,251,1.0
43,TISZA,002D,Dr. Szabó Alexandra,003N,Kiss János,237,237,1.0
43,TISZA,002D,Dr. Szabó Alexandra,003O,Gyömbér Dávid,252,252,1.0
43,TISZA,002D,Dr. Szabó Alexandra,003P,Havasi Balázs,242,242,1.0
43,TISZA,002D,Dr. Szabó Alexandra,003Q,Dr. Kovács Áron,253,253,1.0
43,TISZA,002D,Dr. Szabó Alexandra,003R,Csiszár Béla,254,254,1.0
43,TISZA,002D,Dr. Szabó Alexandra,003S,Dr. Szijjártó Gábor,252,252,1.0
43,TISZA,002D,Dr. Szabó Alexandra,003T,Rápli Róbert,246,245,0.9959349593495935
43,TISZA,002D,Dr. Szabó Alexandra,003U,Ujvári Szilvia,255,254,0.996078431372549
43,TISZA,002D,Dr. Szabó Alexandra,003V,Dr. Farkas Csongor,255,255,1.0
43,TISZA,002D,Dr. Szabó Alexandra,003W,Csák László,251,251,1.0
43,TISZA,002D,Dr. Szabó Alexandra,003X,Néher András,252,252,1.0
43,TISZA,002D,Dr. Szabó Alexandra,003Y,Bárkányi Bence,255,255,1.0
43,TISZA,002D,Dr. Szabó Alexandra,003Z,Ferenczi Gábor,253,253,1.0
43,TISZA,002D,Dr. Szabó Alexandra,0040,Dr. Nagy Márta,253,253,1.0
43,TISZA,002D,Dr. Szabó Alexandra,0041,Dr. Gáspár Levente,253,253,1.0
43,TISZA,002D,Dr. Szabó Alexandra,0042,Dr. Hallerné Dr. Nagy Anikó,239,238,0.99581589958159
43,TISZA,002D,Dr. Szabó Alexandra,0043,Dr. Bihari Zoltán,250,246,0.984
43,TISZA,002D,Dr. Szabó Alexandra,0044,Lontay László,246,246,1.0
43,TISZA,002D,Dr. Szabó Alexandra,0045,Cseh Tamás,250,248,0.992
43,TISZA,002D,Dr. Szabó Alexandra,0046,Benke József,254,254,1.0
43,TISZA,002D,Dr. Szabó Alexandra,0047,Hatala-Orosz Csaba,254,253,0.9960629921259843
43,TISZA,002D,Dr. Szabó Alexandra,0048,Rózsahegyi Áron,237,237,1.0
43,TISZA,002D,Dr. Szabó Alexandra,0049,Dr. Czipa András,195,195,1.0
43,TISZA,002D,Dr. Szabó Alexandra,004A,Juhász Roland Csongor,255,255,1.0
43,TISZA,002D,Dr. Szabó Alexandra,004B,Karsai-Juhász Katalin,245,245,1.0
43,TISZA,002D,Dr. Szabó Alexandra,004C,Judák Zsolt,254,252,0.9921259842519685
43,TISZA,002D,Dr. Szabó Alexandra,004D,Polgár György,255,255,1.0
43,TISZA,002D,Dr. Szabó Alexandra,004E,Tárkányi Zsolt,244,243,0.9959016393442623
43,TISZA,002D,Dr. Szabó Alexandra,004F,Dr. Stumpf Péter,255,255,1.0
43,TISZA,002D,Dr. Szabó Alexandra,004G,Gajda Attila,253,251,0.9920948616600791
43,TISZA,002D,Dr. Szabó Alexandra,004H,Molnár János,254,254,1.0
43,TISZA,002D,Dr. Szabó Alexandra,k122,Kármán András,226,225,0.995575221238938
43,TISZA,002D,Dr. Szabó Alexandra,m076,Magyar Péter,189,189,1.0
43,TISZA,002D,Dr. Szabó Alexandra,t067,Tarr Zoltán,229,226,0.9868995633187773
43,TISZA,002E,Halmai Ferenc,002F,Dr. Bögi Viktória,228,225,0.9868421052631579
43,TISZA,002E,Halmai Ferenc,002G,Tompa Enikő,236,235,0.9957627118644068
43,TISZA,002E,Halmai Ferenc,002H,Dr. Gurzó Mária,237,237,1.0
43,TISZA,002E,Halmai Ferenc,002I,Dr. Lőrincz Viktória,226,224,0.9911504424778761
43,TISZA,002E,Halmai Ferenc,002J,Dr. Barna-Szabó Tímea,229,229,1.0
43,TISZA,002E,Halmai Ferenc,002K,Dr. Sárosi József,238,238,1.0
43,TISZA,002E,Halmai Ferenc,002L,Csatári Ernő,233,232,0.9957081545064378
43,TISZA,002E,Halmai Ferenc,002M,Bakos Csaba Attila,237,237,1.0
43,TISZA,002E,Halmai Ferenc,002N,Strompová Viktória,236,236,1.0
43,TISZA,002E,Halmai Ferenc,002O,Borics Mihály,231,231,1.0
43,TISZA,002E,Halmai Ferenc,002P,Csőszi Attila,236,234,0.9915254237288136
43,TISZA,002E,Halmai Ferenc,002Q,Veres Ádám,222,222,1.0
43,TISZA,002E,Halmai Ferenc,002R,Szabó Tibor,235,235,1.0
43,TISZA,002E,Halmai Ferenc,002S,Hende Máté,232,232,1.0
43,TISZA,002E,Halmai Ferenc,002T,Balajti István,236,236,1.0
43,TISZA,002E,Halmai Ferenc,002U,Muhari Gergely,230,230,1.0
43,TISZA,002E,Halmai Ferenc,002V,Weigand István,234,234,1.0
43,TISZA,002E,Halmai Ferenc,002W,Dr. Virágh Gabriella Mária,238,238,1.0
43,TISZA,002E,Halmai Ferenc,002X,Trentin Balázs,202,201,0.995049504950495
43,TISZA,002E,Halmai Ferenc,002Y,Szimon Renáta,217,217,1.0
43,TISZA,002E,Halmai Ferenc,002Z,Dr. Bilisics Zita,232,232,1.0
43,TISZA,002E,Halmai Ferenc,0030,Dr. Porpáczy Krisztina,233,233,1.0
43,TISZA,002E,Halmai Ferenc,0031,Bicskei László,237,237,1.0
43,TISZA,002E,Halmai Ferenc,0032,Dr. Árvay Nikolett,234,233,0.9957264957264957
43,TISZA,002E,Halmai Ferenc,0033,Varga Balázs,234,234,1.0
43,TISZA,002E,Halmai Ferenc,0034,Csontos Bence,236,234,0.9915254237288136
43,TISZA,002E,Halmai Ferenc,0035,Dr. Simon Zsuzsánna,228,228,1.0
43,TISZA,002E,Halmai Ferenc,0036,Ráki Zsolt,238,238,1.0
43,TISZA,002E,Halmai Ferenc,0037,Dr. Bóka Zsolt,232,231,0.9956896551724138
43,TISZA,002E,Halmai Ferenc,0038,Kovács Petra Judit,233,232,0.9957081545064378
43,TISZA,002E,Halmai Ferenc,0039,Dr. Bugya László,238,238,1.0
43,TISZA,002E,Halmai Ferenc,003A,Lovkó Csaba,235,235,1.0
43,TISZA,002E,Halmai Ferenc,003B,Tóth Norbert,226,226,1.0
43,TISZA,002E,Halmai Ferenc,003C,Dr. Balatincz Péter,180,180,1.0
43,TISZA,002E,Halmai Ferenc,003D,Járosi Péter,238,238,1.0
43,TISZA,002E,Halmai Ferenc,003E,Gombár Dávid,234,234,1.0
43,TISZA,002E,Halmai Ferenc,003F,Szakács Péter Lajos,238,238,1.0
43,TISZA,002E,Halmai Ferenc,003G,Dr. Dicső Viktória,231,231,1.0
43,TISZA,002E,Halmai Ferenc,003H,Czakó Czirbus Pál,233,233,1.0
43,TISZA,002E,Halmai Ferenc,003I,Dr. Németh Csilla,233,232,0.9957081545064378
43,TISZA,002E,Halmai Ferenc,003J,Dr. Kovács Gyula,237,237,1.0
43,TISZA,002E,Halmai Ferenc,003K,Horváth Nándor Zsolt,237,237,1.0
43,TISZA,002E,Halmai Ferenc,003L,Kapronczai Balázs,235,235,1.0
43,TISZA,002E,Halmai Ferenc,003M,Dr. Juhász Áron,236,236,1.0
43,TISZA,002E,Halmai Ferenc,003N,Kiss János,221,221,1.0
43,TISZA,002E,Halmai Ferenc,003O,Gyömbér Dávid,236,236,1.0
43,TISZA,002E,Halmai Ferenc,003P,Havasi Balázs,226,226,1.0
43,TISZA,002E,Halmai Ferenc,003Q,Dr. Kovács Áron,236,236,1.0
43,TISZA,002E,Halmai Ferenc,003R,Csiszár Béla,237,237,1.0
43,TISZA,002E,Halmai Ferenc,003S,Dr. Szijjártó Gábor,235,235,1.0
43,TISZA,002E,Halmai Ferenc,003T,Rápli Róbert,232,231,0.9956896551724138
43,TISZA,002E,Halmai Ferenc,003U,Ujvári Szilvia,238,237,0.9957983193277311
43,TISZA,002E,Halmai Ferenc,003V,Dr. Farkas Csongor,238,238,1.0
43,TISZA,002E,Halmai Ferenc,003W,Csák László,234,234,1.0
43,TISZA,002E,Halmai Ferenc,003X,Néher András,235,235,1.0
43,TISZA,002E,Halmai Ferenc,003Y,Bárkányi Bence,238,238,1.0
43,TISZA,002E,Halmai Ferenc,003Z,Ferenczi Gábor,236,236,1.0
43,TISZA,002E,Halmai Ferenc,0040,Dr. Nagy Márta,236,236,1.0
43,TISZA,002E,Halmai Ferenc,0041,Dr. Gáspár Levente,236,236,1.0
43,TISZA,002E,Halmai Ferenc,0042,Dr. Hallerné Dr. Nagy Anikó,223,222,0.9955156950672646
43,TISZA,002E,Halmai Ferenc,0043,Dr. Bihari Zoltán,233,229,0.9828326180257511
43,TISZA,002E,Halmai Ferenc,0044,Lontay László,229,229,1.0
43,TISZA,002E,Halmai Ferenc,0045,Cseh Tamás,235,233,0.9914893617021276
43,TISZA,002E,Halmai Ferenc,0046,Benke József,237,237,1.0
43,TISZA,002E,Halmai Ferenc,0047,Hatala-Orosz Csaba,236,235,0.9957627118644068
43,TISZA,002E,Halmai Ferenc,0048,Rózsahegyi Áron,223,223,1.0
43,TISZA,002E,Halmai Ferenc,0049,Dr. Czipa András,184,184,1.0
43,TISZA,002E,Halmai Ferenc,004A,Juhász Roland Csongor,238,238,1.0
43,TISZA,002E,Halmai Ferenc,004B,Karsai-Juhász Katalin,228,228,1.0
43,TISZA,002E,Halmai Ferenc,004C,Judák Zsolt,237,235,0.9915611814345991
43,TISZA,002E,Halmai Ferenc,004D,Polgár György,238,238,1.0
43,TISZA,002E,Halmai Ferenc,004E,Tárkányi Zsolt,227,226,0.9955947136563876
43,TISZA,002E,Halmai Ferenc,004F,Dr. Stumpf Péter,238,237,0.9957983193277311
43,TISZA,002E,Halmai Ferenc,004G,Gajda Attila,236,234,0.9915254237288136
43,TISZA,002E,Halmai Ferenc,004H,Molnár János,237,237,1.0
43,TISZA,002E,Halmai Ferenc,k122,Kármán András,215,214,0.9953488372093023
43,TISZA,002E,Halmai Ferenc,m076,Magyar Péter,173,173,1.0
43,TISZA,002E,Halmai Ferenc,t067,Tarr Zoltán,214,211,0.985981308411215
43,TISZA,002F,Dr. Bögi Viktória,002G,Tompa Enikő,245,243,0.9918367346938776
43,TISZA,002F,Dr. Bögi Viktória,002H,Dr. Gurzó Mária,245,242,0.9877551020408163
43,TISZA,002F,Dr. Bögi Viktória,002I,Dr. Lőrincz Viktória,234,233,0.9957264957264957
43,TISZA,002F,Dr. Bögi Viktória,002J,Dr. Barna-Szabó Tímea,237,234,0.9873417721518988
43,TISZA,002F,Dr. Bögi Viktória,002K,Dr. Sárosi József,246,243,0.9878048780487805
43,TISZA,002F,Dr. Bögi Viktória,002L,Csatári Ernő,241,237,0.983402489626556
43,TISZA,002F,Dr. Bögi Viktória,002M,Bakos Csaba Attila,244,241,0.9877049180327869
43,TISZA,002F,Dr. Bögi Viktória,002N,Strompová Viktória,244,242,0.9918032786885246
43,TISZA,002F,Dr. Bögi Viktória,002O,Borics Mihály,239,236,0.9874476987447699
43,TISZA,002F,Dr. Bögi Viktória,002P,Csőszi Attila,244,241,0.9877049180327869
43,TISZA,002F,Dr. Bögi Viktória,002Q,Veres Ádám,228,225,0.9868421052631579
43,TISZA,002F,Dr. Bögi Viktória,002R,Szabó Tibor,243,240,0.9876543209876543
43,TISZA,002F,Dr. Bögi Viktória,002S,Hende Máté,240,238,0.9916666666666667
43,TISZA,002F,Dr. Bögi Viktória,002T,Balajti István,244,241,0.9877049180327869
43,TISZA,002F,Dr. Bögi Viktória,002U,Muhari Gergely,237,234,0.9873417721518988
43,TISZA,002F,Dr. Bögi Viktória,002V,Weigand István,238,235,0.9873949579831933
43,TISZA,002F,Dr. Bögi Viktória,002W,Dr. Virágh Gabriella Mária,246,243,0.9878048780487805
43,TISZA,002F,Dr. Bögi Viktória,002X,Trentin Balázs,209,205,0.9808612440191388
43,TISZA,002F,Dr. Bögi Viktória,002Y,Szimon Renáta,233,230,0.9871244635193133
43,TISZA,002F,Dr. Bögi Viktória,002Z,Dr. Bilisics Zita,240,237,0.9875
43,TISZA,002F,Dr. Bögi Viktória,0030,Dr. Porpáczy Krisztina,241,239,0.991701244813278
43,TISZA,002F,Dr. Bögi Viktória,0031,Bicskei László,245,242,0.9877551020408163
43,TISZA,002F,Dr. Bögi Viktória,0032,Dr. Árvay Nikolett,234,231,0.9871794871794872
43,TISZA,002F,Dr. Bögi Viktória,0033,Varga Balázs,240,237,0.9875
43,TISZA,002F,Dr. Bögi Viktória,0034,Csontos Bence,243,243,1.0
43,TISZA,002F,Dr. Bögi Viktória,0035,Dr. Simon Zsuzsánna,236,233,0.9872881355932204
43,TISZA,002F,Dr. Bögi Viktória,0036,Ráki Zsolt,246,243,0.9878048780487805
43,TISZA,002F,Dr. Bögi Viktória,0037,Dr. Bóka Zsolt,240,236,0.9833333333333333
43,TISZA,002F,Dr. Bögi Viktória,0038,Kovács Petra Judit,241,239,0.991701244813278
43,TISZA,002F,Dr. Bögi Viktória,0039,Dr. Bugya László,246,243,0.9878048780487805
43,TISZA,002F,Dr. Bögi Viktória,003A,Lovkó Csaba,243,240,0.9876543209876543
43,TISZA,002F,Dr. Bögi Viktória,003B,Tóth Norbert,235,233,0.9914893617021276
43,TISZA,002F,Dr. Bögi Viktória,003C,Dr. Balatincz Péter,171,168,0.9824561403508771
43,TISZA,002F,Dr. Bögi Viktória,003D,Járosi Péter,246,243,0.9878048780487805
43,TISZA,002F,Dr. Bögi Viktória,003E,Gombár Dávid,242,239,0.987603305785124
43,TISZA,002F,Dr. Bögi Viktória,003F,Szakács Péter Lajos,246,243,0.9878048780487805
43,TISZA,002F,Dr. Bögi Viktória,003G,Dr. Dicső Viktória,240,237,0.9875
43,TISZA,002F,Dr. Bögi Viktória,003H,Czakó Czirbus Pál,241,239,0.991701244813278
43,TISZA,002F,Dr. Bögi Viktória,003I,Dr. Németh Csilla,238,234,0.9831932773109243
43,TISZA,002F,Dr. Bögi Viktória,003J,Dr. Kovács Gyula,245,242,0.9877551020408163
43,TISZA,002F,Dr. Bögi Viktória,003K,Horváth Nándor Zsolt,246,243,0.9878048780487805
43,TISZA,002F,Dr. Bögi Viktória,003L,Kapronczai Balázs,241,238,0.9875518672199171
43,TISZA,002F,Dr. Bögi Viktória,003M,Dr. Juhász Áron,242,239,0.987603305785124
43,TISZA,002F,Dr. Bögi Viktória,003N,Kiss János,227,224,0.986784140969163
43,TISZA,002F,Dr. Bögi Viktória,003O,Gyömbér Dávid,243,240,0.9876543209876543
43,TISZA,002F,Dr. Bögi Viktória,003P,Havasi Balázs,233,230,0.9871244635193133
43,TISZA,002F,Dr. Bögi Viktória,003Q,Dr. Kovács Áron,244,241,0.9877049180327869
43,TISZA,002F,Dr. Bögi Viktória,003R,Csiszár Béla,245,242,0.9877551020408163
43,TISZA,002F,Dr. Bögi Viktória,003S,Dr. Szijjártó Gábor,243,240,0.9876543209876543
43,TISZA,002F,Dr. Bögi Viktória,003T,Rápli Róbert,237,233,0.9831223628691983
43,TISZA,002F,Dr. Bögi Viktória,003U,Ujvári Szilvia,246,242,0.983739837398374
43,TISZA,002F,Dr. Bögi Viktória,003V,Dr. Farkas Csongor,246,243,0.9878048780487805
43,TISZA,002F,Dr. Bögi Viktória,003W,Csák László,242,239,0.987603305785124
43,TISZA,002F,Dr. Bögi Viktória,003X,Néher András,243,240,0.9876543209876543
43,TISZA,002F,Dr. Bögi Viktória,003Y,Bárkányi Bence,246,243,0.9878048780487805
43,TISZA,002F,Dr. Bögi Viktória,003Z,Ferenczi Gábor,244,241,0.9877049180327869
43,TISZA,002F,Dr. Bögi Viktória,0040,Dr. Nagy Márta,244,241,0.9877049180327869
43,TISZA,002F,Dr. Bögi Viktória,0041,Dr. Gáspár Levente,244,241,0.9877049180327869
43,TISZA,002F,Dr. Bögi Viktória,0042,Dr. Hallerné Dr. Nagy Anikó,230,227,0.9869565217391304
43,TISZA,002F,Dr. Bögi Viktória,0043,Dr. Bihari Zoltán,241,233,0.966804979253112
43,TISZA,002F,Dr. Bögi Viktória,0044,Lontay László,238,235,0.9873949579831933
43,TISZA,002F,Dr. Bögi Viktória,0045,Cseh Tamás,242,237,0.9793388429752066
43,TISZA,002F,Dr. Bögi Viktória,0046,Benke József,245,242,0.9877551020408163
43,TISZA,002F,Dr. Bögi Viktória,0047,Hatala-Orosz Csaba,244,242,0.9918032786885246
43,TISZA,002F,Dr. Bögi Viktória,0048,Rózsahegyi Áron,229,226,0.9868995633187773
43,TISZA,002F,Dr. Bögi Viktória,0049,Dr. Czipa András,186,183,0.9838709677419355
43,TISZA,002F,Dr. Bögi Viktória,004A,Juhász Roland Csongor,246,243,0.9878048780487805
43,TISZA,002F,Dr. Bögi Viktória,004B,Karsai-Juhász Katalin,236,233,0.9872881355932204
43,TISZA,002F,Dr. Bögi Viktória,004C,Judák Zsolt,245,240,0.9795918367346939
43,TISZA,002F,Dr. Bögi Viktória,004D,Polgár György,246,243,0.9878048780487805
43,TISZA,002F,Dr. Bögi Viktória,004E,Tárkányi Zsolt,234,231,0.9871794871794872
43,TISZA,002F,Dr. Bögi Viktória,004F,Dr. Stumpf Péter,246,242,0.983739837398374
43,TISZA,002F,Dr. Bögi Viktória,004G,Gajda Attila,244,244,1.0
43,TISZA,002F,Dr. Bögi Viktória,004H,Molnár János,245,242,0.9877551020408163
43,TISZA,002F,Dr. Bögi Viktória,k122,Kármán András,218,214,0.981651376146789
43,TISZA,002F,Dr. Bögi Viktória,m076,Magyar Péter,180,180,1.0
43,TISZA,002F,Dr. Bögi Viktória,t067,Tarr Zoltán,219,216,0.9863013698630136
43,TISZA,002G,Tompa Enikő,002H,Dr. Gurzó Mária,253,252,0.9960474308300395
43,TISZA,002G,Tompa Enikő,002I,Dr. Lőrincz Viktória,242,240,0.9917355371900827
43,TISZA,002G,Tompa Enikő,002J,Dr. Barna-Szabó Tímea,245,244,0.9959183673469387
43,TISZA,002G,Tompa Enikő,002K,Dr. Sárosi József,254,253,0.9960629921259843
43,TISZA,002G,Tompa Enikő,002L,Csatári Ernő,250,248,0.992
43,TISZA,002G,Tompa Enikő,002M,Bakos Csaba Attila,252,251,0.996031746031746
43,TISZA,002G,Tompa Enikő,002N,Strompová Viktória,252,252,1.0
43,TISZA,002G,Tompa Enikő,002O,Borics Mihály,247,246,0.9959514170040485
43,TISZA,002G,Tompa Enikő,002P,Csőszi Attila,252,251,0.996031746031746
43,TISZA,002G,Tompa Enikő,002Q,Veres Ádám,236,235,0.9957627118644068
43,TISZA,002G,Tompa Enikő,002R,Szabó Tibor,251,250,0.9960159362549801
43,TISZA,002G,Tompa Enikő,002S,Hende Máté,248,247,0.9959677419354839
43,TISZA,002G,Tompa Enikő,002T,Balajti István,253,252,0.9960474308300395
43,TISZA,002G,Tompa Enikő,002U,Muhari Gergely,245,244,0.9959183673469387
43,TISZA,002G,Tompa Enikő,002V,Weigand István,246,245,0.9959349593495935
43,TISZA,002G,Tompa Enikő,002W,Dr. Virágh Gabriella Mária,254,253,0.9960629921259843
43,TISZA,002G,Tompa Enikő,002X,Trentin Balázs,217,215,0.9907834101382489
43,TISZA,002G,Tompa Enikő,002Y,Szimon Renáta,233,232,0.9957081545064378
43,TISZA,002G,Tompa Enikő,002Z,Dr. Bilisics Zita,248,247,0.9959677419354839
43,TISZA,002G,Tompa Enikő,0030,Dr. Porpáczy Krisztina,249,249,1.0
43,TISZA,002G,Tompa Enikő,0031,Bicskei László,253,252,0.9960474308300395
43,TISZA,002G,Tompa Enikő,0032,Dr. Árvay Nikolett,242,241,0.9958677685950413
43,TISZA,002G,Tompa Enikő,0033,Varga Balázs,248,247,0.9959677419354839
43,TISZA,002G,Tompa Enikő,0034,Csontos Bence,251,249,0.9920318725099602
43,TISZA,002G,Tompa Enikő,0035,Dr. Simon Zsuzsánna,244,243,0.9959016393442623
43,TISZA,002G,Tompa Enikő,0036,Ráki Zsolt,254,253,0.9960629921259843
43,TISZA,002G,Tompa Enikő,0037,Dr. Bóka Zsolt,248,246,0.9919354838709677
43,TISZA,002G,Tompa Enikő,0038,Kovács Petra Judit,250,249,0.996
43,TISZA,002G,Tompa Enikő,0039,Dr. Bugya László,254,253,0.9960629921259843
43,TISZA,002G,Tompa Enikő,003A,Lovkó Csaba,251,250,0.9960159362549801
43,TISZA,002G,Tompa Enikő,003B,Tóth Norbert,243,243,1.0
43,TISZA,002G,Tompa Enikő,003C,Dr. Balatincz Péter,180,179,0.9944444444444445
43,TISZA,002G,Tompa Enikő,003D,Járosi Péter,254,253,0.9960629921259843
43,TISZA,002G,Tompa Enikő,003E,Gombár Dávid,250,249,0.996
43,TISZA,002G,Tompa Enikő,003F,Szakács Péter Lajos,254,253,0.9960629921259843
43,TISZA,002G,Tompa Enikő,003G,Dr. Dicső Viktória,249,248,0.9959839357429718
43,TISZA,002G,Tompa Enikő,003H,Czakó Czirbus Pál,249,249,1.0
43,TISZA,002G,Tompa Enikő,003I,Dr. Németh Csilla,246,244,0.991869918699187
43,TISZA,002G,Tompa Enikő,003J,Dr. Kovács Gyula,253,252,0.9960474308300395
43,TISZA,002G,Tompa Enikő,003K,Horváth Nándor Zsolt,254,253,0.9960629921259843
43,TISZA,002G,Tompa Enikő,003L,Kapronczai Balázs,249,248,0.9959839357429718
43,TISZA,002G,Tompa Enikő,003M,Dr. Juhász Áron,251,250,0.9960159362549801
43,TISZA,002G,Tompa Enikő,003N,Kiss János,235,234,0.9957446808510638
43,TISZA,002G,Tompa Enikő,003O,Gyömbér Dávid,251,250,0.9960159362549801
43,TISZA,002G,Tompa Enikő,003P,Havasi Balázs,241,240,0.995850622406639
43,TISZA,002G,Tompa Enikő,003Q,Dr. Kovács Áron,252,251,0.996031746031746
43,TISZA,002G,Tompa Enikő,003R,Csiszár Béla,253,252,0.9960474308300395
43,TISZA,002G,Tompa Enikő,003S,Dr. Szijjártó Gábor,251,250,0.9960159362549801
43,TISZA,002G,Tompa Enikő,003T,Rápli Róbert,245,243,0.9918367346938776
43,TISZA,002G,Tompa Enikő,003U,Ujvári Szilvia,254,252,0.9921259842519685
43,TISZA,002G,Tompa Enikő,003V,Dr. Farkas Csongor,254,253,0.9960629921259843
43,TISZA,002G,Tompa Enikő,003W,Csák László,250,249,0.996
43,TISZA,002G,Tompa Enikő,003X,Néher András,251,250,0.9960159362549801
43,TISZA,002G,Tompa Enikő,003Y,Bárkányi Bence,254,253,0.9960629921259843
43,TISZA,002G,Tompa Enikő,003Z,Ferenczi Gábor,252,251,0.996031746031746
43,TISZA,002G,Tompa Enikő,0040,Dr. Nagy Márta,252,251,0.996031746031746
43,TISZA,002G,Tompa Enikő,0041,Dr. Gáspár Levente,252,251,0.996031746031746
43,TISZA,002G,Tompa Enikő,0042,Dr. Hallerné Dr. Nagy Anikó,238,237,0.9957983193277311
43,TISZA,002G,Tompa Enikő,0043,Dr. Bihari Zoltán,249,243,0.9759036144578314
43,TISZA,002G,Tompa Enikő,0044,Lontay László,247,246,0.9959514170040485
43,TISZA,002G,Tompa Enikő,0045,Cseh Tamás,249,246,0.9879518072289156
43,TISZA,002G,Tompa Enikő,0046,Benke József,253,252,0.9960474308300395
43,TISZA,002G,Tompa Enikő,0047,Hatala-Orosz Csaba,252,252,1.0
43,TISZA,002G,Tompa Enikő,0048,Rózsahegyi Áron,237,236,0.9957805907172996
43,TISZA,002G,Tompa Enikő,0049,Dr. Czipa András,195,194,0.9948717948717949
43,TISZA,002G,Tompa Enikő,004A,Juhász Roland Csongor,254,253,0.9960629921259843
43,TISZA,002G,Tompa Enikő,004B,Karsai-Juhász Katalin,245,244,0.9959183673469387
43,TISZA,002G,Tompa Enikő,004C,Judák Zsolt,253,250,0.9881422924901185
43,TISZA,002G,Tompa Enikő,004D,Polgár György,254,253,0.9960629921259843
43,TISZA,002G,Tompa Enikő,004E,Tárkányi Zsolt,243,241,0.9917695473251029
43,TISZA,002G,Tompa Enikő,004F,Dr. Stumpf Péter,254,252,0.9921259842519685
43,TISZA,002G,Tompa Enikő,004G,Gajda Attila,252,251,0.996031746031746
43,TISZA,002G,Tompa Enikő,004H,Molnár János,254,253,0.9960629921259843
43,TISZA,002G,Tompa Enikő,k122,Kármán András,227,225,0.9911894273127754
43,TISZA,002G,Tompa Enikő,m076,Magyar Péter,189,189,1.0
43,TISZA,002G,Tompa Enikő,t067,Tarr Zoltán,227,224,0.986784140969163
43,TISZA,002H,Dr. Gurzó Mária,002I,Dr. Lőrincz Viktória,243,241,0.9917695473251029
43,TISZA,002H,Dr. Gurzó Mária,002J,Dr. Barna-Szabó Tímea,246,246,1.0
43,TISZA,002H,Dr. Gurzó Mária,002K,Dr. Sárosi József,255,255,1.0
43,TISZA,002H,Dr. Gurzó Mária,002L,Csatári Ernő,250,249,0.996
43,TISZA,002H,Dr. Gurzó Mária,002M,Bakos Csaba Attila,253,253,1.0
43,TISZA,002H,Dr. Gurzó Mária,002N,Strompová Viktória,253,253,1.0
43,TISZA,002H,Dr. Gurzó Mária,002O,Borics Mihály,248,248,1.0
43,TISZA,002H,Dr. Gurzó Mária,002P,Csőszi Attila,253,251,0.9920948616600791
43,TISZA,002H,Dr. Gurzó Mária,002Q,Veres Ádám,237,237,1.0
43,TISZA,002H,Dr. Gurzó Mária,002R,Szabó Tibor,252,252,1.0
43,TISZA,002H,Dr. Gurzó Mária,002S,Hende Máté,249,249,1.0
43,TISZA,002H,Dr. Gurzó Mária,002T,Balajti István,253,253,1.0
43,TISZA,002H,Dr. Gurzó Mária,002U,Muhari Gergely,246,246,1.0
43,TISZA,002H,Dr. Gurzó Mária,002V,Weigand István,247,247,1.0
43,TISZA,002H,Dr. Gurzó Mária,002W,Dr. Virágh Gabriella Mária,255,255,1.0
43,TISZA,002H,Dr. Gurzó Mária,002X,Trentin Balázs,218,217,0.9954128440366973
43,TISZA,002H,Dr. Gurzó Mária,002Y,Szimon Renáta,234,234,1.0
43,TISZA,002H,Dr. Gurzó Mária,002Z,Dr. Bilisics Zita,249,249,1.0
43,TISZA,002H,Dr. Gurzó Mária,0030,Dr. Porpáczy Krisztina,250,250,1.0
43,TISZA,002H,Dr. Gurzó Mária,0031,Bicskei László,254,254,1.0
43,TISZA,002H,Dr. Gurzó Mária,0032,Dr. Árvay Nikolett,244,243,0.9959016393442623
43,TISZA,002H,Dr. Gurzó Mária,0033,Varga Balázs,249,249,1.0
43,TISZA,002H,Dr. Gurzó Mária,0034,Csontos Bence,252,250,0.9920634920634921
43,TISZA,002H,Dr. Gurzó Mária,0035,Dr. Simon Zsuzsánna,245,245,1.0
43,TISZA,002H,Dr. Gurzó Mária,0036,Ráki Zsolt,255,255,1.0
43,TISZA,002H,Dr. Gurzó Mária,0037,Dr. Bóka Zsolt,249,248,0.9959839357429718
43,TISZA,002H,Dr. Gurzó Mária,0038,Kovács Petra Judit,249,248,0.9959839357429718
43,TISZA,002H,Dr. Gurzó Mária,0039,Dr. Bugya László,255,255,1.0
43,TISZA,002H,Dr. Gurzó Mária,003A,Lovkó Csaba,252,252,1.0
43,TISZA,002H,Dr. Gurzó Mária,003B,Tóth Norbert,243,243,1.0
43,TISZA,002H,Dr. Gurzó Mária,003C,Dr. Balatincz Péter,180,180,1.0
43,TISZA,002H,Dr. Gurzó Mária,003D,Járosi Péter,255,255,1.0
43,TISZA,002H,Dr. Gurzó Mária,003E,Gombár Dávid,251,251,1.0
43,TISZA,002H,Dr. Gurzó Mária,003F,Szakács Péter Lajos,255,255,1.0
43,TISZA,002H,Dr. Gurzó Mária,003G,Dr. Dicső Viktória,248,248,1.0
43,TISZA,002H,Dr. Gurzó Mária,003H,Czakó Czirbus Pál,250,250,1.0
43,TISZA,002H,Dr. Gurzó Mária,003I,Dr. Németh Csilla,247,246,0.9959514170040485
43,TISZA,002H,Dr. Gurzó Mária,003J,Dr. Kovács Gyula,254,254,1.0
43,TISZA,002H,Dr. Gurzó Mária,003K,Horváth Nándor Zsolt,254,254,1.0
43,TISZA,002H,Dr. Gurzó Mária,003L,Kapronczai Balázs,250,250,1.0
43,TISZA,002H,Dr. Gurzó Mária,003M,Dr. Juhász Áron,251,251,1.0
43,TISZA,002H,Dr. Gurzó Mária,003N,Kiss János,237,237,1.0
43,TISZA,002H,Dr. Gurzó Mária,003O,Gyömbér Dávid,252,252,1.0
43,TISZA,002H,Dr. Gurzó Mária,003P,Havasi Balázs,242,242,1.0
43,TISZA,002H,Dr. Gurzó Mária,003Q,Dr. Kovács Áron,253,253,1.0
43,TISZA,002H,Dr. Gurzó Mária,003R,Csiszár Béla,254,254,1.0
43,TISZA,002H,Dr. Gurzó Mária,003S,Dr. Szijjártó Gábor,252,252,1.0
43,TISZA,002H,Dr. Gurzó Mária,003T,Rápli Róbert,247,246,0.9959514170040485
43,TISZA,002H,Dr. Gurzó Mária,003U,Ujvári Szilvia,255,254,0.996078431372549
43,TISZA,002H,Dr. Gurzó Mária,003V,Dr. Farkas Csongor,255,255,1.0
43,TISZA,002H,Dr. Gurzó Mária,003W,Csák László,251,251,1.0
43,TISZA,002H,Dr. Gurzó Mária,003X,Néher András,252,252,1.0
43,TISZA,002H,Dr. Gurzó Mária,003Y,Bárkányi Bence,255,255,1.0
43,TISZA,002H,Dr. Gurzó Mária,003Z,Ferenczi Gábor,253,253,1.0
43,TISZA,002H,Dr. Gurzó Mária,0040,Dr. Nagy Márta,253,253,1.0
43,TISZA,002H,Dr. Gurzó Mária,0041,Dr. Gáspár Levente,253,253,1.0
43,TISZA,002H,Dr. Gurzó Mária,0042,Dr. Hallerné Dr. Nagy Anikó,239,238,0.99581589958159
43,TISZA,002H,Dr. Gurzó Mária,0043,Dr. Bihari Zoltán,250,245,0.98
43,TISZA,002H,Dr. Gurzó Mária,0044,Lontay László,246,246,1.0
43,TISZA,002H,Dr. Gurzó Mária,0045,Cseh Tamás,250,248,0.992
43,TISZA,002H,Dr. Gurzó Mária,0046,Benke József,254,254,1.0
43,TISZA,002H,Dr. Gurzó Mária,0047,Hatala-Orosz Csaba,253,252,0.9960474308300395
43,TISZA,002H,Dr. Gurzó Mária,0048,Rózsahegyi Áron,238,238,1.0
43,TISZA,002H,Dr. Gurzó Mária,0049,Dr. Czipa András,194,194,1.0
43,TISZA,002H,Dr. Gurzó Mária,004A,Juhász Roland Csongor,255,255,1.0
43,TISZA,002H,Dr. Gurzó Mária,004B,Karsai-Juhász Katalin,245,245,1.0
43,TISZA,002H,Dr. Gurzó Mária,004C,Judák Zsolt,254,252,0.9921259842519685
43,TISZA,002H,Dr. Gurzó Mária,004D,Polgár György,255,255,1.0
43,TISZA,002H,Dr. Gurzó Mária,004E,Tárkányi Zsolt,243,242,0.9958847736625515
43,TISZA,002H,Dr. Gurzó Mária,004F,Dr. Stumpf Péter,255,254,0.996078431372549
43,TISZA,002H,Dr. Gurzó Mária,004G,Gajda Attila,253,251,0.9920948616600791
43,TISZA,002H,Dr. Gurzó Mária,004H,Molnár János,254,254,1.0
43,TISZA,002H,Dr. Gurzó Mária,k122,Kármán András,226,225,0.995575221238938
43,TISZA,002H,Dr. Gurzó Mária,m076,Magyar Péter,188,188,1.0
43,TISZA,002H,Dr. Gurzó Mária,t067,Tarr Zoltán,228,225,0.9868421052631579
43,TISZA,002I,Dr. Lőrincz Viktória,002J,Dr. Barna-Szabó Tímea,235,233,0.9914893617021276
43,TISZA,002I,Dr. Lőrincz Viktória,002K,Dr. Sárosi József,244,242,0.9918032786885246
43,TISZA,002I,Dr. Lőrincz Viktória,002L,Csatári Ernő,240,237,0.9875
43,TISZA,002I,Dr. Lőrincz Viktória,002M,Bakos Csaba Attila,242,240,0.9917355371900827
43,TISZA,002I,Dr. Lőrincz Viktória,002N,Strompová Viktória,244,242,0.9918032786885246
43,TISZA,002I,Dr. Lőrincz Viktória,002O,Borics Mihály,239,237,0.9916317991631799
43,TISZA,002I,Dr. Lőrincz Viktória,002P,Csőszi Attila,242,239,0.987603305785124
43,TISZA,002I,Dr. Lőrincz Viktória,002Q,Veres Ádám,226,224,0.9911504424778761
43,TISZA,002I,Dr. Lőrincz Viktória,002R,Szabó Tibor,243,241,0.9917695473251029
43,TISZA,002I,Dr. Lőrincz Viktória,002S,Hende Máté,239,237,0.9916317991631799
43,TISZA,002I,Dr. Lőrincz Viktória,002T,Balajti István,243,241,0.9917695473251029
43,TISZA,002I,Dr. Lőrincz Viktória,002U,Muhari Gergely,236,234,0.9915254237288136
43,TISZA,002I,Dr. Lőrincz Viktória,002V,Weigand István,236,234,0.9915254237288136
43,TISZA,002I,Dr. Lőrincz Viktória,002W,Dr. Virágh Gabriella Mária,244,242,0.9918032786885246
43,TISZA,002I,Dr. Lőrincz Viktória,002X,Trentin Balázs,210,207,0.9857142857142858
43,TISZA,002I,Dr. Lőrincz Viktória,002Y,Szimon Renáta,224,222,0.9910714285714286
43,TISZA,002I,Dr. Lőrincz Viktória,002Z,Dr. Bilisics Zita,239,237,0.9916317991631799
43,TISZA,002I,Dr. Lőrincz Viktória,0030,Dr. Porpáczy Krisztina,243,242,0.9958847736625515
43,TISZA,002I,Dr. Lőrincz Viktória,0031,Bicskei László,243,241,0.9917695473251029
43,TISZA,002I,Dr. Lőrincz Viktória,0032,Dr. Árvay Nikolett,234,231,0.9871794871794872
43,TISZA,002I,Dr. Lőrincz Viktória,0033,Varga Balázs,238,236,0.9915966386554622
43,TISZA,002I,Dr. Lőrincz Viktória,0034,Csontos Bence,242,241,0.9958677685950413
43,TISZA,002I,Dr. Lőrincz Viktória,0035,Dr. Simon Zsuzsánna,241,239,0.991701244813278
43,TISZA,002I,Dr. Lőrincz Viktória,0036,Ráki Zsolt,244,242,0.9918032786885246
43,TISZA,002I,Dr. Lőrincz Viktória,0037,Dr. Bóka Zsolt,239,236,0.9874476987447699
43,TISZA,002I,Dr. Lőrincz Viktória,0038,Kovács Petra Judit,239,238,0.99581589958159
43,TISZA,002I,Dr. Lőrincz Viktória,0039,Dr. Bugya László,244,242,0.9918032786885246
43,TISZA,002I,Dr. Lőrincz Viktória,003A,Lovkó Csaba,242,240,0.9917355371900827
43,TISZA,002I,Dr. Lőrincz Viktória,003B,Tóth Norbert,233,231,0.9914163090128756
43,TISZA,002I,Dr. Lőrincz Viktória,003C,Dr. Balatincz Péter,173,171,0.9884393063583815
43,TISZA,002I,Dr. Lőrincz Viktória,003D,Járosi Péter,244,242,0.9918032786885246
43,TISZA,002I,Dr. Lőrincz Viktória,003E,Gombár Dávid,241,239,0.991701244813278
43,TISZA,002I,Dr. Lőrincz Viktória,003F,Szakács Péter Lajos,244,242,0.9918032786885246
43,TISZA,002I,Dr. Lőrincz Viktória,003G,Dr. Dicső Viktória,239,237,0.9916317991631799
43,TISZA,002I,Dr. Lőrincz Viktória,003H,Czakó Czirbus Pál,240,238,0.9916666666666667
43,TISZA,002I,Dr. Lőrincz Viktória,003I,Dr. Németh Csilla,239,236,0.9874476987447699
43,TISZA,002I,Dr. Lőrincz Viktória,003J,Dr. Kovács Gyula,243,241,0.9917695473251029
43,TISZA,002I,Dr. Lőrincz Viktória,003K,Horváth Nándor Zsolt,243,241,0.9917695473251029
43,TISZA,002I,Dr. Lőrincz Viktória,003L,Kapronczai Balázs,240,238,0.9916666666666667
43,TISZA,002I,Dr. Lőrincz Viktória,003M,Dr. Juhász Áron,240,238,0.9916666666666667
43,TISZA,002I,Dr. Lőrincz Viktória,003N,Kiss János,229,227,0.9912663755458515
43,TISZA,002I,Dr. Lőrincz Viktória,003O,Gyömbér Dávid,243,241,0.9917695473251029
43,TISZA,002I,Dr. Lőrincz Viktória,003P,Havasi Balázs,235,233,0.9914893617021276
43,TISZA,002I,Dr. Lőrincz Viktória,003Q,Dr. Kovács Áron,243,241,0.9917695473251029
43,TISZA,002I,Dr. Lőrincz Viktória,003R,Csiszár Béla,244,242,0.9918032786885246
43,TISZA,002I,Dr. Lőrincz Viktória,003S,Dr. Szijjártó Gábor,241,239,0.991701244813278
43,TISZA,002I,Dr. Lőrincz Viktória,003T,Rápli Róbert,235,233,0.9914893617021276
43,TISZA,002I,Dr. Lőrincz Viktória,003U,Ujvári Szilvia,244,241,0.9877049180327869
43,TISZA,002I,Dr. Lőrincz Viktória,003V,Dr. Farkas Csongor,244,242,0.9918032786885246
43,TISZA,002I,Dr. Lőrincz Viktória,003W,Csák László,240,238,0.9916666666666667
43,TISZA,002I,Dr. Lőrincz Viktória,003X,Néher András,241,239,0.991701244813278
43,TISZA,002I,Dr. Lőrincz Viktória,003Y,Bárkányi Bence,244,242,0.9918032786885246
43,TISZA,002I,Dr. Lőrincz Viktória,003Z,Ferenczi Gábor,244,242,0.9918032786885246
43,TISZA,002I,Dr. Lőrincz Viktória,0040,Dr. Nagy Márta,242,240,0.9917355371900827
43,TISZA,002I,Dr. Lőrincz Viktória,0041,Dr. Gáspár Levente,242,240,0.9917355371900827
43,TISZA,002I,Dr. Lőrincz Viktória,0042,Dr. Hallerné Dr. Nagy Anikó,229,226,0.9868995633187773
43,TISZA,002I,Dr. Lőrincz Viktória,0043,Dr. Bihari Zoltán,239,233,0.9748953974895398
43,TISZA,002I,Dr. Lőrincz Viktória,0044,Lontay László,235,233,0.9914893617021276
43,TISZA,002I,Dr. Lőrincz Viktória,0045,Cseh Tamás,239,236,0.9874476987447699
43,TISZA,002I,Dr. Lőrincz Viktória,0046,Benke József,244,242,0.9918032786885246
43,TISZA,002I,Dr. Lőrincz Viktória,0047,Hatala-Orosz Csaba,244,242,0.9918032786885246
43,TISZA,002I,Dr. Lőrincz Viktória,0048,Rózsahegyi Áron,226,225,0.995575221238938
43,TISZA,002I,Dr. Lőrincz Viktória,0049,Dr. Czipa András,185,183,0.9891891891891892
43,TISZA,002I,Dr. Lőrincz Viktória,004A,Juhász Roland Csongor,244,242,0.9918032786885246
43,TISZA,002I,Dr. Lőrincz Viktória,004B,Karsai-Juhász Katalin,235,233,0.9914893617021276
43,TISZA,002I,Dr. Lőrincz Viktória,004C,Judák Zsolt,243,239,0.9835390946502057
43,TISZA,002I,Dr. Lőrincz Viktória,004D,Polgár György,244,242,0.9918032786885246
43,TISZA,002I,Dr. Lőrincz Viktória,004E,Tárkányi Zsolt,236,233,0.9872881355932204
43,TISZA,002I,Dr. Lőrincz Viktória,004F,Dr. Stumpf Péter,244,242,0.9918032786885246
43,TISZA,002I,Dr. Lőrincz Viktória,004G,Gajda Attila,243,242,0.9958847736625515
43,TISZA,002I,Dr. Lőrincz Viktória,004H,Molnár János,243,241,0.9917695473251029
43,TISZA,002I,Dr. Lőrincz Viktória,k122,Kármán András,215,212,0.986046511627907
43,TISZA,002I,Dr. Lőrincz Viktória,m076,Magyar Péter,189,189,1.0
43,TISZA,002I,Dr. Lőrincz Viktória,t067,Tarr Zoltán,225,224,0.9955555555555555
43,TISZA,002J,Dr. Barna-Szabó Tímea,002K,Dr. Sárosi József,247,247,1.0
43,TISZA,002J,Dr. Barna-Szabó Tímea,002L,Csatári Ernő,244,243,0.9959016393442623
43,TISZA,002J,Dr. Barna-Szabó Tímea,002M,Bakos Csaba Attila,245,245,1.0
43,TISZA,002J,Dr. Barna-Szabó Tímea,002N,Strompová Viktória,245,245,1.0
43,TISZA,002J,Dr. Barna-Szabó Tímea,002O,Borics Mihály,241,241,1.0
43,TISZA,002J,Dr. Barna-Szabó Tímea,002P,Csőszi Attila,245,243,0.9918367346938776
43,TISZA,002J,Dr. Barna-Szabó Tímea,002Q,Veres Ádám,230,230,1.0
43,TISZA,002J,Dr. Barna-Szabó Tímea,002R,Szabó Tibor,245,245,1.0
43,TISZA,002J,Dr. Barna-Szabó Tímea,002S,Hende Máté,242,242,1.0
43,TISZA,002J,Dr. Barna-Szabó Tímea,002T,Balajti István,245,245,1.0
43,TISZA,002J,Dr. Barna-Szabó Tímea,002U,Muhari Gergely,239,239,1.0
43,TISZA,002J,Dr. Barna-Szabó Tímea,002V,Weigand István,240,240,1.0
43,TISZA,002J,Dr. Barna-Szabó Tímea,002W,Dr. Virágh Gabriella Mária,247,247,1.0
43,TISZA,002J,Dr. Barna-Szabó Tímea,002X,Trentin Balázs,212,211,0.9952830188679245
43,TISZA,002J,Dr. Barna-Szabó Tímea,002Y,Szimon Renáta,226,226,1.0
43,TISZA,002J,Dr. Barna-Szabó Tímea,002Z,Dr. Bilisics Zita,241,241,1.0
43,TISZA,002J,Dr. Barna-Szabó Tímea,0030,Dr. Porpáczy Krisztina,242,242,1.0
43,TISZA,002J,Dr. Barna-Szabó Tímea,0031,Bicskei László,247,247,1.0
43,TISZA,002J,Dr. Barna-Szabó Tímea,0032,Dr. Árvay Nikolett,235,234,0.9957446808510638
43,TISZA,002J,Dr. Barna-Szabó Tímea,0033,Varga Balázs,243,243,1.0
43,TISZA,002J,Dr. Barna-Szabó Tímea,0034,Csontos Bence,244,242,0.9918032786885246
43,TISZA,002J,Dr. Barna-Szabó Tímea,0035,Dr. Simon Zsuzsánna,237,237,1.0
43,TISZA,002J,Dr. Barna-Szabó Tímea,0036,Ráki Zsolt,247,247,1.0
43,TISZA,002J,Dr. Barna-Szabó Tímea,0037,Dr. Bóka Zsolt,243,242,0.9958847736625515
43,TISZA,002J,Dr. Barna-Szabó Tímea,0038,Kovács Petra Judit,241,240,0.995850622406639
43,TISZA,002J,Dr. Barna-Szabó Tímea,0039,Dr. Bugya László,247,247,1.0
43,TISZA,002J,Dr. Barna-Szabó Tímea,003A,Lovkó Csaba,244,244,1.0
43,TISZA,002J,Dr. Barna-Szabó Tímea,003B,Tóth Norbert,237,237,1.0
43,TISZA,002J,Dr. Barna-Szabó Tímea,003C,Dr. Balatincz Péter,174,174,1.0
43,TISZA,002J,Dr. Barna-Szabó Tímea,003D,Járosi Péter,247,247,1.0
43,TISZA,002J,Dr. Barna-Szabó Tímea,003E,Gombár Dávid,244,244,1.0
43,TISZA,002J,Dr. Barna-Szabó Tímea,003F,Szakács Péter Lajos,247,247,1.0
43,TISZA,002J,Dr. Barna-Szabó Tímea,003G,Dr. Dicső Viktória,240,240,1.0
43,TISZA,002J,Dr. Barna-Szabó Tímea,003H,Czakó Czirbus Pál,242,242,1.0
43,TISZA,002J,Dr. Barna-Szabó Tímea,003I,Dr. Németh Csilla,239,238,0.99581589958159
43,TISZA,002J,Dr. Barna-Szabó Tímea,003J,Dr. Kovács Gyula,247,247,1.0
43,TISZA,002J,Dr. Barna-Szabó Tímea,003K,Horváth Nándor Zsolt,246,246,1.0
43,TISZA,002J,Dr. Barna-Szabó Tímea,003L,Kapronczai Balázs,242,242,1.0
43,TISZA,002J,Dr. Barna-Szabó Tímea,003M,Dr. Juhász Áron,243,243,1.0
43,TISZA,002J,Dr. Barna-Szabó Tímea,003N,Kiss János,229,229,1.0
43,TISZA,002J,Dr. Barna-Szabó Tímea,003O,Gyömbér Dávid,244,244,1.0
43,TISZA,002J,Dr. Barna-Szabó Tímea,003P,Havasi Balázs,236,236,1.0
43,TISZA,002J,Dr. Barna-Szabó Tímea,003Q,Dr. Kovács Áron,245,245,1.0
43,TISZA,002J,Dr. Barna-Szabó Tímea,003R,Csiszár Béla,246,246,1.0
43,TISZA,002J,Dr. Barna-Szabó Tímea,003S,Dr. Szijjártó Gábor,244,244,1.0
43,TISZA,002J,Dr. Barna-Szabó Tímea,003T,Rápli Róbert,239,238,0.99581589958159
43,TISZA,002J,Dr. Barna-Szabó Tímea,003U,Ujvári Szilvia,247,246,0.9959514170040485
43,TISZA,002J,Dr. Barna-Szabó Tímea,003V,Dr. Farkas Csongor,247,247,1.0
43,TISZA,002J,Dr. Barna-Szabó Tímea,003W,Csák László,243,243,1.0
43,TISZA,002J,Dr. Barna-Szabó Tímea,003X,Néher András,244,244,1.0
43,TISZA,002J,Dr. Barna-Szabó Tímea,003Y,Bárkányi Bence,247,247,1.0
43,TISZA,002J,Dr. Barna-Szabó Tímea,003Z,Ferenczi Gábor,245,245,1.0
43,TISZA,002J,Dr. Barna-Szabó Tímea,0040,Dr. Nagy Márta,245,245,1.0
43,TISZA,002J,Dr. Barna-Szabó Tímea,0041,Dr. Gáspár Levente,245,245,1.0
43,TISZA,002J,Dr. Barna-Szabó Tímea,0042,Dr. Hallerné Dr. Nagy Anikó,233,232,0.9957081545064378
43,TISZA,002J,Dr. Barna-Szabó Tímea,0043,Dr. Bihari Zoltán,243,238,0.9794238683127572
43,TISZA,002J,Dr. Barna-Szabó Tímea,0044,Lontay László,240,240,1.0
43,TISZA,002J,Dr. Barna-Szabó Tímea,0045,Cseh Tamás,242,241,0.9958677685950413
43,TISZA,002J,Dr. Barna-Szabó Tímea,0046,Benke József,246,246,1.0
43,TISZA,002J,Dr. Barna-Szabó Tímea,0047,Hatala-Orosz Csaba,245,244,0.9959183673469387
43,TISZA,002J,Dr. Barna-Szabó Tímea,0048,Rózsahegyi Áron,229,229,1.0
43,TISZA,002J,Dr. Barna-Szabó Tímea,0049,Dr. Czipa András,192,192,1.0
43,TISZA,002J,Dr. Barna-Szabó Tímea,004A,Juhász Roland Csongor,247,247,1.0
43,TISZA,002J,Dr. Barna-Szabó Tímea,004B,Karsai-Juhász Katalin,237,237,1.0
43,TISZA,002J,Dr. Barna-Szabó Tímea,004C,Judák Zsolt,246,244,0.991869918699187
43,TISZA,002J,Dr. Barna-Szabó Tímea,004D,Polgár György,247,247,1.0
43,TISZA,002J,Dr. Barna-Szabó Tímea,004E,Tárkányi Zsolt,237,236,0.9957805907172996
43,TISZA,002J,Dr. Barna-Szabó Tímea,004F,Dr. Stumpf Péter,247,246,0.9959514170040485
43,TISZA,002J,Dr. Barna-Szabó Tímea,004G,Gajda Attila,245,243,0.9918367346938776
43,TISZA,002J,Dr. Barna-Szabó Tímea,004H,Molnár János,246,246,1.0
43,TISZA,002J,Dr. Barna-Szabó Tímea,k122,Kármán András,224,223,0.9955357142857143
43,TISZA,002J,Dr. Barna-Szabó Tímea,m076,Magyar Péter,185,185,1.0
43,TISZA,002J,Dr. Barna-Szabó Tímea,t067,Tarr Zoltán,224,221,0.9866071428571429
43,TISZA,002K,Dr. Sárosi József,002L,Csatári Ernő,251,250,0.9960159362549801
43,TISZA,002K,Dr. Sárosi József,002M,Bakos Csaba Attila,254,254,1.0
43,TISZA,002K,Dr. Sárosi József,002N,Strompová Viktória,254,254,1.0
43,TISZA,002K,Dr. Sárosi József,002O,Borics Mihály,249,249,1.0
43,TISZA,002K,Dr. Sárosi József,002P,Csőszi Attila,254,252,0.9921259842519685
43,TISZA,002K,Dr. Sárosi József,002Q,Veres Ádám,238,238,1.0
43,TISZA,002K,Dr. Sárosi József,002R,Szabó Tibor,253,253,1.0
43,TISZA,002K,Dr. Sárosi József,002S,Hende Máté,250,250,1.0
43,TISZA,002K,Dr. Sárosi József,002T,Balajti István,254,254,1.0
43,TISZA,002K,Dr. Sárosi József,002U,Muhari Gergely,247,247,1.0
43,TISZA,002K,Dr. Sárosi József,002V,Weigand István,248,248,1.0
43,TISZA,002K,Dr. Sárosi József,002W,Dr. Virágh Gabriella Mária,256,256,1.0
43,TISZA,002K,Dr. Sárosi József,002X,Trentin Balázs,219,218,0.9954337899543378
43,TISZA,002K,Dr. Sárosi József,002Y,Szimon Renáta,235,235,1.0
43,TISZA,002K,Dr. Sárosi József,002Z,Dr. Bilisics Zita,250,250,1.0
43,TISZA,002K,Dr. Sárosi József,0030,Dr. Porpáczy Krisztina,251,251,1.0
43,TISZA,002K,Dr. Sárosi József,0031,Bicskei László,255,255,1.0
43,TISZA,002K,Dr. Sárosi József,0032,Dr. Árvay Nikolett,244,243,0.9959016393442623
43,TISZA,002K,Dr. Sárosi József,0033,Varga Balázs,250,250,1.0
43,TISZA,002K,Dr. Sárosi József,0034,Csontos Bence,253,251,0.9920948616600791
43,TISZA,002K,Dr. Sárosi József,0035,Dr. Simon Zsuzsánna,246,246,1.0
43,TISZA,002K,Dr. Sárosi József,0036,Ráki Zsolt,256,256,1.0
43,TISZA,002K,Dr. Sárosi József,0037,Dr. Bóka Zsolt,250,249,0.996
43,TISZA,002K,Dr. Sárosi József,0038,Kovács Petra Judit,250,249,0.996
43,TISZA,002K,Dr. Sárosi József,0039,Dr. Bugya László,256,256,1.0
43,TISZA,002K,Dr. Sárosi József,003A,Lovkó Csaba,253,253,1.0
43,TISZA,002K,Dr. Sárosi József,003B,Tóth Norbert,244,244,1.0
43,TISZA,002K,Dr. Sárosi József,003C,Dr. Balatincz Péter,181,181,1.0
43,TISZA,002K,Dr. Sárosi József,003D,Járosi Péter,256,256,1.0
43,TISZA,002K,Dr. Sárosi József,003E,Gombár Dávid,252,252,1.0
43,TISZA,002K,Dr. Sárosi József,003F,Szakács Péter Lajos,256,256,1.0
43,TISZA,002K,Dr. Sárosi József,003G,Dr. Dicső Viktória,249,249,1.0
43,TISZA,002K,Dr. Sárosi József,003H,Czakó Czirbus Pál,251,251,1.0
43,TISZA,002K,Dr. Sárosi József,003I,Dr. Németh Csilla,248,247,0.9959677419354839
43,TISZA,002K,Dr. Sárosi József,003J,Dr. Kovács Gyula,255,255,1.0
43,TISZA,002K,Dr. Sárosi József,003K,Horváth Nándor Zsolt,255,255,1.0
43,TISZA,002K,Dr. Sárosi József,003L,Kapronczai Balázs,251,251,1.0
43,TISZA,002K,Dr. Sárosi József,003M,Dr. Juhász Áron,252,252,1.0
43,TISZA,002K,Dr. Sárosi József,003N,Kiss János,237,237,1.0
43,TISZA,002K,Dr. Sárosi József,003O,Gyömbér Dávid,253,253,1.0
43,TISZA,002K,Dr. Sárosi József,003P,Havasi Balázs,243,243,1.0
43,TISZA,002K,Dr. Sárosi József,003Q,Dr. Kovács Áron,254,254,1.0
43,TISZA,002K,Dr. Sárosi József,003R,Csiszár Béla,255,255,1.0
43,TISZA,002K,Dr. Sárosi József,003S,Dr. Szijjártó Gábor,253,253,1.0
43,TISZA,002K,Dr. Sárosi József,003T,Rápli Róbert,247,246,0.9959514170040485
43,TISZA,002K,Dr. Sárosi József,003U,Ujvári Szilvia,256,255,0.99609375
43,TISZA,002K,Dr. Sárosi József,003V,Dr. Farkas Csongor,256,256,1.0
43,TISZA,002K,Dr. Sárosi József,003W,Csák László,252,252,1.0
43,TISZA,002K,Dr. Sárosi József,003X,Néher András,253,253,1.0
43,TISZA,002K,Dr. Sárosi József,003Y,Bárkányi Bence,256,256,1.0
43,TISZA,002K,Dr. Sárosi József,003Z,Ferenczi Gábor,254,254,1.0
43,TISZA,002K,Dr. Sárosi József,0040,Dr. Nagy Márta,254,254,1.0
43,TISZA,002K,Dr. Sárosi József,0041,Dr. Gáspár Levente,254,254,1.0
43,TISZA,002K,Dr. Sárosi József,0042,Dr. Hallerné Dr. Nagy Anikó,240,239,0.9958333333333333
43,TISZA,002K,Dr. Sárosi József,0043,Dr. Bihari Zoltán,251,246,0.9800796812749004
43,TISZA,002K,Dr. Sárosi József,0044,Lontay László,247,247,1.0
43,TISZA,002K,Dr. Sárosi József,0045,Cseh Tamás,251,249,0.9920318725099602
43,TISZA,002K,Dr. Sárosi József,0046,Benke József,255,255,1.0
43,TISZA,002K,Dr. Sárosi József,0047,Hatala-Orosz Csaba,254,253,0.9960629921259843
43,TISZA,002K,Dr. Sárosi József,0048,Rózsahegyi Áron,238,238,1.0
43,TISZA,002K,Dr. Sárosi József,0049,Dr. Czipa András,195,195,1.0
43,TISZA,002K,Dr. Sárosi József,004A,Juhász Roland Csongor,256,256,1.0
43,TISZA,002K,Dr. Sárosi József,004B,Karsai-Juhász Katalin,246,246,1.0
43,TISZA,002K,Dr. Sárosi József,004C,Judák Zsolt,255,253,0.9921568627450981
43,TISZA,002K,Dr. Sárosi József,004D,Polgár György,256,256,1.0
43,TISZA,002K,Dr. Sárosi József,004E,Tárkányi Zsolt,244,243,0.9959016393442623
43,TISZA,002K,Dr. Sárosi József,004F,Dr. Stumpf Péter,256,255,0.99609375
43,TISZA,002K,Dr. Sárosi József,004G,Gajda Attila,254,252,0.9921259842519685
43,TISZA,002K,Dr. Sárosi József,004H,Molnár János,255,255,1.0
43,TISZA,002K,Dr. Sárosi József,k122,Kármán András,227,226,0.9955947136563876
43,TISZA,002K,Dr. Sárosi József,m076,Magyar Péter,189,189,1.0
43,TISZA,002K,Dr. Sárosi József,t067,Tarr Zoltán,229,226,0.9868995633187773
43,TISZA,002L,Csatári Ernő,002M,Bakos Csaba Attila,249,248,0.9959839357429718
43,TISZA,002L,Csatári Ernő,002N,Strompová Viktória,249,248,0.9959839357429718
43,TISZA,002L,Csatári Ernő,002O,Borics Mihály,246,245,0.9959349593495935
43,TISZA,002L,Csatári Ernő,002P,Csőszi Attila,249,246,0.9879518072289156
43,TISZA,002L,Csatári Ernő,002Q,Veres Ádám,233,232,0.9957081545064378
43,TISZA,002L,Csatári Ernő,002R,Szabó Tibor,249,248,0.9959839357429718
43,TISZA,002L,Csatári Ernő,002S,Hende Máté,245,244,0.9959183673469387
43,TISZA,002L,Csatári Ernő,002T,Balajti István,251,250,0.9960159362549801
43,TISZA,002L,Csatári Ernő,002U,Muhari Gergely,243,242,0.9958847736625515
43,TISZA,002L,Csatári Ernő,002V,Weigand István,243,242,0.9958847736625515
43,TISZA,002L,Csatári Ernő,002W,Dr. Virágh Gabriella Mária,251,250,0.9960159362549801
43,TISZA,002L,Csatári Ernő,002X,Trentin Balázs,217,215,0.9907834101382489
43,TISZA,002L,Csatári Ernő,002Y,Szimon Renáta,231,230,0.9956709956709957
43,TISZA,002L,Csatári Ernő,002Z,Dr. Bilisics Zita,245,244,0.9959183673469387
43,TISZA,002L,Csatári Ernő,0030,Dr. Porpáczy Krisztina,246,245,0.9959349593495935
43,TISZA,002L,Csatári Ernő,0031,Bicskei László,251,250,0.9960159362549801
43,TISZA,002L,Csatári Ernő,0032,Dr. Árvay Nikolett,239,237,0.9916317991631799
43,TISZA,002L,Csatári Ernő,0033,Varga Balázs,247,246,0.9959514170040485
43,TISZA,002L,Csatári Ernő,0034,Csontos Bence,248,245,0.9879032258064516
43,TISZA,002L,Csatári Ernő,0035,Dr. Simon Zsuzsánna,242,241,0.9958677685950413
43,TISZA,002L,Csatári Ernő,0036,Ráki Zsolt,251,250,0.9960159362549801
43,TISZA,002L,Csatári Ernő,0037,Dr. Bóka Zsolt,246,245,0.9959349593495935
43,TISZA,002L,Csatári Ernő,0038,Kovács Petra Judit,246,245,0.9959349593495935
43,TISZA,002L,Csatári Ernő,0039,Dr. Bugya László,251,250,0.9960159362549801
43,TISZA,002L,Csatári Ernő,003A,Lovkó Csaba,249,248,0.9959839357429718
43,TISZA,002L,Csatári Ernő,003B,Tóth Norbert,242,241,0.9958677685950413
43,TISZA,002L,Csatári Ernő,003C,Dr. Balatincz Péter,177,176,0.9943502824858758
43,TISZA,002L,Csatári Ernő,003D,Járosi Péter,251,250,0.9960159362549801
43,TISZA,002L,Csatári Ernő,003E,Gombár Dávid,248,247,0.9959677419354839
43,TISZA,002L,Csatári Ernő,003F,Szakács Péter Lajos,251,250,0.9960159362549801
43,TISZA,002L,Csatári Ernő,003G,Dr. Dicső Viktória,245,245,1.0
43,TISZA,002L,Csatári Ernő,003H,Czakó Czirbus Pál,246,246,1.0
43,TISZA,002L,Csatári Ernő,003I,Dr. Németh Csilla,243,242,0.9958847736625515
43,TISZA,002L,Csatári Ernő,003J,Dr. Kovács Gyula,250,249,0.996
43,TISZA,002L,Csatári Ernő,003K,Horváth Nándor Zsolt,250,249,0.996
43,TISZA,002L,Csatári Ernő,003L,Kapronczai Balázs,247,246,0.9959514170040485
43,TISZA,002L,Csatári Ernő,003M,Dr. Juhász Áron,248,247,0.9959677419354839
43,TISZA,002L,Csatári Ernő,003N,Kiss János,233,232,0.9957081545064378
43,TISZA,002L,Csatári Ernő,003O,Gyömbér Dávid,249,248,0.9959839357429718
43,TISZA,002L,Csatári Ernő,003P,Havasi Balázs,242,241,0.9958677685950413
43,TISZA,002L,Csatári Ernő,003Q,Dr. Kovács Áron,249,248,0.9959839357429718
43,TISZA,002L,Csatári Ernő,003R,Csiszár Béla,250,249,0.996
43,TISZA,002L,Csatári Ernő,003S,Dr. Szijjártó Gábor,248,247,0.9959677419354839
43,TISZA,002L,Csatári Ernő,003T,Rápli Róbert,242,240,0.9917355371900827
43,TISZA,002L,Csatári Ernő,003U,Ujvári Szilvia,251,250,0.9960159362549801
43,TISZA,002L,Csatári Ernő,003V,Dr. Farkas Csongor,251,250,0.9960159362549801
43,TISZA,002L,Csatári Ernő,003W,Csák László,247,247,1.0
43,TISZA,002L,Csatári Ernő,003X,Néher András,248,247,0.9959677419354839
43,TISZA,002L,Csatári Ernő,003Y,Bárkányi Bence,251,250,0.9960159362549801
43,TISZA,002L,Csatári Ernő,003Z,Ferenczi Gábor,250,249,0.996
43,TISZA,002L,Csatári Ernő,0040,Dr. Nagy Márta,249,248,0.9959839357429718
43,TISZA,002L,Csatári Ernő,0041,Dr. Gáspár Levente,249,248,0.9959839357429718
43,TISZA,002L,Csatári Ernő,0042,Dr. Hallerné Dr. Nagy Anikó,236,234,0.9915254237288136
43,TISZA,002L,Csatári Ernő,0043,Dr. Bihari Zoltán,246,240,0.975609756097561
43,TISZA,002L,Csatári Ernő,0044,Lontay László,244,243,0.9959016393442623
43,TISZA,002L,Csatári Ernő,0045,Cseh Tamás,246,244,0.991869918699187
43,TISZA,002L,Csatári Ernő,0046,Benke József,250,249,0.996
43,TISZA,002L,Csatári Ernő,0047,Hatala-Orosz Csaba,249,247,0.9919678714859438
43,TISZA,002L,Csatári Ernő,0048,Rózsahegyi Áron,234,233,0.9957264957264957
43,TISZA,002L,Csatári Ernő,0049,Dr. Czipa András,193,193,1.0
43,TISZA,002L,Csatári Ernő,004A,Juhász Roland Csongor,251,250,0.9960159362549801
43,TISZA,002L,Csatári Ernő,004B,Karsai-Juhász Katalin,243,242,0.9958847736625515
43,TISZA,002L,Csatári Ernő,004C,Judák Zsolt,250,248,0.992
43,TISZA,002L,Csatári Ernő,004D,Polgár György,251,250,0.9960159362549801
43,TISZA,002L,Csatári Ernő,004E,Tárkányi Zsolt,242,240,0.9917355371900827
43,TISZA,002L,Csatári Ernő,004F,Dr. Stumpf Péter,251,249,0.9920318725099602
43,TISZA,002L,Csatári Ernő,004G,Gajda Attila,249,246,0.9879518072289156
43,TISZA,002L,Csatári Ernő,004H,Molnár János,251,250,0.9960159362549801
43,TISZA,002L,Csatári Ernő,k122,Kármán András,226,224,0.9911504424778761
43,TISZA,002L,Csatári Ernő,m076,Magyar Péter,189,188,0.9947089947089947
43,TISZA,002L,Csatári Ernő,t067,Tarr Zoltán,228,224,0.9824561403508771
43,TISZA,002M,Bakos Csaba Attila,002N,Strompová Viktória,252,252,1.0
43,TISZA,002M,Bakos Csaba Attila,002O,Borics Mihály,247,247,1.0
43,TISZA,002M,Bakos Csaba Attila,002P,Csőszi Attila,252,250,0.9920634920634921
43,TISZA,002M,Bakos Csaba Attila,002Q,Veres Ádám,236,236,1.0
43,TISZA,002M,Bakos Csaba Attila,002R,Szabó Tibor,251,251,1.0
43,TISZA,002M,Bakos Csaba Attila,002S,Hende Máté,248,248,1.0
43,TISZA,002M,Bakos Csaba Attila,002T,Balajti István,252,252,1.0
43,TISZA,002M,Bakos Csaba Attila,002U,Muhari Gergely,245,245,1.0
43,TISZA,002M,Bakos Csaba Attila,002V,Weigand István,246,246,1.0
43,TISZA,002M,Bakos Csaba Attila,002W,Dr. Virágh Gabriella Mária,254,254,1.0
43,TISZA,002M,Bakos Csaba Attila,002X,Trentin Balázs,217,216,0.9953917050691244
43,TISZA,002M,Bakos Csaba Attila,002Y,Szimon Renáta,234,234,1.0
43,TISZA,002M,Bakos Csaba Attila,002Z,Dr. Bilisics Zita,248,248,1.0
43,TISZA,002M,Bakos Csaba Attila,0030,Dr. Porpáczy Krisztina,249,249,1.0
43,TISZA,002M,Bakos Csaba Attila,0031,Bicskei László,253,253,1.0
43,TISZA,002M,Bakos Csaba Attila,0032,Dr. Árvay Nikolett,242,241,0.9958677685950413
43,TISZA,002M,Bakos Csaba Attila,0033,Varga Balázs,248,248,1.0
43,TISZA,002M,Bakos Csaba Attila,0034,Csontos Bence,251,249,0.9920318725099602
43,TISZA,002M,Bakos Csaba Attila,0035,Dr. Simon Zsuzsánna,244,244,1.0
43,TISZA,002M,Bakos Csaba Attila,0036,Ráki Zsolt,254,254,1.0
43,TISZA,002M,Bakos Csaba Attila,0037,Dr. Bóka Zsolt,248,247,0.9959677419354839
43,TISZA,002M,Bakos Csaba Attila,0038,Kovács Petra Judit,248,247,0.9959677419354839
43,TISZA,002M,Bakos Csaba Attila,0039,Dr. Bugya László,254,254,1.0
43,TISZA,002M,Bakos Csaba Attila,003A,Lovkó Csaba,251,251,1.0
43,TISZA,002M,Bakos Csaba Attila,003B,Tóth Norbert,242,242,1.0
43,TISZA,002M,Bakos Csaba Attila,003C,Dr. Balatincz Péter,180,180,1.0
43,TISZA,002M,Bakos Csaba Attila,003D,Járosi Péter,254,254,1.0
43,TISZA,002M,Bakos Csaba Attila,003E,Gombár Dávid,250,250,1.0
43,TISZA,002M,Bakos Csaba Attila,003F,Szakács Péter Lajos,254,254,1.0
43,TISZA,002M,Bakos Csaba Attila,003G,Dr. Dicső Viktória,247,247,1.0
43,TISZA,002M,Bakos Csaba Attila,003H,Czakó Czirbus Pál,249,249,1.0
43,TISZA,002M,Bakos Csaba Attila,003I,Dr. Németh Csilla,246,245,0.9959349593495935
43,TISZA,002M,Bakos Csaba Attila,003J,Dr. Kovács Gyula,253,253,1.0
43,TISZA,002M,Bakos Csaba Attila,003K,Horváth Nándor Zsolt,253,253,1.0
43,TISZA,002M,Bakos Csaba Attila,003L,Kapronczai Balázs,249,249,1.0
43,TISZA,002M,Bakos Csaba Attila,003M,Dr. Juhász Áron,250,250,1.0
43,TISZA,002M,Bakos Csaba Attila,003N,Kiss János,235,235,1.0
43,TISZA,002M,Bakos Csaba Attila,003O,Gyömbér Dávid,251,251,1.0
43,TISZA,002M,Bakos Csaba Attila,003P,Havasi Balázs,241,241,1.0
43,TISZA,002M,Bakos Csaba Attila,003Q,Dr. Kovács Áron,252,252,1.0
43,TISZA,002M,Bakos Csaba Attila,003R,Csiszár Béla,253,253,1.0
43,TISZA,002M,Bakos Csaba Attila,003S,Dr. Szijjártó Gábor,251,251,1.0
43,TISZA,002M,Bakos Csaba Attila,003T,Rápli Róbert,246,245,0.9959349593495935
43,TISZA,002M,Bakos Csaba Attila,003U,Ujvári Szilvia,254,253,0.9960629921259843
43,TISZA,002M,Bakos Csaba Attila,003V,Dr. Farkas Csongor,254,254,1.0
43,TISZA,002M,Bakos Csaba Attila,003W,Csák László,250,250,1.0
43,TISZA,002M,Bakos Csaba Attila,003X,Néher András,251,251,1.0
43,TISZA,002M,Bakos Csaba Attila,003Y,Bárkányi Bence,254,254,1.0
43,TISZA,002M,Bakos Csaba Attila,003Z,Ferenczi Gábor,252,252,1.0
43,TISZA,002M,Bakos Csaba Attila,0040,Dr. Nagy Márta,252,252,1.0
43,TISZA,002M,Bakos Csaba Attila,0041,Dr. Gáspár Levente,252,252,1.0
43,TISZA,002M,Bakos Csaba Attila,0042,Dr. Hallerné Dr. Nagy Anikó,238,237,0.9957983193277311
43,TISZA,002M,Bakos Csaba Attila,0043,Dr. Bihari Zoltán,249,245,0.9839357429718876
43,TISZA,002M,Bakos Csaba Attila,0044,Lontay László,245,245,1.0
43,TISZA,002M,Bakos Csaba Attila,0045,Cseh Tamás,249,247,0.9919678714859438
43,TISZA,002M,Bakos Csaba Attila,0046,Benke József,253,253,1.0
43,TISZA,002M,Bakos Csaba Attila,0047,Hatala-Orosz Csaba,252,251,0.996031746031746
43,TISZA,002M,Bakos Csaba Attila,0048,Rózsahegyi Áron,237,237,1.0
43,TISZA,002M,Bakos Csaba Attila,0049,Dr. Czipa András,194,194,1.0
43,TISZA,002M,Bakos Csaba Attila,004A,Juhász Roland Csongor,254,254,1.0
43,TISZA,002M,Bakos Csaba Attila,004B,Karsai-Juhász Katalin,244,244,1.0
43,TISZA,002M,Bakos Csaba Attila,004C,Judák Zsolt,253,251,0.9920948616600791
43,TISZA,002M,Bakos Csaba Attila,004D,Polgár György,254,254,1.0
43,TISZA,002M,Bakos Csaba Attila,004E,Tárkányi Zsolt,243,242,0.9958847736625515
43,TISZA,002M,Bakos Csaba Attila,004F,Dr. Stumpf Péter,254,253,0.9960629921259843
43,TISZA,002M,Bakos Csaba Attila,004G,Gajda Attila,252,250,0.9920634920634921
43,TISZA,002M,Bakos Csaba Attila,004H,Molnár János,253,253,1.0
43,TISZA,002M,Bakos Csaba Attila,k122,Kármán András,226,225,0.995575221238938
43,TISZA,002M,Bakos Csaba Attila,m076,Magyar Péter,188,188,1.0
43,TISZA,002M,Bakos Csaba Attila,t067,Tarr Zoltán,227,224,0.986784140969163
43,TISZA,002N,Strompová Viktória,002O,Borics Mihály,247,247,1.0
43,TISZA,002N,Strompová Viktória,002P,Csőszi Attila,252,251,0.996031746031746
43,TISZA,002N,Strompová Viktória,002Q,Veres Ádám,236,236,1.0
43,TISZA,002N,Strompová Viktória,002R,Szabó Tibor,252,252,1.0
43,TISZA,002N,Strompová Viktória,002S,Hende Máté,248,248,1.0
43,TISZA,002N,Strompová Viktória,002T,Balajti István,252,252,1.0
43,TISZA,002N,Strompová Viktória,002U,Muhari Gergely,245,245,1.0
43,TISZA,002N,Strompová Viktória,002V,Weigand István,246,246,1.0
43,TISZA,002N,Strompová Viktória,002W,Dr. Virágh Gabriella Mária,254,254,1.0
43,TISZA,002N,Strompová Viktória,002X,Trentin Balázs,217,216,0.9953917050691244
43,TISZA,002N,Strompová Viktória,002Y,Szimon Renáta,233,233,1.0
43,TISZA,002N,Strompová Viktória,002Z,Dr. Bilisics Zita,248,248,1.0
43,TISZA,002N,Strompová Viktória,0030,Dr. Porpáczy Krisztina,250,250,1.0
43,TISZA,002N,Strompová Viktória,0031,Bicskei László,253,253,1.0
43,TISZA,002N,Strompová Viktória,0032,Dr. Árvay Nikolett,243,242,0.9958847736625515
43,TISZA,002N,Strompová Viktória,0033,Varga Balázs,248,248,1.0
43,TISZA,002N,Strompová Viktória,0034,Csontos Bence,252,250,0.9920634920634921
43,TISZA,002N,Strompová Viktória,0035,Dr. Simon Zsuzsánna,245,245,1.0
43,TISZA,002N,Strompová Viktória,0036,Ráki Zsolt,254,254,1.0
43,TISZA,002N,Strompová Viktória,0037,Dr. Bóka Zsolt,249,248,0.9959839357429718
43,TISZA,002N,Strompová Viktória,0038,Kovács Petra Judit,249,248,0.9959839357429718
43,TISZA,002N,Strompová Viktória,0039,Dr. Bugya László,254,254,1.0
43,TISZA,002N,Strompová Viktória,003A,Lovkó Csaba,251,251,1.0
43,TISZA,002N,Strompová Viktória,003B,Tóth Norbert,243,243,1.0
43,TISZA,002N,Strompová Viktória,003C,Dr. Balatincz Péter,179,179,1.0
43,TISZA,002N,Strompová Viktória,003D,Járosi Péter,254,254,1.0
43,TISZA,002N,Strompová Viktória,003E,Gombár Dávid,251,251,1.0
43,TISZA,002N,Strompová Viktória,003F,Szakács Péter Lajos,254,254,1.0
43,TISZA,002N,Strompová Viktória,003G,Dr. Dicső Viktória,247,247,1.0
43,TISZA,002N,Strompová Viktória,003H,Czakó Czirbus Pál,250,250,1.0
43,TISZA,002N,Strompová Viktória,003I,Dr. Németh Csilla,246,245,0.9959349593495935
43,TISZA,002N,Strompová Viktória,003J,Dr. Kovács Gyula,253,253,1.0
43,TISZA,002N,Strompová Viktória,003K,Horváth Nándor Zsolt,253,253,1.0
43,TISZA,002N,Strompová Viktória,003L,Kapronczai Balázs,249,249,1.0
43,TISZA,002N,Strompová Viktória,003M,Dr. Juhász Áron,250,250,1.0
43,TISZA,002N,Strompová Viktória,003N,Kiss János,236,236,1.0
43,TISZA,002N,Strompová Viktória,003O,Gyömbér Dávid,252,252,1.0
43,TISZA,002N,Strompová Viktória,003P,Havasi Balázs,241,241,1.0
43,TISZA,002N,Strompová Viktória,003Q,Dr. Kovács Áron,252,252,1.0
43,TISZA,002N,Strompová Viktória,003R,Csiszár Béla,253,253,1.0
43,TISZA,002N,Strompová Viktória,003S,Dr. Szijjártó Gábor,251,251,1.0
43,TISZA,002N,Strompová Viktória,003T,Rápli Róbert,245,245,1.0
43,TISZA,002N,Strompová Viktória,003U,Ujvári Szilvia,254,253,0.9960629921259843
43,TISZA,002N,Strompová Viktória,003V,Dr. Farkas Csongor,254,254,1.0
43,TISZA,002N,Strompová Viktória,003W,Csák László,250,250,1.0
43,TISZA,002N,Strompová Viktória,003X,Néher András,251,251,1.0
43,TISZA,002N,Strompová Viktória,003Y,Bárkányi Bence,254,254,1.0
43,TISZA,002N,Strompová Viktória,003Z,Ferenczi Gábor,253,253,1.0
43,TISZA,002N,Strompová Viktória,0040,Dr. Nagy Márta,252,252,1.0
43,TISZA,002N,Strompová Viktória,0041,Dr. Gáspár Levente,252,252,1.0
43,TISZA,002N,Strompová Viktória,0042,Dr. Hallerné Dr. Nagy Anikó,239,238,0.99581589958159
43,TISZA,002N,Strompová Viktória,0043,Dr. Bihari Zoltán,249,244,0.9799196787148594
43,TISZA,002N,Strompová Viktória,0044,Lontay László,245,245,1.0
43,TISZA,002N,Strompová Viktória,0045,Cseh Tamás,249,248,0.9959839357429718
43,TISZA,002N,Strompová Viktória,0046,Benke József,253,253,1.0
43,TISZA,002N,Strompová Viktória,0047,Hatala-Orosz Csaba,253,253,1.0
43,TISZA,002N,Strompová Viktória,0048,Rózsahegyi Áron,236,236,1.0
43,TISZA,002N,Strompová Viktória,0049,Dr. Czipa András,194,194,1.0
43,TISZA,002N,Strompová Viktória,004A,Juhász Roland Csongor,254,254,1.0
43,TISZA,002N,Strompová Viktória,004B,Karsai-Juhász Katalin,244,244,1.0
43,TISZA,002N,Strompová Viktória,004C,Judák Zsolt,253,251,0.9920948616600791
43,TISZA,002N,Strompová Viktória,004D,Polgár György,254,254,1.0
43,TISZA,002N,Strompová Viktória,004E,Tárkányi Zsolt,243,242,0.9958847736625515
43,TISZA,002N,Strompová Viktória,004F,Dr. Stumpf Péter,254,253,0.9960629921259843
43,TISZA,002N,Strompová Viktória,004G,Gajda Attila,252,251,0.996031746031746
43,TISZA,002N,Strompová Viktória,004H,Molnár János,253,253,1.0
43,TISZA,002N,Strompová Viktória,k122,Kármán András,225,224,0.9955555555555555
43,TISZA,002N,Strompová Viktória,m076,Magyar Péter,189,189,1.0
43,TISZA,002N,Strompová Viktória,t067,Tarr Zoltán,229,226,0.9868995633187773
43,TISZA,002O,Borics Mihály,002P,Csőszi Attila,248,246,0.9919354838709677
43,TISZA,002O,Borics Mihály,002Q,Veres Ádám,231,231,1.0
43,TISZA,002O,Borics Mihály,002R,Szabó Tibor,247,247,1.0
43,TISZA,002O,Borics Mihály,002S,Hende Máté,243,243,1.0
43,TISZA,002O,Borics Mihály,002T,Balajti István,248,248,1.0
43,TISZA,002O,Borics Mihály,002U,Muhari Gergely,241,241,1.0
43,TISZA,002O,Borics Mihály,002V,Weigand István,242,242,1.0
43,TISZA,002O,Borics Mihály,002W,Dr. Virágh Gabriella Mária,249,249,1.0
43,TISZA,002O,Borics Mihály,002X,Trentin Balázs,214,213,0.9953271028037384
43,TISZA,002O,Borics Mihály,002Y,Szimon Renáta,229,229,1.0
43,TISZA,002O,Borics Mihály,002Z,Dr. Bilisics Zita,243,243,1.0
43,TISZA,002O,Borics Mihály,0030,Dr. Porpáczy Krisztina,245,245,1.0
43,TISZA,002O,Borics Mihály,0031,Bicskei László,248,248,1.0
43,TISZA,002O,Borics Mihály,0032,Dr. Árvay Nikolett,237,236,0.9957805907172996
43,TISZA,002O,Borics Mihály,0033,Varga Balázs,244,244,1.0
43,TISZA,002O,Borics Mihály,0034,Csontos Bence,246,244,0.991869918699187
43,TISZA,002O,Borics Mihály,0035,Dr. Simon Zsuzsánna,240,240,1.0
43,TISZA,002O,Borics Mihály,0036,Ráki Zsolt,249,249,1.0
43,TISZA,002O,Borics Mihály,0037,Dr. Bóka Zsolt,244,243,0.9959016393442623
43,TISZA,002O,Borics Mihály,0038,Kovács Petra Judit,243,242,0.9958847736625515
43,TISZA,002O,Borics Mihály,0039,Dr. Bugya László,249,249,1.0
43,TISZA,002O,Borics Mihály,003A,Lovkó Csaba,247,247,1.0
43,TISZA,002O,Borics Mihály,003B,Tóth Norbert,239,239,1.0
43,TISZA,002O,Borics Mihály,003C,Dr. Balatincz Péter,176,176,1.0
43,TISZA,002O,Borics Mihály,003D,Járosi Péter,249,249,1.0
43,TISZA,002O,Borics Mihály,003E,Gombár Dávid,245,245,1.0
43,TISZA,002O,Borics Mihály,003F,Szakács Péter Lajos,249,249,1.0
43,TISZA,002O,Borics Mihály,003G,Dr. Dicső Viktória,242,242,1.0
43,TISZA,002O,Borics Mihály,003H,Czakó Czirbus Pál,244,244,1.0
43,TISZA,002O,Borics Mihály,003I,Dr. Németh Csilla,241,240,0.995850622406639
43,TISZA,002O,Borics Mihály,003J,Dr. Kovács Gyula,248,248,1.0
43,TISZA,002O,Borics Mihály,003K,Horváth Nándor Zsolt,248,248,1.0
43,TISZA,002O,Borics Mihály,003L,Kapronczai Balázs,246,246,1.0
43,TISZA,002O,Borics Mihály,003M,Dr. Juhász Áron,245,245,1.0
43,TISZA,002O,Borics Mihály,003N,Kiss János,231,231,1.0
43,TISZA,002O,Borics Mihály,003O,Gyömbér Dávid,247,247,1.0
43,TISZA,002O,Borics Mihály,003P,Havasi Balázs,239,239,1.0
43,TISZA,002O,Borics Mihály,003Q,Dr. Kovács Áron,247,247,1.0
43,TISZA,002O,Borics Mihály,003R,Csiszár Béla,248,248,1.0
43,TISZA,002O,Borics Mihály,003S,Dr. Szijjártó Gábor,246,246,1.0
43,TISZA,002O,Borics Mihály,003T,Rápli Róbert,240,239,0.9958333333333333
43,TISZA,002O,Borics Mihály,003U,Ujvári Szilvia,249,248,0.9959839357429718
43,TISZA,002O,Borics Mihály,003V,Dr. Farkas Csongor,249,249,1.0
43,TISZA,002O,Borics Mihály,003W,Csák László,245,245,1.0
43,TISZA,002O,Borics Mihály,003X,Néher András,246,246,1.0
43,TISZA,002O,Borics Mihály,003Y,Bárkányi Bence,249,249,1.0
43,TISZA,002O,Borics Mihály,003Z,Ferenczi Gábor,248,248,1.0
43,TISZA,002O,Borics Mihály,0040,Dr. Nagy Márta,247,247,1.0
43,TISZA,002O,Borics Mihály,0041,Dr. Gáspár Levente,248,248,1.0
43,TISZA,002O,Borics Mihály,0042,Dr. Hallerné Dr. Nagy Anikó,235,234,0.9957446808510638
43,TISZA,002O,Borics Mihály,0043,Dr. Bihari Zoltán,244,239,0.9795081967213115
43,TISZA,002O,Borics Mihály,0044,Lontay László,240,240,1.0
43,TISZA,002O,Borics Mihály,0045,Cseh Tamás,245,243,0.9918367346938776
43,TISZA,002O,Borics Mihály,0046,Benke József,248,248,1.0
43,TISZA,002O,Borics Mihály,0047,Hatala-Orosz Csaba,247,246,0.9959514170040485
43,TISZA,002O,Borics Mihály,0048,Rózsahegyi Áron,232,232,1.0
43,TISZA,002O,Borics Mihály,0049,Dr. Czipa András,190,190,1.0
43,TISZA,002O,Borics Mihály,004A,Juhász Roland Csongor,249,249,1.0
43,TISZA,002O,Borics Mihály,004B,Karsai-Juhász Katalin,240,240,1.0
43,TISZA,002O,Borics Mihály,004C,Judák Zsolt,248,246,0.9919354838709677
43,TISZA,002O,Borics Mihály,004D,Polgár György,249,249,1.0
43,TISZA,002O,Borics Mihály,004E,Tárkányi Zsolt,239,238,0.99581589958159
43,TISZA,002O,Borics Mihály,004F,Dr. Stumpf Péter,249,248,0.9959839357429718
43,TISZA,002O,Borics Mihály,004G,Gajda Attila,247,245,0.9919028340080972
43,TISZA,002O,Borics Mihály,004H,Molnár János,248,248,1.0
43,TISZA,002O,Borics Mihály,k122,Kármán András,222,221,0.9954954954954955
43,TISZA,002O,Borics Mihály,m076,Magyar Péter,187,187,1.0
43,TISZA,002O,Borics Mihály,t067,Tarr Zoltán,225,222,0.9866666666666667
43,TISZA,002P,Csőszi Attila,002Q,Veres Ádám,237,235,0.9915611814345991
43,TISZA,002P,Csőszi Attila,002R,Szabó Tibor,251,249,0.9920318725099602
43,TISZA,002P,Csőszi Attila,002S,Hende Máté,248,246,0.9919354838709677
43,TISZA,002P,Csőszi Attila,002T,Balajti István,252,250,0.9920634920634921
43,TISZA,002P,Csőszi Attila,002U,Muhari Gergely,245,243,0.9918367346938776
43,TISZA,002P,Csőszi Attila,002V,Weigand István,247,245,0.9919028340080972
43,TISZA,002P,Csőszi Attila,002W,Dr. Virágh Gabriella Mária,254,252,0.9921259842519685
43,TISZA,002P,Csőszi Attila,002X,Trentin Balázs,217,214,0.9861751152073732
43,TISZA,002P,Csőszi Attila,002Y,Szimon Renáta,233,231,0.9914163090128756
43,TISZA,002P,Csőszi Attila,002Z,Dr. Bilisics Zita,249,247,0.9919678714859438
43,TISZA,002P,Csőszi Attila,0030,Dr. Porpáczy Krisztina,249,248,0.9959839357429718
43,TISZA,002P,Csőszi Attila,0031,Bicskei László,253,251,0.9920948616600791
43,TISZA,002P,Csőszi Attila,0032,Dr. Árvay Nikolett,242,240,0.9917355371900827
43,TISZA,002P,Csőszi Attila,0033,Varga Balázs,248,246,0.9919354838709677
43,TISZA,002P,Csőszi Attila,0034,Csontos Bence,251,248,0.9880478087649402
43,TISZA,002P,Csőszi Attila,0035,Dr. Simon Zsuzsánna,244,242,0.9918032786885246
43,TISZA,002P,Csőszi Attila,0036,Ráki Zsolt,254,252,0.9921259842519685
43,TISZA,002P,Csőszi Attila,0037,Dr. Bóka Zsolt,249,246,0.9879518072289156
43,TISZA,002P,Csőszi Attila,0038,Kovács Petra Judit,248,246,0.9919354838709677
43,TISZA,002P,Csőszi Attila,0039,Dr. Bugya László,254,252,0.9921259842519685
43,TISZA,002P,Csőszi Attila,003A,Lovkó Csaba,251,249,0.9920318725099602
43,TISZA,002P,Csőszi Attila,003B,Tóth Norbert,243,242,0.9958847736625515
43,TISZA,002P,Csőszi Attila,003C,Dr. Balatincz Péter,180,178,0.9888888888888889
43,TISZA,002P,Csőszi Attila,003D,Járosi Péter,254,252,0.9921259842519685
43,TISZA,002P,Csőszi Attila,003E,Gombár Dávid,250,248,0.992
43,TISZA,002P,Csőszi Attila,003F,Szakács Péter Lajos,254,252,0.9921259842519685
43,TISZA,002P,Csőszi Attila,003G,Dr. Dicső Viktória,248,246,0.9919354838709677
43,TISZA,002P,Csőszi Attila,003H,Czakó Czirbus Pál,249,248,0.9959839357429718
43,TISZA,002P,Csőszi Attila,003I,Dr. Németh Csilla,246,243,0.9878048780487805
43,TISZA,002P,Csőszi Attila,003J,Dr. Kovács Gyula,253,251,0.9920948616600791
43,TISZA,002P,Csőszi Attila,003K,Horváth Nándor Zsolt,253,251,0.9920948616600791
43,TISZA,002P,Csőszi Attila,003L,Kapronczai Balázs,250,248,0.992
43,TISZA,002P,Csőszi Attila,003M,Dr. Juhász Áron,250,248,0.992
43,TISZA,002P,Csőszi Attila,003N,Kiss János,235,233,0.9914893617021276
43,TISZA,002P,Csőszi Attila,003O,Gyömbér Dávid,251,249,0.9920318725099602
43,TISZA,002P,Csőszi Attila,003P,Havasi Balázs,242,240,0.9917355371900827
43,TISZA,002P,Csőszi Attila,003Q,Dr. Kovács Áron,252,250,0.9920634920634921
43,TISZA,002P,Csőszi Attila,003R,Csiszár Béla,253,251,0.9920948616600791
43,TISZA,002P,Csőszi Attila,003S,Dr. Szijjártó Gábor,251,249,0.9920318725099602
43,TISZA,002P,Csőszi Attila,003T,Rápli Róbert,245,242,0.9877551020408163
43,TISZA,002P,Csőszi Attila,003U,Ujvári Szilvia,254,251,0.9881889763779528
43,TISZA,002P,Csőszi Attila,003V,Dr. Farkas Csongor,254,252,0.9921259842519685
43,TISZA,002P,Csőszi Attila,003W,Csák László,250,248,0.992
43,TISZA,002P,Csőszi Attila,003X,Néher András,252,250,0.9920634920634921
43,TISZA,002P,Csőszi Attila,003Y,Bárkányi Bence,254,252,0.9921259842519685
43,TISZA,002P,Csőszi Attila,003Z,Ferenczi Gábor,252,250,0.9920634920634921
43,TISZA,002P,Csőszi Attila,0040,Dr. Nagy Márta,253,251,0.9920948616600791
43,TISZA,002P,Csőszi Attila,0041,Dr. Gáspár Levente,253,251,0.9920948616600791
43,TISZA,002P,Csőszi Attila,0042,Dr. Hallerné Dr. Nagy Anikó,239,237,0.9916317991631799
43,TISZA,002P,Csőszi Attila,0043,Dr. Bihari Zoltán,249,244,0.9799196787148594
43,TISZA,002P,Csőszi Attila,0044,Lontay László,245,243,0.9918367346938776
43,TISZA,002P,Csőszi Attila,0045,Cseh Tamás,250,246,0.984
43,TISZA,002P,Csőszi Attila,0046,Benke József,253,251,0.9920948616600791
43,TISZA,002P,Csőszi Attila,0047,Hatala-Orosz Csaba,252,251,0.996031746031746
43,TISZA,002P,Csőszi Attila,0048,Rózsahegyi Áron,237,235,0.9915611814345991
43,TISZA,002P,Csőszi Attila,0049,Dr. Czipa András,194,193,0.9948453608247423
43,TISZA,002P,Csőszi Attila,004A,Juhász Roland Csongor,254,252,0.9921259842519685
43,TISZA,002P,Csőszi Attila,004B,Karsai-Juhász Katalin,244,242,0.9918032786885246
43,TISZA,002P,Csőszi Attila,004C,Judák Zsolt,253,250,0.9881422924901185
43,TISZA,002P,Csőszi Attila,004D,Polgár György,254,252,0.9921259842519685
43,TISZA,002P,Csőszi Attila,004E,Tárkányi Zsolt,243,240,0.9876543209876543
43,TISZA,002P,Csőszi Attila,004F,Dr. Stumpf Péter,254,251,0.9881889763779528
43,TISZA,002P,Csőszi Attila,004G,Gajda Attila,252,250,0.9920634920634921
43,TISZA,002P,Csőszi Attila,004H,Molnár János,253,251,0.9920948616600791
43,TISZA,002P,Csőszi Attila,k122,Kármán András,226,223,0.9867256637168141
43,TISZA,002P,Csőszi Attila,m076,Magyar Péter,188,187,0.9946808510638298
43,TISZA,002P,Csőszi Attila,t067,Tarr Zoltán,227,223,0.9823788546255506
43,TISZA,002Q,Veres Ádám,002R,Szabó Tibor,236,236,1.0
43,TISZA,002Q,Veres Ádám,002S,Hende Máté,233,233,1.0
43,TISZA,002Q,Veres Ádám,002T,Balajti István,236,236,1.0
43,TISZA,002Q,Veres Ádám,002U,Muhari Gergely,230,230,1.0
43,TISZA,002Q,Veres Ádám,002V,Weigand István,233,233,1.0
43,TISZA,002Q,Veres Ádám,002W,Dr. Virágh Gabriella Mária,238,238,1.0
43,TISZA,002Q,Veres Ádám,002X,Trentin Balázs,201,200,0.9950248756218906
43,TISZA,002Q,Veres Ádám,002Y,Szimon Renáta,217,217,1.0
43,TISZA,002Q,Veres Ádám,002Z,Dr. Bilisics Zita,235,235,1.0
43,TISZA,002Q,Veres Ádám,0030,Dr. Porpáczy Krisztina,233,233,1.0
43,TISZA,002Q,Veres Ádám,0031,Bicskei László,237,237,1.0
43,TISZA,002Q,Veres Ádám,0032,Dr. Árvay Nikolett,226,225,0.995575221238938
43,TISZA,002Q,Veres Ádám,0033,Varga Balázs,233,233,1.0
43,TISZA,002Q,Veres Ádám,0034,Csontos Bence,235,233,0.9914893617021276
43,TISZA,002Q,Veres Ádám,0035,Dr. Simon Zsuzsánna,228,228,1.0
43,TISZA,002Q,Veres Ádám,0036,Ráki Zsolt,238,238,1.0
43,TISZA,002Q,Veres Ádám,0037,Dr. Bóka Zsolt,232,231,0.9956896551724138
43,TISZA,002Q,Veres Ádám,0038,Kovács Petra Judit,232,231,0.9956896551724138
43,TISZA,002Q,Veres Ádám,0039,Dr. Bugya László,238,238,1.0
43,TISZA,002Q,Veres Ádám,003A,Lovkó Csaba,236,236,1.0
43,TISZA,002Q,Veres Ádám,003B,Tóth Norbert,226,226,1.0
43,TISZA,002Q,Veres Ádám,003C,Dr. Balatincz Péter,164,164,1.0
43,TISZA,002Q,Veres Ádám,003D,Járosi Péter,238,238,1.0
43,TISZA,002Q,Veres Ádám,003E,Gombár Dávid,234,234,1.0
43,TISZA,002Q,Veres Ádám,003F,Szakács Péter Lajos,238,238,1.0
43,TISZA,002Q,Veres Ádám,003G,Dr. Dicső Viktória,233,233,1.0
43,TISZA,002Q,Veres Ádám,003H,Czakó Czirbus Pál,233,233,1.0
43,TISZA,002Q,Veres Ádám,003I,Dr. Németh Csilla,232,231,0.9956896551724138
43,TISZA,002Q,Veres Ádám,003J,Dr. Kovács Gyula,237,237,1.0
43,TISZA,002Q,Veres Ádám,003K,Horváth Nándor Zsolt,237,237,1.0
43,TISZA,002Q,Veres Ádám,003L,Kapronczai Balázs,234,234,1.0
43,TISZA,002Q,Veres Ádám,003M,Dr. Juhász Áron,236,236,1.0
43,TISZA,002Q,Veres Ádám,003N,Kiss János,219,219,1.0
43,TISZA,002Q,Veres Ádám,003O,Gyömbér Dávid,236,236,1.0
43,TISZA,002Q,Veres Ádám,003P,Havasi Balázs,228,228,1.0
43,TISZA,002Q,Veres Ádám,003Q,Dr. Kovács Áron,236,236,1.0
43,TISZA,002Q,Veres Ádám,003R,Csiszár Béla,237,237,1.0
43,TISZA,002Q,Veres Ádám,003S,Dr. Szijjártó Gábor,236,236,1.0
43,TISZA,002Q,Veres Ádám,003T,Rápli Róbert,230,229,0.9956521739130435
43,TISZA,002Q,Veres Ádám,003U,Ujvári Szilvia,238,237,0.9957983193277311
43,TISZA,002Q,Veres Ádám,003V,Dr. Farkas Csongor,238,238,1.0
43,TISZA,002Q,Veres Ádám,003W,Csák László,234,234,1.0
43,TISZA,002Q,Veres Ádám,003X,Néher András,238,238,1.0
43,TISZA,002Q,Veres Ádám,003Y,Bárkányi Bence,238,238,1.0
43,TISZA,002Q,Veres Ádám,003Z,Ferenczi Gábor,236,236,1.0
43,TISZA,002Q,Veres Ádám,0040,Dr. Nagy Márta,237,237,1.0
43,TISZA,002Q,Veres Ádám,0041,Dr. Gáspár Levente,236,236,1.0
43,TISZA,002Q,Veres Ádám,0042,Dr. Hallerné Dr. Nagy Anikó,222,221,0.9954954954954955
43,TISZA,002Q,Veres Ádám,0043,Dr. Bihari Zoltán,233,229,0.9828326180257511
43,TISZA,002Q,Veres Ádám,0044,Lontay László,230,230,1.0
43,TISZA,002Q,Veres Ádám,0045,Cseh Tamás,233,231,0.9914163090128756
43,TISZA,002Q,Veres Ádám,0046,Benke József,237,237,1.0
43,TISZA,002Q,Veres Ádám,0047,Hatala-Orosz Csaba,236,235,0.9957627118644068
43,TISZA,002Q,Veres Ádám,0048,Rózsahegyi Áron,220,220,1.0
43,TISZA,002Q,Veres Ádám,0049,Dr. Czipa András,195,195,1.0
43,TISZA,002Q,Veres Ádám,004A,Juhász Roland Csongor,238,238,1.0
43,TISZA,002Q,Veres Ádám,004B,Karsai-Juhász Katalin,229,229,1.0
43,TISZA,002Q,Veres Ádám,004C,Judák Zsolt,238,236,0.9915966386554622
43,TISZA,002Q,Veres Ádám,004D,Polgár György,238,238,1.0
43,TISZA,002Q,Veres Ádám,004E,Tárkányi Zsolt,227,226,0.9955947136563876
43,TISZA,002Q,Veres Ádám,004F,Dr. Stumpf Péter,238,237,0.9957983193277311
43,TISZA,002Q,Veres Ádám,004G,Gajda Attila,236,234,0.9915254237288136
43,TISZA,002Q,Veres Ádám,004H,Molnár János,237,237,1.0
43,TISZA,002Q,Veres Ádám,k122,Kármán András,210,209,0.9952380952380953
43,TISZA,002Q,Veres Ádám,m076,Magyar Péter,172,172,1.0
43,TISZA,002Q,Veres Ádám,t067,Tarr Zoltán,211,208,0.985781990521327
43,TISZA,002R,Szabó Tibor,002S,Hende Máté,247,247,1.0
43,TISZA,002R,Szabó Tibor,002T,Balajti István,252,252,1.0
43,TISZA,002R,Szabó Tibor,002U,Muhari Gergely,245,245,1.0
43,TISZA,002R,Szabó Tibor,002V,Weigand István,246,246,1.0
43,TISZA,002R,Szabó Tibor,002W,Dr. Virágh Gabriella Mária,253,253,1.0
43,TISZA,002R,Szabó Tibor,002X,Trentin Balázs,216,215,0.9953703703703703
43,TISZA,002R,Szabó Tibor,002Y,Szimon Renáta,233,233,1.0
43,TISZA,002R,Szabó Tibor,002Z,Dr. Bilisics Zita,247,247,1.0
43,TISZA,002R,Szabó Tibor,0030,Dr. Porpáczy Krisztina,248,248,1.0
43,TISZA,002R,Szabó Tibor,0031,Bicskei László,252,252,1.0
43,TISZA,002R,Szabó Tibor,0032,Dr. Árvay Nikolett,241,240,0.995850622406639
43,TISZA,002R,Szabó Tibor,0033,Varga Balázs,247,247,1.0
43,TISZA,002R,Szabó Tibor,0034,Csontos Bence,250,248,0.992
43,TISZA,002R,Szabó Tibor,0035,Dr. Simon Zsuzsánna,245,245,1.0
43,TISZA,002R,Szabó Tibor,0036,Ráki Zsolt,253,253,1.0
43,TISZA,002R,Szabó Tibor,0037,Dr. Bóka Zsolt,248,247,0.9959677419354839
43,TISZA,002R,Szabó Tibor,0038,Kovács Petra Judit,247,246,0.9959514170040485
43,TISZA,002R,Szabó Tibor,0039,Dr. Bugya László,253,253,1.0
43,TISZA,002R,Szabó Tibor,003A,Lovkó Csaba,251,251,1.0
43,TISZA,002R,Szabó Tibor,003B,Tóth Norbert,241,241,1.0
43,TISZA,002R,Szabó Tibor,003C,Dr. Balatincz Péter,178,178,1.0
43,TISZA,002R,Szabó Tibor,003D,Járosi Péter,253,253,1.0
43,TISZA,002R,Szabó Tibor,003E,Gombár Dávid,250,250,1.0
43,TISZA,002R,Szabó Tibor,003F,Szakács Péter Lajos,253,253,1.0
43,TISZA,002R,Szabó Tibor,003G,Dr. Dicső Viktória,246,246,1.0
43,TISZA,002R,Szabó Tibor,003H,Czakó Czirbus Pál,248,248,1.0
43,TISZA,002R,Szabó Tibor,003I,Dr. Németh Csilla,245,244,0.9959183673469387
43,TISZA,002R,Szabó Tibor,003J,Dr. Kovács Gyula,252,252,1.0
43,TISZA,002R,Szabó Tibor,003K,Horváth Nándor Zsolt,252,252,1.0
43,TISZA,002R,Szabó Tibor,003L,Kapronczai Balázs,249,249,1.0
43,TISZA,002R,Szabó Tibor,003M,Dr. Juhász Áron,249,249,1.0
43,TISZA,002R,Szabó Tibor,003N,Kiss János,236,236,1.0
43,TISZA,002R,Szabó Tibor,003O,Gyömbér Dávid,252,252,1.0
43,TISZA,002R,Szabó Tibor,003P,Havasi Balázs,241,241,1.0
43,TISZA,002R,Szabó Tibor,003Q,Dr. Kovács Áron,251,251,1.0
43,TISZA,002R,Szabó Tibor,003R,Csiszár Béla,252,252,1.0
43,TISZA,002R,Szabó Tibor,003S,Dr. Szijjártó Gábor,250,250,1.0
43,TISZA,002R,Szabó Tibor,003T,Rápli Róbert,245,245,1.0
43,TISZA,002R,Szabó Tibor,003U,Ujvári Szilvia,253,252,0.9960474308300395
43,TISZA,002R,Szabó Tibor,003V,Dr. Farkas Csongor,253,253,1.0
43,TISZA,002R,Szabó Tibor,003W,Csák László,249,249,1.0
43,TISZA,002R,Szabó Tibor,003X,Néher András,250,250,1.0
43,TISZA,002R,Szabó Tibor,003Y,Bárkányi Bence,253,253,1.0
43,TISZA,002R,Szabó Tibor,003Z,Ferenczi Gábor,253,253,1.0
43,TISZA,002R,Szabó Tibor,0040,Dr. Nagy Márta,251,251,1.0
43,TISZA,002R,Szabó Tibor,0041,Dr. Gáspár Levente,251,251,1.0
43,TISZA,002R,Szabó Tibor,0042,Dr. Hallerné Dr. Nagy Anikó,237,236,0.9957805907172996
43,TISZA,002R,Szabó Tibor,0043,Dr. Bihari Zoltán,248,243,0.9798387096774194
43,TISZA,002R,Szabó Tibor,0044,Lontay László,244,244,1.0
43,TISZA,002R,Szabó Tibor,0045,Cseh Tamás,248,247,0.9959677419354839
43,TISZA,002R,Szabó Tibor,0046,Benke József,252,252,1.0
43,TISZA,002R,Szabó Tibor,0047,Hatala-Orosz Csaba,252,251,0.996031746031746
43,TISZA,002R,Szabó Tibor,0048,Rózsahegyi Áron,235,235,1.0
43,TISZA,002R,Szabó Tibor,0049,Dr. Czipa András,194,194,1.0
43,TISZA,002R,Szabó Tibor,004A,Juhász Roland Csongor,253,253,1.0
43,TISZA,002R,Szabó Tibor,004B,Karsai-Juhász Katalin,244,244,1.0
43,TISZA,002R,Szabó Tibor,004C,Judák Zsolt,252,250,0.9920634920634921
43,TISZA,002R,Szabó Tibor,004D,Polgár György,253,253,1.0
43,TISZA,002R,Szabó Tibor,004E,Tárkányi Zsolt,243,242,0.9958847736625515
43,TISZA,002R,Szabó Tibor,004F,Dr. Stumpf Péter,253,252,0.9960474308300395
43,TISZA,002R,Szabó Tibor,004G,Gajda Attila,251,249,0.9920318725099602
43,TISZA,002R,Szabó Tibor,004H,Molnár János,252,252,1.0
43,TISZA,002R,Szabó Tibor,k122,Kármán András,224,223,0.9955357142857143
43,TISZA,002R,Szabó Tibor,m076,Magyar Péter,188,188,1.0
43,TISZA,002R,Szabó Tibor,t067,Tarr Zoltán,228,225,0.9868421052631579
43,TISZA,002S,Hende Máté,002T,Balajti István,248,248,1.0
43,TISZA,002S,Hende Máté,002U,Muhari Gergely,243,243,1.0
43,TISZA,002S,Hende Máté,002V,Weigand István,242,242,1.0
43,TISZA,002S,Hende Máté,002W,Dr. Virágh Gabriella Mária,250,250,1.0
43,TISZA,002S,Hende Máté,002X,Trentin Balázs,213,212,0.9953051643192489
43,TISZA,002S,Hende Máté,002Y,Szimon Renáta,230,230,1.0
43,TISZA,002S,Hende Máté,002Z,Dr. Bilisics Zita,244,244,1.0
43,TISZA,002S,Hende Máté,0030,Dr. Porpáczy Krisztina,245,245,1.0
43,TISZA,002S,Hende Máté,0031,Bicskei László,249,249,1.0
43,TISZA,002S,Hende Máté,0032,Dr. Árvay Nikolett,238,237,0.9957983193277311
43,TISZA,002S,Hende Máté,0033,Varga Balázs,245,245,1.0
43,TISZA,002S,Hende Máté,0034,Csontos Bence,247,246,0.9959514170040485
43,TISZA,002S,Hende Máté,0035,Dr. Simon Zsuzsánna,241,241,1.0
43,TISZA,002S,Hende Máté,0036,Ráki Zsolt,250,250,1.0
43,TISZA,002S,Hende Máté,0037,Dr. Bóka Zsolt,244,243,0.9959016393442623
43,TISZA,002S,Hende Máté,0038,Kovács Petra Judit,244,243,0.9959016393442623
43,TISZA,002S,Hende Máté,0039,Dr. Bugya László,250,250,1.0
43,TISZA,002S,Hende Máté,003A,Lovkó Csaba,247,247,1.0
43,TISZA,002S,Hende Máté,003B,Tóth Norbert,239,239,1.0
43,TISZA,002S,Hende Máté,003C,Dr. Balatincz Péter,176,176,1.0
43,TISZA,002S,Hende Máté,003D,Járosi Péter,250,250,1.0
43,TISZA,002S,Hende Máté,003E,Gombár Dávid,246,246,1.0
43,TISZA,002S,Hende Máté,003F,Szakács Péter Lajos,250,250,1.0
43,TISZA,002S,Hende Máté,003G,Dr. Dicső Viktória,243,243,1.0
43,TISZA,002S,Hende Máté,003H,Czakó Czirbus Pál,245,245,1.0
43,TISZA,002S,Hende Máté,003I,Dr. Németh Csilla,242,241,0.9958677685950413
43,TISZA,002S,Hende Máté,003J,Dr. Kovács Gyula,249,249,1.0
43,TISZA,002S,Hende Máté,003K,Horváth Nándor Zsolt,249,249,1.0
43,TISZA,002S,Hende Máté,003L,Kapronczai Balázs,245,245,1.0
43,TISZA,002S,Hende Máté,003M,Dr. Juhász Áron,246,246,1.0
43,TISZA,002S,Hende Máté,003N,Kiss János,232,232,1.0
43,TISZA,002S,Hende Máté,003O,Gyömbér Dávid,247,247,1.0
43,TISZA,002S,Hende Máté,003P,Havasi Balázs,237,237,1.0
43,TISZA,002S,Hende Máté,003Q,Dr. Kovács Áron,249,249,1.0
43,TISZA,002S,Hende Máté,003R,Csiszár Béla,249,249,1.0
43,TISZA,002S,Hende Máté,003S,Dr. Szijjártó Gábor,247,247,1.0
43,TISZA,002S,Hende Máté,003T,Rápli Róbert,241,240,0.995850622406639
43,TISZA,002S,Hende Máté,003U,Ujvári Szilvia,250,249,0.996
43,TISZA,002S,Hende Máté,003V,Dr. Farkas Csongor,250,250,1.0
43,TISZA,002S,Hende Máté,003W,Csák László,246,246,1.0
43,TISZA,002S,Hende Máté,003X,Néher András,247,247,1.0
43,TISZA,002S,Hende Máté,003Y,Bárkányi Bence,250,250,1.0
43,TISZA,002S,Hende Máté,003Z,Ferenczi Gábor,248,248,1.0
43,TISZA,002S,Hende Máté,0040,Dr. Nagy Márta,248,248,1.0
43,TISZA,002S,Hende Máté,0041,Dr. Gáspár Levente,248,248,1.0
43,TISZA,002S,Hende Máté,0042,Dr. Hallerné Dr. Nagy Anikó,235,234,0.9957446808510638
43,TISZA,002S,Hende Máté,0043,Dr. Bihari Zoltán,245,240,0.9795918367346939
43,TISZA,002S,Hende Máté,0044,Lontay László,244,244,1.0
43,TISZA,002S,Hende Máté,0045,Cseh Tamás,245,243,0.9918367346938776
43,TISZA,002S,Hende Máté,0046,Benke József,249,249,1.0
43,TISZA,002S,Hende Máté,0047,Hatala-Orosz Csaba,248,247,0.9959677419354839
43,TISZA,002S,Hende Máté,0048,Rózsahegyi Áron,233,233,1.0
43,TISZA,002S,Hende Máté,0049,Dr. Czipa András,193,193,1.0
43,TISZA,002S,Hende Máté,004A,Juhász Roland Csongor,250,250,1.0
43,TISZA,002S,Hende Máté,004B,Karsai-Juhász Katalin,240,240,1.0
43,TISZA,002S,Hende Máté,004C,Judák Zsolt,249,247,0.9919678714859438
43,TISZA,002S,Hende Máté,004D,Polgár György,250,250,1.0
43,TISZA,002S,Hende Máté,004E,Tárkányi Zsolt,238,237,0.9957983193277311
43,TISZA,002S,Hende Máté,004F,Dr. Stumpf Péter,250,249,0.996
43,TISZA,002S,Hende Máté,004G,Gajda Attila,249,247,0.9919678714859438
43,TISZA,002S,Hende Máté,004H,Molnár János,249,249,1.0
43,TISZA,002S,Hende Máté,k122,Kármán András,223,222,0.9955156950672646
43,TISZA,002S,Hende Máté,m076,Magyar Péter,188,188,1.0
43,TISZA,002S,Hende Máté,t067,Tarr Zoltán,224,222,0.9910714285714286
43,TISZA,002T,Balajti István,002U,Muhari Gergely,246,246,1.0
43,TISZA,002T,Balajti István,002V,Weigand István,246,246,1.0
43,TISZA,002T,Balajti István,002W,Dr. Virágh Gabriella Mária,254,254,1.0
43,TISZA,002T,Balajti István,002X,Trentin Balázs,217,216,0.9953917050691244
43,TISZA,002T,Balajti István,002Y,Szimon Renáta,234,234,1.0
43,TISZA,002T,Balajti István,002Z,Dr. Bilisics Zita,248,248,1.0
43,TISZA,002T,Balajti István,0030,Dr. Porpáczy Krisztina,249,249,1.0
43,TISZA,002T,Balajti István,0031,Bicskei László,253,253,1.0
43,TISZA,002T,Balajti István,0032,Dr. Árvay Nikolett,242,241,0.9958677685950413
43,TISZA,002T,Balajti István,0033,Varga Balázs,248,248,1.0
43,TISZA,002T,Balajti István,0034,Csontos Bence,251,249,0.9920318725099602
43,TISZA,002T,Balajti István,0035,Dr. Simon Zsuzsánna,245,245,1.0
43,TISZA,002T,Balajti István,0036,Ráki Zsolt,254,254,1.0
43,TISZA,002T,Balajti István,0037,Dr. Bóka Zsolt,248,247,0.9959677419354839
43,TISZA,002T,Balajti István,0038,Kovács Petra Judit,249,248,0.9959839357429718
43,TISZA,002T,Balajti István,0039,Dr. Bugya László,254,254,1.0
43,TISZA,002T,Balajti István,003A,Lovkó Csaba,252,252,1.0
43,TISZA,002T,Balajti István,003B,Tóth Norbert,242,242,1.0
43,TISZA,002T,Balajti István,003C,Dr. Balatincz Péter,180,180,1.0
43,TISZA,002T,Balajti István,003D,Járosi Péter,254,254,1.0
43,TISZA,002T,Balajti István,003E,Gombár Dávid,250,250,1.0
43,TISZA,002T,Balajti István,003F,Szakács Péter Lajos,254,254,1.0
43,TISZA,002T,Balajti István,003G,Dr. Dicső Viktória,248,248,1.0
43,TISZA,002T,Balajti István,003H,Czakó Czirbus Pál,249,249,1.0
43,TISZA,002T,Balajti István,003I,Dr. Németh Csilla,246,245,0.9959349593495935
43,TISZA,002T,Balajti István,003J,Dr. Kovács Gyula,253,253,1.0
43,TISZA,002T,Balajti István,003K,Horváth Nándor Zsolt,253,253,1.0
43,TISZA,002T,Balajti István,003L,Kapronczai Balázs,250,250,1.0
43,TISZA,002T,Balajti István,003M,Dr. Juhász Áron,251,251,1.0
43,TISZA,002T,Balajti István,003N,Kiss János,236,236,1.0
43,TISZA,002T,Balajti István,003O,Gyömbér Dávid,252,252,1.0
43,TISZA,002T,Balajti István,003P,Havasi Balázs,242,242,1.0
43,TISZA,002T,Balajti István,003Q,Dr. Kovács Áron,252,252,1.0
43,TISZA,002T,Balajti István,003R,Csiszár Béla,253,253,1.0
43,TISZA,002T,Balajti István,003S,Dr. Szijjártó Gábor,251,251,1.0
43,TISZA,002T,Balajti István,003T,Rápli Róbert,245,244,0.9959183673469387
43,TISZA,002T,Balajti István,003U,Ujvári Szilvia,254,253,0.9960629921259843
43,TISZA,002T,Balajti István,003V,Dr. Farkas Csongor,254,254,1.0
43,TISZA,002T,Balajti István,003W,Csák László,250,250,1.0
43,TISZA,002T,Balajti István,003X,Néher András,251,251,1.0
43,TISZA,002T,Balajti István,003Y,Bárkányi Bence,254,254,1.0
43,TISZA,002T,Balajti István,003Z,Ferenczi Gábor,253,253,1.0
43,TISZA,002T,Balajti István,0040,Dr. Nagy Márta,252,252,1.0
43,TISZA,002T,Balajti István,0041,Dr. Gáspár Levente,252,252,1.0
43,TISZA,002T,Balajti István,0042,Dr. Hallerné Dr. Nagy Anikó,238,237,0.9957983193277311
43,TISZA,002T,Balajti István,0043,Dr. Bihari Zoltán,249,244,0.9799196787148594
43,TISZA,002T,Balajti István,0044,Lontay László,246,246,1.0
43,TISZA,002T,Balajti István,0045,Cseh Tamás,249,247,0.9919678714859438
43,TISZA,002T,Balajti István,0046,Benke József,253,253,1.0
43,TISZA,002T,Balajti István,0047,Hatala-Orosz Csaba,252,251,0.996031746031746
43,TISZA,002T,Balajti István,0048,Rózsahegyi Áron,237,237,1.0
43,TISZA,002T,Balajti István,0049,Dr. Czipa András,194,194,1.0
43,TISZA,002T,Balajti István,004A,Juhász Roland Csongor,254,254,1.0
43,TISZA,002T,Balajti István,004B,Karsai-Juhász Katalin,246,246,1.0
43,TISZA,002T,Balajti István,004C,Judák Zsolt,253,251,0.9920948616600791
43,TISZA,002T,Balajti István,004D,Polgár György,254,254,1.0
43,TISZA,002T,Balajti István,004E,Tárkányi Zsolt,244,243,0.9959016393442623
43,TISZA,002T,Balajti István,004F,Dr. Stumpf Péter,254,253,0.9960629921259843
43,TISZA,002T,Balajti István,004G,Gajda Attila,252,250,0.9920634920634921
43,TISZA,002T,Balajti István,004H,Molnár János,254,254,1.0
43,TISZA,002T,Balajti István,k122,Kármán András,226,225,0.995575221238938
43,TISZA,002T,Balajti István,m076,Magyar Péter,189,189,1.0
43,TISZA,002T,Balajti István,t067,Tarr Zoltán,228,225,0.9868421052631579
43,TISZA,002U,Muhari Gergely,002V,Weigand István,240,240,1.0
43,TISZA,002U,Muhari Gergely,002W,Dr. Virágh Gabriella Mária,247,247,1.0
43,TISZA,002U,Muhari Gergely,002X,Trentin Balázs,212,211,0.9952830188679245
43,TISZA,002U,Muhari Gergely,002Y,Szimon Renáta,229,229,1.0
43,TISZA,002U,Muhari Gergely,002Z,Dr. Bilisics Zita,242,242,1.0
43,TISZA,002U,Muhari Gergely,0030,Dr. Porpáczy Krisztina,242,242,1.0
43,TISZA,002U,Muhari Gergely,0031,Bicskei László,246,246,1.0
43,TISZA,002U,Muhari Gergely,0032,Dr. Árvay Nikolett,235,234,0.9957446808510638
43,TISZA,002U,Muhari Gergely,0033,Varga Balázs,243,243,1.0
43,TISZA,002U,Muhari Gergely,0034,Csontos Bence,245,243,0.9918367346938776
43,TISZA,002U,Muhari Gergely,0035,Dr. Simon Zsuzsánna,238,238,1.0
43,TISZA,002U,Muhari Gergely,0036,Ráki Zsolt,247,247,1.0
43,TISZA,002U,Muhari Gergely,0037,Dr. Bóka Zsolt,242,241,0.9958677685950413
43,TISZA,002U,Muhari Gergely,0038,Kovács Petra Judit,241,240,0.995850622406639
43,TISZA,002U,Muhari Gergely,0039,Dr. Bugya László,247,247,1.0
43,TISZA,002U,Muhari Gergely,003A,Lovkó Csaba,246,246,1.0
43,TISZA,002U,Muhari Gergely,003B,Tóth Norbert,238,238,1.0
43,TISZA,002U,Muhari Gergely,003C,Dr. Balatincz Péter,176,176,1.0
43,TISZA,002U,Muhari Gergely,003D,Járosi Péter,247,247,1.0
43,TISZA,002U,Muhari Gergely,003E,Gombár Dávid,244,244,1.0
43,TISZA,002U,Muhari Gergely,003F,Szakács Péter Lajos,247,247,1.0
43,TISZA,002U,Muhari Gergely,003G,Dr. Dicső Viktória,241,241,1.0
43,TISZA,002U,Muhari Gergely,003H,Czakó Czirbus Pál,242,242,1.0
43,TISZA,002U,Muhari Gergely,003I,Dr. Németh Csilla,241,240,0.995850622406639
43,TISZA,002U,Muhari Gergely,003J,Dr. Kovács Gyula,246,246,1.0
43,TISZA,002U,Muhari Gergely,003K,Horváth Nándor Zsolt,246,246,1.0
43,TISZA,002U,Muhari Gergely,003L,Kapronczai Balázs,243,243,1.0
43,TISZA,002U,Muhari Gergely,003M,Dr. Juhász Áron,244,244,1.0
43,TISZA,002U,Muhari Gergely,003N,Kiss János,231,231,1.0
43,TISZA,002U,Muhari Gergely,003O,Gyömbér Dávid,245,245,1.0
43,TISZA,002U,Muhari Gergely,003P,Havasi Balázs,237,237,1.0
43,TISZA,002U,Muhari Gergely,003Q,Dr. Kovács Áron,246,246,1.0
43,TISZA,002U,Muhari Gergely,003R,Csiszár Béla,246,246,1.0
43,TISZA,002U,Muhari Gergely,003S,Dr. Szijjártó Gábor,246,246,1.0
43,TISZA,002U,Muhari Gergely,003T,Rápli Róbert,239,238,0.99581589958159
43,TISZA,002U,Muhari Gergely,003U,Ujvári Szilvia,247,246,0.9959514170040485
43,TISZA,002U,Muhari Gergely,003V,Dr. Farkas Csongor,247,247,1.0
43,TISZA,002U,Muhari Gergely,003W,Csák László,244,244,1.0
43,TISZA,002U,Muhari Gergely,003X,Néher András,245,245,1.0
43,TISZA,002U,Muhari Gergely,003Y,Bárkányi Bence,247,247,1.0
43,TISZA,002U,Muhari Gergely,003Z,Ferenczi Gábor,246,246,1.0
43,TISZA,002U,Muhari Gergely,0040,Dr. Nagy Márta,246,246,1.0
43,TISZA,002U,Muhari Gergely,0041,Dr. Gáspár Levente,245,245,1.0
43,TISZA,002U,Muhari Gergely,0042,Dr. Hallerné Dr. Nagy Anikó,234,233,0.9957264957264957
43,TISZA,002U,Muhari Gergely,0043,Dr. Bihari Zoltán,242,237,0.9793388429752066
43,TISZA,002U,Muhari Gergely,0044,Lontay László,239,239,1.0
43,TISZA,002U,Muhari Gergely,0045,Cseh Tamás,243,241,0.9917695473251029
43,TISZA,002U,Muhari Gergely,0046,Benke József,246,246,1.0
43,TISZA,002U,Muhari Gergely,0047,Hatala-Orosz Csaba,245,244,0.9959183673469387
43,TISZA,002U,Muhari Gergely,0048,Rózsahegyi Áron,230,230,1.0
43,TISZA,002U,Muhari Gergely,0049,Dr. Czipa András,190,190,1.0
43,TISZA,002U,Muhari Gergely,004A,Juhász Roland Csongor,247,247,1.0
43,TISZA,002U,Muhari Gergely,004B,Karsai-Juhász Katalin,238,238,1.0
43,TISZA,002U,Muhari Gergely,004C,Judák Zsolt,247,245,0.9919028340080972
43,TISZA,002U,Muhari Gergely,004D,Polgár György,247,247,1.0
43,TISZA,002U,Muhari Gergely,004E,Tárkányi Zsolt,236,235,0.9957627118644068
43,TISZA,002U,Muhari Gergely,004F,Dr. Stumpf Péter,247,246,0.9959514170040485
43,TISZA,002U,Muhari Gergely,004G,Gajda Attila,245,243,0.9918367346938776
43,TISZA,002U,Muhari Gergely,004H,Molnár János,246,246,1.0
43,TISZA,002U,Muhari Gergely,k122,Kármán András,223,222,0.9955156950672646
43,TISZA,002U,Muhari Gergely,m076,Magyar Péter,185,185,1.0
43,TISZA,002U,Muhari Gergely,t067,Tarr Zoltán,224,221,0.9866071428571429
43,TISZA,002V,Weigand István,002W,Dr. Virágh Gabriella Mária,248,248,1.0
43,TISZA,002V,Weigand István,002X,Trentin Balázs,212,211,0.9952830188679245
43,TISZA,002V,Weigand István,002Y,Szimon Renáta,227,227,1.0
43,TISZA,002V,Weigand István,002Z,Dr. Bilisics Zita,242,242,1.0
43,TISZA,002V,Weigand István,0030,Dr. Porpáczy Krisztina,243,243,1.0
43,TISZA,002V,Weigand István,0031,Bicskei László,247,247,1.0
43,TISZA,002V,Weigand István,0032,Dr. Árvay Nikolett,236,235,0.9957627118644068
43,TISZA,002V,Weigand István,0033,Varga Balázs,244,244,1.0
43,TISZA,002V,Weigand István,0034,Csontos Bence,246,244,0.991869918699187
43,TISZA,002V,Weigand István,0035,Dr. Simon Zsuzsánna,238,238,1.0
43,TISZA,002V,Weigand István,0036,Ráki Zsolt,248,248,1.0
43,TISZA,002V,Weigand István,0037,Dr. Bóka Zsolt,243,242,0.9958847736625515
43,TISZA,002V,Weigand István,0038,Kovács Petra Judit,242,241,0.9958677685950413
43,TISZA,002V,Weigand István,0039,Dr. Bugya László,248,248,1.0
43,TISZA,002V,Weigand István,003A,Lovkó Csaba,245,245,1.0
43,TISZA,002V,Weigand István,003B,Tóth Norbert,237,237,1.0
43,TISZA,002V,Weigand István,003C,Dr. Balatincz Péter,177,177,1.0
43,TISZA,002V,Weigand István,003D,Járosi Péter,248,248,1.0
43,TISZA,002V,Weigand István,003E,Gombár Dávid,244,244,1.0
43,TISZA,002V,Weigand István,003F,Szakács Péter Lajos,248,248,1.0
43,TISZA,002V,Weigand István,003G,Dr. Dicső Viktória,241,241,1.0
43,TISZA,002V,Weigand István,003H,Czakó Czirbus Pál,243,243,1.0
43,TISZA,002V,Weigand István,003I,Dr. Németh Csilla,244,243,0.9959016393442623
43,TISZA,002V,Weigand István,003J,Dr. Kovács Gyula,247,247,1.0
43,TISZA,002V,Weigand István,003K,Horváth Nándor Zsolt,247,247,1.0
43,TISZA,002V,Weigand István,003L,Kapronczai Balázs,246,246,1.0
43,TISZA,002V,Weigand István,003M,Dr. Juhász Áron,245,245,1.0
43,TISZA,002V,Weigand István,003N,Kiss János,231,231,1.0
43,TISZA,002V,Weigand István,003O,Gyömbér Dávid,245,245,1.0
43,TISZA,002V,Weigand István,003P,Havasi Balázs,236,236,1.0
43,TISZA,002V,Weigand István,003Q,Dr. Kovács Áron,246,246,1.0
43,TISZA,002V,Weigand István,003R,Csiszár Béla,247,247,1.0
43,TISZA,002V,Weigand István,003S,Dr. Szijjártó Gábor,245,245,1.0
43,TISZA,002V,Weigand István,003T,Rápli Róbert,242,241,0.9958677685950413
43,TISZA,002V,Weigand István,003U,Ujvári Szilvia,248,247,0.9959677419354839
43,TISZA,002V,Weigand István,003V,Dr. Farkas Csongor,248,248,1.0
43,TISZA,002V,Weigand István,003W,Csák László,244,244,1.0
43,TISZA,002V,Weigand István,003X,Néher András,245,245,1.0
43,TISZA,002V,Weigand István,003Y,Bárkányi Bence,248,248,1.0
43,TISZA,002V,Weigand István,003Z,Ferenczi Gábor,246,246,1.0
43,TISZA,002V,Weigand István,0040,Dr. Nagy Márta,246,246,1.0
43,TISZA,002V,Weigand István,0041,Dr. Gáspár Levente,247,247,1.0
43,TISZA,002V,Weigand István,0042,Dr. Hallerné Dr. Nagy Anikó,234,233,0.9957264957264957
43,TISZA,002V,Weigand István,0043,Dr. Bihari Zoltán,243,238,0.9794238683127572
43,TISZA,002V,Weigand István,0044,Lontay László,239,239,1.0
43,TISZA,002V,Weigand István,0045,Cseh Tamás,246,244,0.991869918699187
43,TISZA,002V,Weigand István,0046,Benke József,247,247,1.0
43,TISZA,002V,Weigand István,0047,Hatala-Orosz Csaba,246,245,0.9959349593495935
43,TISZA,002V,Weigand István,0048,Rózsahegyi Áron,233,233,1.0
43,TISZA,002V,Weigand István,0049,Dr. Czipa András,193,193,1.0
43,TISZA,002V,Weigand István,004A,Juhász Roland Csongor,248,248,1.0
43,TISZA,002V,Weigand István,004B,Karsai-Juhász Katalin,238,238,1.0
43,TISZA,002V,Weigand István,004C,Judák Zsolt,247,245,0.9919028340080972
43,TISZA,002V,Weigand István,004D,Polgár György,248,248,1.0
43,TISZA,002V,Weigand István,004E,Tárkányi Zsolt,238,237,0.9957983193277311
43,TISZA,002V,Weigand István,004F,Dr. Stumpf Péter,248,247,0.9959677419354839
43,TISZA,002V,Weigand István,004G,Gajda Attila,246,244,0.991869918699187
43,TISZA,002V,Weigand István,004H,Molnár János,247,247,1.0
43,TISZA,002V,Weigand István,k122,Kármán András,223,222,0.9955156950672646
43,TISZA,002V,Weigand István,m076,Magyar Péter,184,184,1.0
43,TISZA,002V,Weigand István,t067,Tarr Zoltán,224,221,0.9866071428571429
43,TISZA,002W,Dr. Virágh Gabriella Mária,002X,Trentin Balázs,219,218,0.9954337899543378
43,TISZA,002W,Dr. Virágh Gabriella Mária,002Y,Szimon Renáta,235,235,1.0
43,TISZA,002W,Dr. Virágh Gabriella Mária,002Z,Dr. Bilisics Zita,250,250,1.0
43,TISZA,002W,Dr. Virágh Gabriella Mária,0030,Dr. Porpáczy Krisztina,251,251,1.0
43,TISZA,002W,Dr. Virágh Gabriella Mária,0031,Bicskei László,255,255,1.0
43,TISZA,002W,Dr. Virágh Gabriella Mária,0032,Dr. Árvay Nikolett,244,243,0.9959016393442623
43,TISZA,002W,Dr. Virágh Gabriella Mária,0033,Varga Balázs,250,250,1.0
43,TISZA,002W,Dr. Virágh Gabriella Mária,0034,Csontos Bence,253,251,0.9920948616600791
43,TISZA,002W,Dr. Virágh Gabriella Mária,0035,Dr. Simon Zsuzsánna,246,246,1.0
43,TISZA,002W,Dr. Virágh Gabriella Mária,0036,Ráki Zsolt,256,256,1.0
43,TISZA,002W,Dr. Virágh Gabriella Mária,0037,Dr. Bóka Zsolt,250,249,0.996
43,TISZA,002W,Dr. Virágh Gabriella Mária,0038,Kovács Petra Judit,250,249,0.996
43,TISZA,002W,Dr. Virágh Gabriella Mária,0039,Dr. Bugya László,256,256,1.0
43,TISZA,002W,Dr. Virágh Gabriella Mária,003A,Lovkó Csaba,253,253,1.0
43,TISZA,002W,Dr. Virágh Gabriella Mária,003B,Tóth Norbert,244,244,1.0
43,TISZA,002W,Dr. Virágh Gabriella Mária,003C,Dr. Balatincz Péter,181,181,1.0
43,TISZA,002W,Dr. Virágh Gabriella Mária,003D,Járosi Péter,256,256,1.0
43,TISZA,002W,Dr. Virágh Gabriella Mária,003E,Gombár Dávid,252,252,1.0
43,TISZA,002W,Dr. Virágh Gabriella Mária,003F,Szakács Péter Lajos,256,256,1.0
43,TISZA,002W,Dr. Virágh Gabriella Mária,003G,Dr. Dicső Viktória,249,249,1.0
43,TISZA,002W,Dr. Virágh Gabriella Mária,003H,Czakó Czirbus Pál,251,251,1.0
43,TISZA,002W,Dr. Virágh Gabriella Mária,003I,Dr. Németh Csilla,248,247,0.9959677419354839
43,TISZA,002W,Dr. Virágh Gabriella Mária,003J,Dr. Kovács Gyula,255,255,1.0
43,TISZA,002W,Dr. Virágh Gabriella Mária,003K,Horváth Nándor Zsolt,255,255,1.0
43,TISZA,002W,Dr. Virágh Gabriella Mária,003L,Kapronczai Balázs,251,251,1.0
43,TISZA,002W,Dr. Virágh Gabriella Mária,003M,Dr. Juhász Áron,252,252,1.0
43,TISZA,002W,Dr. Virágh Gabriella Mária,003N,Kiss János,237,237,1.0
43,TISZA,002W,Dr. Virágh Gabriella Mária,003O,Gyömbér Dávid,253,253,1.0
43,TISZA,002W,Dr. Virágh Gabriella Mária,003P,Havasi Balázs,243,243,1.0
43,TISZA,002W,Dr. Virágh Gabriella Mária,003Q,Dr. Kovács Áron,254,254,1.0
43,TISZA,002W,Dr. Virágh Gabriella Mária,003R,Csiszár Béla,255,255,1.0
43,TISZA,002W,Dr. Virágh Gabriella Mária,003S,Dr. Szijjártó Gábor,253,253,1.0
43,TISZA,002W,Dr. Virágh Gabriella Mária,003T,Rápli Róbert,247,246,0.9959514170040485
43,TISZA,002W,Dr. Virágh Gabriella Mária,003U,Ujvári Szilvia,256,255,0.99609375
43,TISZA,002W,Dr. Virágh Gabriella Mária,003V,Dr. Farkas Csongor,256,256,1.0
43,TISZA,002W,Dr. Virágh Gabriella Mária,003W,Csák László,252,252,1.0
43,TISZA,002W,Dr. Virágh Gabriella Mária,003X,Néher András,253,253,1.0
43,TISZA,002W,Dr. Virágh Gabriella Mária,003Y,Bárkányi Bence,256,256,1.0
43,TISZA,002W,Dr. Virágh Gabriella Mária,003Z,Ferenczi Gábor,254,254,1.0
43,TISZA,002W,Dr. Virágh Gabriella Mária,0040,Dr. Nagy Márta,254,254,1.0
43,TISZA,002W,Dr. Virágh Gabriella Mária,0041,Dr. Gáspár Levente,254,254,1.0
43,TISZA,002W,Dr. Virágh Gabriella Mária,0042,Dr. Hallerné Dr. Nagy Anikó,240,239,0.9958333333333333
43,TISZA,002W,Dr. Virágh Gabriella Mária,0043,Dr. Bihari Zoltán,251,246,0.9800796812749004
43,TISZA,002W,Dr. Virágh Gabriella Mária,0044,Lontay László,247,247,1.0
43,TISZA,002W,Dr. Virágh Gabriella Mária,0045,Cseh Tamás,251,249,0.9920318725099602
43,TISZA,002W,Dr. Virágh Gabriella Mária,0046,Benke József,255,255,1.0
43,TISZA,002W,Dr. Virágh Gabriella Mária,0047,Hatala-Orosz Csaba,254,253,0.9960629921259843
43,TISZA,002W,Dr. Virágh Gabriella Mária,0048,Rózsahegyi Áron,238,238,1.0
43,TISZA,002W,Dr. Virágh Gabriella Mária,0049,Dr. Czipa András,195,195,1.0
43,TISZA,002W,Dr. Virágh Gabriella Mária,004A,Juhász Roland Csongor,256,256,1.0
43,TISZA,002W,Dr. Virágh Gabriella Mária,004B,Karsai-Juhász Katalin,246,246,1.0
43,TISZA,002W,Dr. Virágh Gabriella Mária,004C,Judák Zsolt,255,253,0.9921568627450981
43,TISZA,002W,Dr. Virágh Gabriella Mária,004D,Polgár György,256,256,1.0
43,TISZA,002W,Dr. Virágh Gabriella Mária,004E,Tárkányi Zsolt,244,243,0.9959016393442623
43,TISZA,002W,Dr. Virágh Gabriella Mária,004F,Dr. Stumpf Péter,256,255,0.99609375
43,TISZA,002W,Dr. Virágh Gabriella Mária,004G,Gajda Attila,254,252,0.9921259842519685
43,TISZA,002W,Dr. Virágh Gabriella Mária,004H,Molnár János,255,255,1.0
43,TISZA,002W,Dr. Virágh Gabriella Mária,k122,Kármán András,227,226,0.9955947136563876
43,TISZA,002W,Dr. Virágh Gabriella Mária,m076,Magyar Péter,189,189,1.0
43,TISZA,002W,Dr. Virágh Gabriella Mária,t067,Tarr Zoltán,229,226,0.9868995633187773
43,TISZA,002X,Trentin Balázs,002Y,Szimon Renáta,198,197,0.9949494949494949
43,TISZA,002X,Trentin Balázs,002Z,Dr. Bilisics Zita,213,212,0.9953051643192489
43,TISZA,002X,Trentin Balázs,0030,Dr. Porpáczy Krisztina,215,214,0.9953488372093023
43,TISZA,002X,Trentin Balázs,0031,Bicskei László,219,218,0.9954337899543378
43,TISZA,002X,Trentin Balázs,0032,Dr. Árvay Nikolett,207,205,0.9903381642512077
43,TISZA,002X,Trentin Balázs,0033,Varga Balázs,215,214,0.9953488372093023
43,TISZA,002X,Trentin Balázs,0034,Csontos Bence,216,213,0.9861111111111112
43,TISZA,002X,Trentin Balázs,0035,Dr. Simon Zsuzsánna,209,208,0.9952153110047847
43,TISZA,002X,Trentin Balázs,0036,Ráki Zsolt,219,218,0.9954337899543378
43,TISZA,002X,Trentin Balázs,0037,Dr. Bóka Zsolt,214,212,0.9906542056074766
43,TISZA,002X,Trentin Balázs,0038,Kovács Petra Judit,213,211,0.9906103286384976
43,TISZA,002X,Trentin Balázs,0039,Dr. Bugya László,219,218,0.9954337899543378
43,TISZA,002X,Trentin Balázs,003A,Lovkó Csaba,217,216,0.9953917050691244
43,TISZA,002X,Trentin Balázs,003B,Tóth Norbert,212,211,0.9952830188679245
43,TISZA,002X,Trentin Balázs,003C,Dr. Balatincz Péter,146,145,0.9931506849315068
43,TISZA,002X,Trentin Balázs,003D,Járosi Péter,219,218,0.9954337899543378
43,TISZA,002X,Trentin Balázs,003E,Gombár Dávid,217,216,0.9953917050691244
43,TISZA,002X,Trentin Balázs,003F,Szakács Péter Lajos,219,218,0.9954337899543378
43,TISZA,002X,Trentin Balázs,003G,Dr. Dicső Viktória,212,211,0.9952830188679245
43,TISZA,002X,Trentin Balázs,003H,Czakó Czirbus Pál,214,213,0.9953271028037384
43,TISZA,002X,Trentin Balázs,003I,Dr. Németh Csilla,212,210,0.9905660377358491
43,TISZA,002X,Trentin Balázs,003J,Dr. Kovács Gyula,218,217,0.9954128440366973
43,TISZA,002X,Trentin Balázs,003K,Horváth Nándor Zsolt,218,217,0.9954128440366973
43,TISZA,002X,Trentin Balázs,003L,Kapronczai Balázs,215,214,0.9953488372093023
43,TISZA,002X,Trentin Balázs,003M,Dr. Juhász Áron,216,215,0.9953703703703703
43,TISZA,002X,Trentin Balázs,003N,Kiss János,203,203,1.0
43,TISZA,002X,Trentin Balázs,003O,Gyömbér Dávid,216,215,0.9953703703703703
43,TISZA,002X,Trentin Balázs,003P,Havasi Balázs,214,213,0.9953271028037384
43,TISZA,002X,Trentin Balázs,003Q,Dr. Kovács Áron,217,216,0.9953917050691244
43,TISZA,002X,Trentin Balázs,003R,Csiszár Béla,218,217,0.9954128440366973
43,TISZA,002X,Trentin Balázs,003S,Dr. Szijjártó Gábor,217,216,0.9953917050691244
43,TISZA,002X,Trentin Balázs,003T,Rápli Róbert,210,208,0.9904761904761905
43,TISZA,002X,Trentin Balázs,003U,Ujvári Szilvia,219,217,0.9908675799086758
43,TISZA,002X,Trentin Balázs,003V,Dr. Farkas Csongor,219,218,0.9954337899543378
43,TISZA,002X,Trentin Balázs,003W,Csák László,216,215,0.9953703703703703
43,TISZA,002X,Trentin Balázs,003X,Néher András,216,215,0.9953703703703703
43,TISZA,002X,Trentin Balázs,003Y,Bárkányi Bence,219,218,0.9954337899543378
43,TISZA,002X,Trentin Balázs,003Z,Ferenczi Gábor,217,216,0.9953917050691244
43,TISZA,002X,Trentin Balázs,0040,Dr. Nagy Márta,218,217,0.9954128440366973
43,TISZA,002X,Trentin Balázs,0041,Dr. Gáspár Levente,217,216,0.9953917050691244
43,TISZA,002X,Trentin Balázs,0042,Dr. Hallerné Dr. Nagy Anikó,207,205,0.9903381642512077
43,TISZA,002X,Trentin Balázs,0043,Dr. Bihari Zoltán,216,210,0.9722222222222222
43,TISZA,002X,Trentin Balázs,0044,Lontay László,211,210,0.995260663507109
43,TISZA,002X,Trentin Balázs,0045,Cseh Tamás,214,212,0.9906542056074766
43,TISZA,002X,Trentin Balázs,0046,Benke József,218,217,0.9954128440366973
43,TISZA,002X,Trentin Balázs,0047,Hatala-Orosz Csaba,217,215,0.9907834101382489
43,TISZA,002X,Trentin Balázs,0048,Rózsahegyi Áron,201,200,0.9950248756218906
43,TISZA,002X,Trentin Balázs,0049,Dr. Czipa András,161,160,0.9937888198757764
43,TISZA,002X,Trentin Balázs,004A,Juhász Roland Csongor,219,218,0.9954337899543378
43,TISZA,002X,Trentin Balázs,004B,Karsai-Juhász Katalin,209,209,1.0
43,TISZA,002X,Trentin Balázs,004C,Judák Zsolt,218,215,0.9862385321100917
43,TISZA,002X,Trentin Balázs,004D,Polgár György,219,218,0.9954337899543378
43,TISZA,002X,Trentin Balázs,004E,Tárkányi Zsolt,208,206,0.9903846153846154
43,TISZA,002X,Trentin Balázs,004F,Dr. Stumpf Péter,219,217,0.9908675799086758
43,TISZA,002X,Trentin Balázs,004G,Gajda Attila,217,214,0.9861751152073732
43,TISZA,002X,Trentin Balázs,004H,Molnár János,218,217,0.9954128440366973
43,TISZA,002X,Trentin Balázs,k122,Kármán András,196,194,0.9897959183673469
43,TISZA,002X,Trentin Balázs,m076,Magyar Péter,161,160,0.9937888198757764
43,TISZA,002X,Trentin Balázs,t067,Tarr Zoltán,201,197,0.9800995024875622
43,TISZA,002Y,Szimon Renáta,002Z,Dr. Bilisics Zita,230,230,1.0
43,TISZA,002Y,Szimon Renáta,0030,Dr. Porpáczy Krisztina,230,230,1.0
43,TISZA,002Y,Szimon Renáta,0031,Bicskei László,234,234,1.0
43,TISZA,002Y,Szimon Renáta,0032,Dr. Árvay Nikolett,223,222,0.9955156950672646
43,TISZA,002Y,Szimon Renáta,0033,Varga Balázs,230,230,1.0
43,TISZA,002Y,Szimon Renáta,0034,Csontos Bence,232,230,0.9913793103448276
43,TISZA,002Y,Szimon Renáta,0035,Dr. Simon Zsuzsánna,226,226,1.0
43,TISZA,002Y,Szimon Renáta,0036,Ráki Zsolt,235,235,1.0
43,TISZA,002Y,Szimon Renáta,0037,Dr. Bóka Zsolt,230,229,0.9956521739130435
43,TISZA,002Y,Szimon Renáta,0038,Kovács Petra Judit,229,228,0.9956331877729258
43,TISZA,002Y,Szimon Renáta,0039,Dr. Bugya László,235,235,1.0
43,TISZA,002Y,Szimon Renáta,003A,Lovkó Csaba,233,233,1.0
43,TISZA,002Y,Szimon Renáta,003B,Tóth Norbert,224,224,1.0
43,TISZA,002Y,Szimon Renáta,003C,Dr. Balatincz Péter,161,161,1.0
43,TISZA,002Y,Szimon Renáta,003D,Járosi Péter,235,235,1.0
43,TISZA,002Y,Szimon Renáta,003E,Gombár Dávid,231,231,1.0
43,TISZA,002Y,Szimon Renáta,003F,Szakács Péter Lajos,235,235,1.0
43,TISZA,002Y,Szimon Renáta,003G,Dr. Dicső Viktória,228,228,1.0
43,TISZA,002Y,Szimon Renáta,003H,Czakó Czirbus Pál,230,230,1.0
43,TISZA,002Y,Szimon Renáta,003I,Dr. Németh Csilla,227,226,0.9955947136563876
43,TISZA,002Y,Szimon Renáta,003J,Dr. Kovács Gyula,234,234,1.0
43,TISZA,002Y,Szimon Renáta,003K,Horváth Nándor Zsolt,234,234,1.0
43,TISZA,002Y,Szimon Renáta,003L,Kapronczai Balázs,231,231,1.0
43,TISZA,002Y,Szimon Renáta,003M,Dr. Juhász Áron,231,231,1.0
43,TISZA,002Y,Szimon Renáta,003N,Kiss János,217,217,1.0
43,TISZA,002Y,Szimon Renáta,003O,Gyömbér Dávid,233,233,1.0
43,TISZA,002Y,Szimon Renáta,003P,Havasi Balázs,223,223,1.0
43,TISZA,002Y,Szimon Renáta,003Q,Dr. Kovács Áron,234,234,1.0
43,TISZA,002Y,Szimon Renáta,003R,Csiszár Béla,234,234,1.0
43,TISZA,002Y,Szimon Renáta,003S,Dr. Szijjártó Gábor,232,232,1.0
43,TISZA,002Y,Szimon Renáta,003T,Rápli Róbert,226,225,0.995575221238938
43,TISZA,002Y,Szimon Renáta,003U,Ujvári Szilvia,235,234,0.9957446808510638
43,TISZA,002Y,Szimon Renáta,003V,Dr. Farkas Csongor,235,235,1.0
43,TISZA,002Y,Szimon Renáta,003W,Csák László,231,231,1.0
43,TISZA,002Y,Szimon Renáta,003X,Néher András,232,232,1.0
43,TISZA,002Y,Szimon Renáta,003Y,Bárkányi Bence,235,235,1.0
43,TISZA,002Y,Szimon Renáta,003Z,Ferenczi Gábor,234,234,1.0
43,TISZA,002Y,Szimon Renáta,0040,Dr. Nagy Márta,233,233,1.0
43,TISZA,002Y,Szimon Renáta,0041,Dr. Gáspár Levente,233,233,1.0
43,TISZA,002Y,Szimon Renáta,0042,Dr. Hallerné Dr. Nagy Anikó,220,219,0.9954545454545455
43,TISZA,002Y,Szimon Renáta,0043,Dr. Bihari Zoltán,230,225,0.9782608695652174
43,TISZA,002Y,Szimon Renáta,0044,Lontay László,226,226,1.0
43,TISZA,002Y,Szimon Renáta,0045,Cseh Tamás,230,228,0.991304347826087
43,TISZA,002Y,Szimon Renáta,0046,Benke József,234,234,1.0
43,TISZA,002Y,Szimon Renáta,0047,Hatala-Orosz Csaba,233,232,0.9957081545064378
43,TISZA,002Y,Szimon Renáta,0048,Rózsahegyi Áron,218,218,1.0
43,TISZA,002Y,Szimon Renáta,0049,Dr. Czipa András,175,175,1.0
43,TISZA,002Y,Szimon Renáta,004A,Juhász Roland Csongor,235,235,1.0
43,TISZA,002Y,Szimon Renáta,004B,Karsai-Juhász Katalin,226,226,1.0
43,TISZA,002Y,Szimon Renáta,004C,Judák Zsolt,234,232,0.9914529914529915
43,TISZA,002Y,Szimon Renáta,004D,Polgár György,235,235,1.0
43,TISZA,002Y,Szimon Renáta,004E,Tárkányi Zsolt,224,224,1.0
43,TISZA,002Y,Szimon Renáta,004F,Dr. Stumpf Péter,235,234,0.9957446808510638
43,TISZA,002Y,Szimon Renáta,004G,Gajda Attila,233,231,0.9914163090128756
43,TISZA,002Y,Szimon Renáta,004H,Molnár János,234,234,1.0
43,TISZA,002Y,Szimon Renáta,k122,Kármán András,207,206,0.9951690821256038
43,TISZA,002Y,Szimon Renáta,m076,Magyar Péter,170,170,1.0
43,TISZA,002Y,Szimon Renáta,t067,Tarr Zoltán,209,206,0.9856459330143541
43,TISZA,002Z,Dr. Bilisics Zita,0030,Dr. Porpáczy Krisztina,246,246,1.0
43,TISZA,002Z,Dr. Bilisics Zita,0031,Bicskei László,249,249,1.0
43,TISZA,002Z,Dr. Bilisics Zita,0032,Dr. Árvay Nikolett,238,237,0.9957983193277311
43,TISZA,002Z,Dr. Bilisics Zita,0033,Varga Balázs,245,245,1.0
43,TISZA,002Z,Dr. Bilisics Zita,0034,Csontos Bence,248,246,0.9919354838709677
43,TISZA,002Z,Dr. Bilisics Zita,0035,Dr. Simon Zsuzsánna,241,241,1.0
43,TISZA,002Z,Dr. Bilisics Zita,0036,Ráki Zsolt,250,250,1.0
43,TISZA,002Z,Dr. Bilisics Zita,0037,Dr. Bóka Zsolt,245,244,0.9959183673469387
43,TISZA,002Z,Dr. Bilisics Zita,0038,Kovács Petra Judit,244,243,0.9959016393442623
43,TISZA,002Z,Dr. Bilisics Zita,0039,Dr. Bugya László,250,250,1.0
43,TISZA,002Z,Dr. Bilisics Zita,003A,Lovkó Csaba,248,248,1.0
43,TISZA,002Z,Dr. Bilisics Zita,003B,Tóth Norbert,238,238,1.0
43,TISZA,002Z,Dr. Bilisics Zita,003C,Dr. Balatincz Péter,175,175,1.0
43,TISZA,002Z,Dr. Bilisics Zita,003D,Járosi Péter,250,250,1.0
43,TISZA,002Z,Dr. Bilisics Zita,003E,Gombár Dávid,246,246,1.0
43,TISZA,002Z,Dr. Bilisics Zita,003F,Szakács Péter Lajos,250,250,1.0
43,TISZA,002Z,Dr. Bilisics Zita,003G,Dr. Dicső Viktória,246,246,1.0
43,TISZA,002Z,Dr. Bilisics Zita,003H,Czakó Czirbus Pál,245,245,1.0
43,TISZA,002Z,Dr. Bilisics Zita,003I,Dr. Németh Csilla,242,241,0.9958677685950413
43,TISZA,002Z,Dr. Bilisics Zita,003J,Dr. Kovács Gyula,249,249,1.0
43,TISZA,002Z,Dr. Bilisics Zita,003K,Horváth Nándor Zsolt,249,249,1.0
43,TISZA,002Z,Dr. Bilisics Zita,003L,Kapronczai Balázs,245,245,1.0
43,TISZA,002Z,Dr. Bilisics Zita,003M,Dr. Juhász Áron,246,246,1.0
43,TISZA,002Z,Dr. Bilisics Zita,003N,Kiss János,232,232,1.0
43,TISZA,002Z,Dr. Bilisics Zita,003O,Gyömbér Dávid,247,247,1.0
43,TISZA,002Z,Dr. Bilisics Zita,003P,Havasi Balázs,239,239,1.0
43,TISZA,002Z,Dr. Bilisics Zita,003Q,Dr. Kovács Áron,248,248,1.0
43,TISZA,002Z,Dr. Bilisics Zita,003R,Csiszár Béla,249,249,1.0
43,TISZA,002Z,Dr. Bilisics Zita,003S,Dr. Szijjártó Gábor,248,248,1.0
43,TISZA,002Z,Dr. Bilisics Zita,003T,Rápli Róbert,241,240,0.995850622406639
43,TISZA,002Z,Dr. Bilisics Zita,003U,Ujvári Szilvia,250,249,0.996
43,TISZA,002Z,Dr. Bilisics Zita,003V,Dr. Farkas Csongor,250,250,1.0
43,TISZA,002Z,Dr. Bilisics Zita,003W,Csák László,246,246,1.0
43,TISZA,002Z,Dr. Bilisics Zita,003X,Néher András,250,250,1.0
43,TISZA,002Z,Dr. Bilisics Zita,003Y,Bárkányi Bence,250,250,1.0
43,TISZA,002Z,Dr. Bilisics Zita,003Z,Ferenczi Gábor,248,248,1.0
43,TISZA,002Z,Dr. Bilisics Zita,0040,Dr. Nagy Márta,249,249,1.0
43,TISZA,002Z,Dr. Bilisics Zita,0041,Dr. Gáspár Levente,248,248,1.0
43,TISZA,002Z,Dr. Bilisics Zita,0042,Dr. Hallerné Dr. Nagy Anikó,236,235,0.9957627118644068
43,TISZA,002Z,Dr. Bilisics Zita,0043,Dr. Bihari Zoltán,245,242,0.9877551020408163
43,TISZA,002Z,Dr. Bilisics Zita,0044,Lontay László,241,241,1.0
43,TISZA,002Z,Dr. Bilisics Zita,0045,Cseh Tamás,245,243,0.9918367346938776
43,TISZA,002Z,Dr. Bilisics Zita,0046,Benke József,249,249,1.0
43,TISZA,002Z,Dr. Bilisics Zita,0047,Hatala-Orosz Csaba,249,248,0.9959839357429718
43,TISZA,002Z,Dr. Bilisics Zita,0048,Rózsahegyi Áron,234,234,1.0
43,TISZA,002Z,Dr. Bilisics Zita,0049,Dr. Czipa András,193,193,1.0
43,TISZA,002Z,Dr. Bilisics Zita,004A,Juhász Roland Csongor,250,250,1.0
43,TISZA,002Z,Dr. Bilisics Zita,004B,Karsai-Juhász Katalin,240,240,1.0
43,TISZA,002Z,Dr. Bilisics Zita,004C,Judák Zsolt,250,248,0.992
43,TISZA,002Z,Dr. Bilisics Zita,004D,Polgár György,250,250,1.0
43,TISZA,002Z,Dr. Bilisics Zita,004E,Tárkányi Zsolt,239,238,0.99581589958159
43,TISZA,002Z,Dr. Bilisics Zita,004F,Dr. Stumpf Péter,250,250,1.0
43,TISZA,002Z,Dr. Bilisics Zita,004G,Gajda Attila,248,246,0.9919354838709677
43,TISZA,002Z,Dr. Bilisics Zita,004H,Molnár János,249,249,1.0
43,TISZA,002Z,Dr. Bilisics Zita,k122,Kármán András,223,222,0.9955156950672646
43,TISZA,002Z,Dr. Bilisics Zita,m076,Magyar Péter,186,186,1.0
43,TISZA,002Z,Dr. Bilisics Zita,t067,Tarr Zoltán,224,221,0.9866071428571429
43,TISZA,0030,Dr. Porpáczy Krisztina,0031,Bicskei László,250,250,1.0
43,TISZA,0030,Dr. Porpáczy Krisztina,0032,Dr. Árvay Nikolett,240,239,0.9958333333333333
43,TISZA,0030,Dr. Porpáczy Krisztina,0033,Varga Balázs,245,245,1.0
43,TISZA,0030,Dr. Porpáczy Krisztina,0034,Csontos Bence,249,247,0.9919678714859438
43,TISZA,0030,Dr. Porpáczy Krisztina,0035,Dr. Simon Zsuzsánna,243,243,1.0
43,TISZA,0030,Dr. Porpáczy Krisztina,0036,Ráki Zsolt,251,251,1.0
43,TISZA,0030,Dr. Porpáczy Krisztina,0037,Dr. Bóka Zsolt,245,244,0.9959183673469387
43,TISZA,0030,Dr. Porpáczy Krisztina,0038,Kovács Petra Judit,247,246,0.9959514170040485
43,TISZA,0030,Dr. Porpáczy Krisztina,0039,Dr. Bugya László,251,251,1.0
43,TISZA,0030,Dr. Porpáczy Krisztina,003A,Lovkó Csaba,248,248,1.0
43,TISZA,0030,Dr. Porpáczy Krisztina,003B,Tóth Norbert,240,240,1.0
43,TISZA,0030,Dr. Porpáczy Krisztina,003C,Dr. Balatincz Péter,177,177,1.0
43,TISZA,0030,Dr. Porpáczy Krisztina,003D,Járosi Péter,251,251,1.0
43,TISZA,0030,Dr. Porpáczy Krisztina,003E,Gombár Dávid,247,247,1.0
43,TISZA,0030,Dr. Porpáczy Krisztina,003F,Szakács Péter Lajos,251,251,1.0
43,TISZA,0030,Dr. Porpáczy Krisztina,003G,Dr. Dicső Viktória,246,246,1.0
43,TISZA,0030,Dr. Porpáczy Krisztina,003H,Czakó Czirbus Pál,247,247,1.0
43,TISZA,0030,Dr. Porpáczy Krisztina,003I,Dr. Németh Csilla,243,242,0.9958847736625515
43,TISZA,0030,Dr. Porpáczy Krisztina,003J,Dr. Kovács Gyula,250,250,1.0
43,TISZA,0030,Dr. Porpáczy Krisztina,003K,Horváth Nándor Zsolt,250,250,1.0
43,TISZA,0030,Dr. Porpáczy Krisztina,003L,Kapronczai Balázs,246,246,1.0
43,TISZA,0030,Dr. Porpáczy Krisztina,003M,Dr. Juhász Áron,247,247,1.0
43,TISZA,0030,Dr. Porpáczy Krisztina,003N,Kiss János,234,234,1.0
43,TISZA,0030,Dr. Porpáczy Krisztina,003O,Gyömbér Dávid,248,248,1.0
43,TISZA,0030,Dr. Porpáczy Krisztina,003P,Havasi Balázs,239,239,1.0
43,TISZA,0030,Dr. Porpáczy Krisztina,003Q,Dr. Kovács Áron,250,250,1.0
43,TISZA,0030,Dr. Porpáczy Krisztina,003R,Csiszár Béla,251,251,1.0
43,TISZA,0030,Dr. Porpáczy Krisztina,003S,Dr. Szijjártó Gábor,248,248,1.0
43,TISZA,0030,Dr. Porpáczy Krisztina,003T,Rápli Róbert,242,241,0.9958677685950413
43,TISZA,0030,Dr. Porpáczy Krisztina,003U,Ujvári Szilvia,251,250,0.9960159362549801
43,TISZA,0030,Dr. Porpáczy Krisztina,003V,Dr. Farkas Csongor,251,251,1.0
43,TISZA,0030,Dr. Porpáczy Krisztina,003W,Csák László,247,247,1.0
43,TISZA,0030,Dr. Porpáczy Krisztina,003X,Néher András,248,248,1.0
43,TISZA,0030,Dr. Porpáczy Krisztina,003Y,Bárkányi Bence,251,251,1.0
43,TISZA,0030,Dr. Porpáczy Krisztina,003Z,Ferenczi Gábor,249,249,1.0
43,TISZA,0030,Dr. Porpáczy Krisztina,0040,Dr. Nagy Márta,249,249,1.0
43,TISZA,0030,Dr. Porpáczy Krisztina,0041,Dr. Gáspár Levente,249,249,1.0
43,TISZA,0030,Dr. Porpáczy Krisztina,0042,Dr. Hallerné Dr. Nagy Anikó,236,235,0.9957627118644068
43,TISZA,0030,Dr. Porpáczy Krisztina,0043,Dr. Bihari Zoltán,246,242,0.983739837398374
43,TISZA,0030,Dr. Porpáczy Krisztina,0044,Lontay László,242,242,1.0
43,TISZA,0030,Dr. Porpáczy Krisztina,0045,Cseh Tamás,246,244,0.991869918699187
43,TISZA,0030,Dr. Porpáczy Krisztina,0046,Benke József,251,251,1.0
43,TISZA,0030,Dr. Porpáczy Krisztina,0047,Hatala-Orosz Csaba,250,250,1.0
43,TISZA,0030,Dr. Porpáczy Krisztina,0048,Rózsahegyi Áron,234,234,1.0
43,TISZA,0030,Dr. Porpáczy Krisztina,0049,Dr. Czipa András,191,191,1.0
43,TISZA,0030,Dr. Porpáczy Krisztina,004A,Juhász Roland Csongor,251,251,1.0
43,TISZA,0030,Dr. Porpáczy Krisztina,004B,Karsai-Juhász Katalin,241,241,1.0
43,TISZA,0030,Dr. Porpáczy Krisztina,004C,Judák Zsolt,250,248,0.992
43,TISZA,0030,Dr. Porpáczy Krisztina,004D,Polgár György,251,251,1.0
43,TISZA,0030,Dr. Porpáczy Krisztina,004E,Tárkányi Zsolt,241,240,0.995850622406639
43,TISZA,0030,Dr. Porpáczy Krisztina,004F,Dr. Stumpf Péter,251,251,1.0
43,TISZA,0030,Dr. Porpáczy Krisztina,004G,Gajda Attila,249,248,0.9959839357429718
43,TISZA,0030,Dr. Porpáczy Krisztina,004H,Molnár János,250,250,1.0
43,TISZA,0030,Dr. Porpáczy Krisztina,k122,Kármán András,222,221,0.9954954954954955
43,TISZA,0030,Dr. Porpáczy Krisztina,m076,Magyar Péter,189,189,1.0
43,TISZA,0030,Dr. Porpáczy Krisztina,t067,Tarr Zoltán,228,226,0.9912280701754386
43,TISZA,0031,Bicskei László,0032,Dr. Árvay Nikolett,243,242,0.9958847736625515
43,TISZA,0031,Bicskei László,0033,Varga Balázs,250,250,1.0
43,TISZA,0031,Bicskei László,0034,Csontos Bence,252,250,0.9920634920634921
43,TISZA,0031,Bicskei László,0035,Dr. Simon Zsuzsánna,245,245,1.0
43,TISZA,0031,Bicskei László,0036,Ráki Zsolt,255,255,1.0
43,TISZA,0031,Bicskei László,0037,Dr. Bóka Zsolt,250,249,0.996
43,TISZA,0031,Bicskei László,0038,Kovács Petra Judit,249,248,0.9959839357429718
43,TISZA,0031,Bicskei László,0039,Dr. Bugya László,255,255,1.0
43,TISZA,0031,Bicskei László,003A,Lovkó Csaba,252,252,1.0
43,TISZA,0031,Bicskei László,003B,Tóth Norbert,244,244,1.0
43,TISZA,0031,Bicskei László,003C,Dr. Balatincz Péter,180,180,1.0
43,TISZA,0031,Bicskei László,003D,Járosi Péter,255,255,1.0
43,TISZA,0031,Bicskei László,003E,Gombár Dávid,252,252,1.0
43,TISZA,0031,Bicskei László,003F,Szakács Péter Lajos,255,255,1.0
43,TISZA,0031,Bicskei László,003G,Dr. Dicső Viktória,248,248,1.0
43,TISZA,0031,Bicskei László,003H,Czakó Czirbus Pál,250,250,1.0
43,TISZA,0031,Bicskei László,003I,Dr. Németh Csilla,247,246,0.9959514170040485
43,TISZA,0031,Bicskei László,003J,Dr. Kovács Gyula,254,254,1.0
43,TISZA,0031,Bicskei László,003K,Horváth Nándor Zsolt,254,254,1.0
43,TISZA,0031,Bicskei László,003L,Kapronczai Balázs,250,250,1.0
43,TISZA,0031,Bicskei László,003M,Dr. Juhász Áron,251,251,1.0
43,TISZA,0031,Bicskei László,003N,Kiss János,236,236,1.0
43,TISZA,0031,Bicskei László,003O,Gyömbér Dávid,252,252,1.0
43,TISZA,0031,Bicskei László,003P,Havasi Balázs,243,243,1.0
43,TISZA,0031,Bicskei László,003Q,Dr. Kovács Áron,253,253,1.0
43,TISZA,0031,Bicskei László,003R,Csiszár Béla,254,254,1.0
43,TISZA,0031,Bicskei László,003S,Dr. Szijjártó Gábor,252,252,1.0
43,TISZA,0031,Bicskei László,003T,Rápli Róbert,246,245,0.9959349593495935
43,TISZA,0031,Bicskei László,003U,Ujvári Szilvia,255,254,0.996078431372549
43,TISZA,0031,Bicskei László,003V,Dr. Farkas Csongor,255,255,1.0
43,TISZA,0031,Bicskei László,003W,Csák László,251,251,1.0
43,TISZA,0031,Bicskei László,003X,Néher András,252,252,1.0
43,TISZA,0031,Bicskei László,003Y,Bárkányi Bence,255,255,1.0
43,TISZA,0031,Bicskei László,003Z,Ferenczi Gábor,253,253,1.0
43,TISZA,0031,Bicskei László,0040,Dr. Nagy Márta,253,253,1.0
43,TISZA,0031,Bicskei László,0041,Dr. Gáspár Levente,253,253,1.0
43,TISZA,0031,Bicskei László,0042,Dr. Hallerné Dr. Nagy Anikó,239,238,0.99581589958159
43,TISZA,0031,Bicskei László,0043,Dr. Bihari Zoltán,250,245,0.98
43,TISZA,0031,Bicskei László,0044,Lontay László,247,247,1.0
43,TISZA,0031,Bicskei László,0045,Cseh Tamás,250,249,0.996
43,TISZA,0031,Bicskei László,0046,Benke József,254,254,1.0
43,TISZA,0031,Bicskei László,0047,Hatala-Orosz Csaba,253,252,0.9960474308300395
43,TISZA,0031,Bicskei László,0048,Rózsahegyi Áron,237,237,1.0
43,TISZA,0031,Bicskei László,0049,Dr. Czipa András,195,195,1.0
43,TISZA,0031,Bicskei László,004A,Juhász Roland Csongor,255,255,1.0
43,TISZA,0031,Bicskei László,004B,Karsai-Juhász Katalin,245,245,1.0
43,TISZA,0031,Bicskei László,004C,Judák Zsolt,254,252,0.9921259842519685
43,TISZA,0031,Bicskei László,004D,Polgár György,255,255,1.0
43,TISZA,0031,Bicskei László,004E,Tárkányi Zsolt,244,243,0.9959016393442623
43,TISZA,0031,Bicskei László,004F,Dr. Stumpf Péter,255,254,0.996078431372549
43,TISZA,0031,Bicskei László,004G,Gajda Attila,253,251,0.9920948616600791
43,TISZA,0031,Bicskei László,004H,Molnár János,254,254,1.0
43,TISZA,0031,Bicskei László,k122,Kármán András,227,226,0.9955947136563876
43,TISZA,0031,Bicskei László,m076,Magyar Péter,189,189,1.0
43,TISZA,0031,Bicskei László,t067,Tarr Zoltán,229,226,0.9868995633187773
43,TISZA,0032,Dr. Árvay Nikolett,0033,Varga Balázs,238,237,0.9957983193277311
43,TISZA,0032,Dr. Árvay Nikolett,0034,Csontos Bence,242,239,0.987603305785124
43,TISZA,0032,Dr. Árvay Nikolett,0035,Dr. Simon Zsuzsánna,235,234,0.9957446808510638
43,TISZA,0032,Dr. Árvay Nikolett,0036,Ráki Zsolt,244,243,0.9959016393442623
43,TISZA,0032,Dr. Árvay Nikolett,0037,Dr. Bóka Zsolt,238,236,0.9915966386554622
43,TISZA,0032,Dr. Árvay Nikolett,0038,Kovács Petra Judit,239,237,0.9916317991631799
43,TISZA,0032,Dr. Árvay Nikolett,0039,Dr. Bugya László,244,243,0.9959016393442623
43,TISZA,0032,Dr. Árvay Nikolett,003A,Lovkó Csaba,241,240,0.995850622406639
43,TISZA,0032,Dr. Árvay Nikolett,003B,Tóth Norbert,233,232,0.9957081545064378
43,TISZA,0032,Dr. Árvay Nikolett,003C,Dr. Balatincz Péter,178,177,0.9943820224719101
43,TISZA,0032,Dr. Árvay Nikolett,003D,Járosi Péter,244,243,0.9959016393442623
43,TISZA,0032,Dr. Árvay Nikolett,003E,Gombár Dávid,240,239,0.9958333333333333
43,TISZA,0032,Dr. Árvay Nikolett,003F,Szakács Péter Lajos,244,243,0.9959016393442623
43,TISZA,0032,Dr. Árvay Nikolett,003G,Dr. Dicső Viktória,237,236,0.9957805907172996
43,TISZA,0032,Dr. Árvay Nikolett,003H,Czakó Czirbus Pál,240,239,0.9958333333333333
43,TISZA,0032,Dr. Árvay Nikolett,003I,Dr. Németh Csilla,237,235,0.9915611814345991
43,TISZA,0032,Dr. Árvay Nikolett,003J,Dr. Kovács Gyula,243,242,0.9958847736625515
43,TISZA,0032,Dr. Árvay Nikolett,003K,Horváth Nándor Zsolt,243,242,0.9958847736625515
43,TISZA,0032,Dr. Árvay Nikolett,003L,Kapronczai Balázs,239,238,0.99581589958159
43,TISZA,0032,Dr. Árvay Nikolett,003M,Dr. Juhász Áron,240,239,0.9958333333333333
43,TISZA,0032,Dr. Árvay Nikolett,003N,Kiss János,227,226,0.9955947136563876
43,TISZA,0032,Dr. Árvay Nikolett,003O,Gyömbér Dávid,241,240,0.995850622406639
43,TISZA,0032,Dr. Árvay Nikolett,003P,Havasi Balázs,231,230,0.9956709956709957
43,TISZA,0032,Dr. Árvay Nikolett,003Q,Dr. Kovács Áron,242,241,0.9958677685950413
43,TISZA,0032,Dr. Árvay Nikolett,003R,Csiszár Béla,243,242,0.9958847736625515
43,TISZA,0032,Dr. Árvay Nikolett,003S,Dr. Szijjártó Gábor,241,240,0.995850622406639
43,TISZA,0032,Dr. Árvay Nikolett,003T,Rápli Róbert,237,235,0.9915611814345991
43,TISZA,0032,Dr. Árvay Nikolett,003U,Ujvári Szilvia,244,242,0.9918032786885246
43,TISZA,0032,Dr. Árvay Nikolett,003V,Dr. Farkas Csongor,244,243,0.9959016393442623
43,TISZA,0032,Dr. Árvay Nikolett,003W,Csák László,240,239,0.9958333333333333
43,TISZA,0032,Dr. Árvay Nikolett,003X,Néher András,241,240,0.995850622406639
43,TISZA,0032,Dr. Árvay Nikolett,003Y,Bárkányi Bence,244,243,0.9959016393442623
43,TISZA,0032,Dr. Árvay Nikolett,003Z,Ferenczi Gábor,242,241,0.9958677685950413
43,TISZA,0032,Dr. Árvay Nikolett,0040,Dr. Nagy Márta,242,241,0.9958677685950413
43,TISZA,0032,Dr. Árvay Nikolett,0041,Dr. Gáspár Levente,242,241,0.9958677685950413
43,TISZA,0032,Dr. Árvay Nikolett,0042,Dr. Hallerné Dr. Nagy Anikó,229,227,0.9912663755458515
43,TISZA,0032,Dr. Árvay Nikolett,0043,Dr. Bihari Zoltán,239,233,0.9748953974895398
43,TISZA,0032,Dr. Árvay Nikolett,0044,Lontay László,235,234,0.9957446808510638
43,TISZA,0032,Dr. Árvay Nikolett,0045,Cseh Tamás,239,236,0.9874476987447699
43,TISZA,0032,Dr. Árvay Nikolett,0046,Benke József,243,242,0.9958847736625515
43,TISZA,0032,Dr. Árvay Nikolett,0047,Hatala-Orosz Csaba,242,241,0.9958677685950413
43,TISZA,0032,Dr. Árvay Nikolett,0048,Rózsahegyi Áron,228,227,0.9956140350877193
43,TISZA,0032,Dr. Árvay Nikolett,0049,Dr. Czipa András,183,182,0.994535519125683
43,TISZA,0032,Dr. Árvay Nikolett,004A,Juhász Roland Csongor,244,243,0.9959016393442623
43,TISZA,0032,Dr. Árvay Nikolett,004B,Karsai-Juhász Katalin,234,233,0.9957264957264957
43,TISZA,0032,Dr. Árvay Nikolett,004C,Judák Zsolt,243,240,0.9876543209876543
43,TISZA,0032,Dr. Árvay Nikolett,004D,Polgár György,244,243,0.9959016393442623
43,TISZA,0032,Dr. Árvay Nikolett,004E,Tárkányi Zsolt,232,230,0.9913793103448276
43,TISZA,0032,Dr. Árvay Nikolett,004F,Dr. Stumpf Péter,244,242,0.9918032786885246
43,TISZA,0032,Dr. Árvay Nikolett,004G,Gajda Attila,242,240,0.9917355371900827
43,TISZA,0032,Dr. Árvay Nikolett,004H,Molnár János,243,242,0.9958847736625515
43,TISZA,0032,Dr. Árvay Nikolett,k122,Kármán András,215,213,0.9906976744186047
43,TISZA,0032,Dr. Árvay Nikolett,m076,Magyar Péter,179,178,0.994413407821229
43,TISZA,0032,Dr. Árvay Nikolett,t067,Tarr Zoltán,218,214,0.981651376146789
43,TISZA,0033,Varga Balázs,0034,Csontos Bence,248,246,0.9919354838709677
43,TISZA,0033,Varga Balázs,0035,Dr. Simon Zsuzsánna,240,240,1.0
43,TISZA,0033,Varga Balázs,0036,Ráki Zsolt,250,250,1.0
43,TISZA,0033,Varga Balázs,0037,Dr. Bóka Zsolt,245,244,0.9959183673469387
43,TISZA,0033,Varga Balázs,0038,Kovács Petra Judit,244,243,0.9959016393442623
43,TISZA,0033,Varga Balázs,0039,Dr. Bugya László,250,250,1.0
43,TISZA,0033,Varga Balázs,003A,Lovkó Csaba,248,248,1.0
43,TISZA,0033,Varga Balázs,003B,Tóth Norbert,241,241,1.0
43,TISZA,0033,Varga Balázs,003C,Dr. Balatincz Péter,178,178,1.0
43,TISZA,0033,Varga Balázs,003D,Járosi Péter,250,250,1.0
43,TISZA,0033,Varga Balázs,003E,Gombár Dávid,247,247,1.0
43,TISZA,0033,Varga Balázs,003F,Szakács Péter Lajos,250,250,1.0
43,TISZA,0033,Varga Balázs,003G,Dr. Dicső Viktória,243,243,1.0
43,TISZA,0033,Varga Balázs,003H,Czakó Czirbus Pál,245,245,1.0
43,TISZA,0033,Varga Balázs,003I,Dr. Németh Csilla,244,243,0.9959016393442623
43,TISZA,0033,Varga Balázs,003J,Dr. Kovács Gyula,249,249,1.0
43,TISZA,0033,Varga Balázs,003K,Horváth Nándor Zsolt,249,249,1.0
43,TISZA,0033,Varga Balázs,003L,Kapronczai Balázs,245,245,1.0
43,TISZA,0033,Varga Balázs,003M,Dr. Juhász Áron,246,246,1.0
43,TISZA,0033,Varga Balázs,003N,Kiss János,232,232,1.0
43,TISZA,0033,Varga Balázs,003O,Gyömbér Dávid,247,247,1.0
43,TISZA,0033,Varga Balázs,003P,Havasi Balázs,240,240,1.0
43,TISZA,0033,Varga Balázs,003Q,Dr. Kovács Áron,249,249,1.0
43,TISZA,0033,Varga Balázs,003R,Csiszár Béla,249,249,1.0
43,TISZA,0033,Varga Balázs,003S,Dr. Szijjártó Gábor,247,247,1.0
43,TISZA,0033,Varga Balázs,003T,Rápli Róbert,243,242,0.9958847736625515
43,TISZA,0033,Varga Balázs,003U,Ujvári Szilvia,250,249,0.996
43,TISZA,0033,Varga Balázs,003V,Dr. Farkas Csongor,250,250,1.0
43,TISZA,0033,Varga Balázs,003W,Csák László,246,246,1.0
43,TISZA,0033,Varga Balázs,003X,Néher András,248,248,1.0
43,TISZA,0033,Varga Balázs,003Y,Bárkányi Bence,250,250,1.0
43,TISZA,0033,Varga Balázs,003Z,Ferenczi Gábor,248,248,1.0
43,TISZA,0033,Varga Balázs,0040,Dr. Nagy Márta,248,248,1.0
43,TISZA,0033,Varga Balázs,0041,Dr. Gáspár Levente,248,248,1.0
43,TISZA,0033,Varga Balázs,0042,Dr. Hallerné Dr. Nagy Anikó,235,234,0.9957446808510638
43,TISZA,0033,Varga Balázs,0043,Dr. Bihari Zoltán,245,241,0.9836734693877551
43,TISZA,0033,Varga Balázs,0044,Lontay László,242,242,1.0
43,TISZA,0033,Varga Balázs,0045,Cseh Tamás,247,246,0.9959514170040485
43,TISZA,0033,Varga Balázs,0046,Benke József,249,249,1.0
43,TISZA,0033,Varga Balázs,0047,Hatala-Orosz Csaba,248,247,0.9959677419354839
43,TISZA,0033,Varga Balázs,0048,Rózsahegyi Áron,234,234,1.0
43,TISZA,0033,Varga Balázs,0049,Dr. Czipa András,194,194,1.0
43,TISZA,0033,Varga Balázs,004A,Juhász Roland Csongor,250,250,1.0
43,TISZA,0033,Varga Balázs,004B,Karsai-Juhász Katalin,240,240,1.0
43,TISZA,0033,Varga Balázs,004C,Judák Zsolt,249,247,0.9919678714859438
43,TISZA,0033,Varga Balázs,004D,Polgár György,250,250,1.0
43,TISZA,0033,Varga Balázs,004E,Tárkányi Zsolt,239,238,0.99581589958159
43,TISZA,0033,Varga Balázs,004F,Dr. Stumpf Péter,250,249,0.996
43,TISZA,0033,Varga Balázs,004G,Gajda Attila,248,246,0.9919354838709677
43,TISZA,0033,Varga Balázs,004H,Molnár János,249,249,1.0
43,TISZA,0033,Varga Balázs,k122,Kármán András,225,224,0.9955555555555555
43,TISZA,0033,Varga Balázs,m076,Magyar Péter,185,185,1.0
43,TISZA,0033,Varga Balázs,t067,Tarr Zoltán,227,224,0.986784140969163
43,TISZA,0034,Csontos Bence,0035,Dr. Simon Zsuzsánna,243,241,0.9917695473251029
43,TISZA,0034,Csontos Bence,0036,Ráki Zsolt,253,251,0.9920948616600791
43,TISZA,0034,Csontos Bence,0037,Dr. Bóka Zsolt,247,244,0.9878542510121457
43,TISZA,0034,Csontos Bence,0038,Kovács Petra Judit,248,246,0.9919354838709677
43,TISZA,0034,Csontos Bence,0039,Dr. Bugya László,253,251,0.9920948616600791
43,TISZA,0034,Csontos Bence,003A,Lovkó Csaba,250,248,0.992
43,TISZA,0034,Csontos Bence,003B,Tóth Norbert,242,240,0.9917355371900827
43,TISZA,0034,Csontos Bence,003C,Dr. Balatincz Péter,179,177,0.9888268156424581
43,TISZA,0034,Csontos Bence,003D,Járosi Péter,253,251,0.9920948616600791
43,TISZA,0034,Csontos Bence,003E,Gombár Dávid,249,247,0.9919678714859438
43,TISZA,0034,Csontos Bence,003F,Szakács Péter Lajos,253,251,0.9920948616600791
43,TISZA,0034,Csontos Bence,003G,Dr. Dicső Viktória,246,244,0.991869918699187
43,TISZA,0034,Csontos Bence,003H,Czakó Czirbus Pál,249,247,0.9919678714859438
43,TISZA,0034,Csontos Bence,003I,Dr. Németh Csilla,246,243,0.9878048780487805
43,TISZA,0034,Csontos Bence,003J,Dr. Kovács Gyula,252,250,0.9920634920634921
43,TISZA,0034,Csontos Bence,003K,Horváth Nándor Zsolt,252,250,0.9920634920634921
43,TISZA,0034,Csontos Bence,003L,Kapronczai Balázs,248,246,0.9919354838709677
43,TISZA,0034,Csontos Bence,003M,Dr. Juhász Áron,249,247,0.9919678714859438
43,TISZA,0034,Csontos Bence,003N,Kiss János,234,232,0.9914529914529915
43,TISZA,0034,Csontos Bence,003O,Gyömbér Dávid,250,248,0.992
43,TISZA,0034,Csontos Bence,003P,Havasi Balázs,240,238,0.9916666666666667
43,TISZA,0034,Csontos Bence,003Q,Dr. Kovács Áron,251,249,0.9920318725099602
43,TISZA,0034,Csontos Bence,003R,Csiszár Béla,252,250,0.9920634920634921
43,TISZA,0034,Csontos Bence,003S,Dr. Szijjártó Gábor,250,248,0.992
43,TISZA,0034,Csontos Bence,003T,Rápli Róbert,245,242,0.9877551020408163
43,TISZA,0034,Csontos Bence,003U,Ujvári Szilvia,253,250,0.9881422924901185
43,TISZA,0034,Csontos Bence,003V,Dr. Farkas Csongor,253,251,0.9920948616600791
43,TISZA,0034,Csontos Bence,003W,Csák László,249,247,0.9919678714859438
43,TISZA,0034,Csontos Bence,003X,Néher András,250,248,0.992
43,TISZA,0034,Csontos Bence,003Y,Bárkányi Bence,253,251,0.9920948616600791
43,TISZA,0034,Csontos Bence,003Z,Ferenczi Gábor,251,249,0.9920318725099602
43,TISZA,0034,Csontos Bence,0040,Dr. Nagy Márta,251,249,0.9920318725099602
43,TISZA,0034,Csontos Bence,0041,Dr. Gáspár Levente,251,249,0.9920318725099602
43,TISZA,0034,Csontos Bence,0042,Dr. Hallerné Dr. Nagy Anikó,239,236,0.9874476987447699
43,TISZA,0034,Csontos Bence,0043,Dr. Bihari Zoltán,248,241,0.9717741935483871
43,TISZA,0034,Csontos Bence,0044,Lontay László,244,242,0.9918032786885246
43,TISZA,0034,Csontos Bence,0045,Cseh Tamás,249,245,0.9839357429718876
43,TISZA,0034,Csontos Bence,0046,Benke József,252,250,0.9920634920634921
43,TISZA,0034,Csontos Bence,0047,Hatala-Orosz Csaba,251,249,0.9920318725099602
43,TISZA,0034,Csontos Bence,0048,Rózsahegyi Áron,237,235,0.9915611814345991
43,TISZA,0034,Csontos Bence,0049,Dr. Czipa András,193,191,0.9896373056994818
43,TISZA,0034,Csontos Bence,004A,Juhász Roland Csongor,253,251,0.9920948616600791
43,TISZA,0034,Csontos Bence,004B,Karsai-Juhász Katalin,243,241,0.9917695473251029
43,TISZA,0034,Csontos Bence,004C,Judák Zsolt,252,248,0.9841269841269841
43,TISZA,0034,Csontos Bence,004D,Polgár György,253,251,0.9920948616600791
43,TISZA,0034,Csontos Bence,004E,Tárkányi Zsolt,241,238,0.9875518672199171
43,TISZA,0034,Csontos Bence,004F,Dr. Stumpf Péter,253,250,0.9881422924901185
43,TISZA,0034,Csontos Bence,004G,Gajda Attila,251,251,1.0
43,TISZA,0034,Csontos Bence,004H,Molnár János,252,250,0.9920634920634921
43,TISZA,0034,Csontos Bence,k122,Kármán András,226,223,0.9867256637168141
43,TISZA,0034,Csontos Bence,m076,Magyar Péter,188,188,1.0
43,TISZA,0034,Csontos Bence,t067,Tarr Zoltán,228,225,0.9868421052631579
43,TISZA,0035,Dr. Simon Zsuzsánna,0036,Ráki Zsolt,246,246,1.0
43,TISZA,0035,Dr. Simon Zsuzsánna,0037,Dr. Bóka Zsolt,241,240,0.995850622406639
43,TISZA,0035,Dr. Simon Zsuzsánna,0038,Kovács Petra Judit,240,239,0.9958333333333333
43,TISZA,0035,Dr. Simon Zsuzsánna,0039,Dr. Bugya László,246,246,1.0
43,TISZA,0035,Dr. Simon Zsuzsánna,003A,Lovkó Csaba,244,244,1.0
43,TISZA,0035,Dr. Simon Zsuzsánna,003B,Tóth Norbert,234,234,1.0
43,TISZA,0035,Dr. Simon Zsuzsánna,003C,Dr. Balatincz Péter,176,176,1.0
43,TISZA,0035,Dr. Simon Zsuzsánna,003D,Járosi Péter,246,246,1.0
43,TISZA,0035,Dr. Simon Zsuzsánna,003E,Gombár Dávid,243,243,1.0
43,TISZA,0035,Dr. Simon Zsuzsánna,003F,Szakács Péter Lajos,246,246,1.0
43,TISZA,0035,Dr. Simon Zsuzsánna,003G,Dr. Dicső Viktória,241,241,1.0
43,TISZA,0035,Dr. Simon Zsuzsánna,003H,Czakó Czirbus Pál,241,241,1.0
43,TISZA,0035,Dr. Simon Zsuzsánna,003I,Dr. Németh Csilla,241,240,0.995850622406639
43,TISZA,0035,Dr. Simon Zsuzsánna,003J,Dr. Kovács Gyula,245,245,1.0
43,TISZA,0035,Dr. Simon Zsuzsánna,003K,Horváth Nándor Zsolt,245,245,1.0
43,TISZA,0035,Dr. Simon Zsuzsánna,003L,Kapronczai Balázs,242,242,1.0
43,TISZA,0035,Dr. Simon Zsuzsánna,003M,Dr. Juhász Áron,242,242,1.0
43,TISZA,0035,Dr. Simon Zsuzsánna,003N,Kiss János,231,231,1.0
43,TISZA,0035,Dr. Simon Zsuzsánna,003O,Gyömbér Dávid,245,245,1.0
43,TISZA,0035,Dr. Simon Zsuzsánna,003P,Havasi Balázs,234,234,1.0
43,TISZA,0035,Dr. Simon Zsuzsánna,003Q,Dr. Kovács Áron,245,245,1.0
43,TISZA,0035,Dr. Simon Zsuzsánna,003R,Csiszár Béla,246,246,1.0
43,TISZA,0035,Dr. Simon Zsuzsánna,003S,Dr. Szijjártó Gábor,243,243,1.0
43,TISZA,0035,Dr. Simon Zsuzsánna,003T,Rápli Róbert,237,237,1.0
43,TISZA,0035,Dr. Simon Zsuzsánna,003U,Ujvári Szilvia,246,245,0.9959349593495935
43,TISZA,0035,Dr. Simon Zsuzsánna,003V,Dr. Farkas Csongor,246,246,1.0
43,TISZA,0035,Dr. Simon Zsuzsánna,003W,Csák László,242,242,1.0
43,TISZA,0035,Dr. Simon Zsuzsánna,003X,Néher András,243,243,1.0
43,TISZA,0035,Dr. Simon Zsuzsánna,003Y,Bárkányi Bence,246,246,1.0
43,TISZA,0035,Dr. Simon Zsuzsánna,003Z,Ferenczi Gábor,246,246,1.0
43,TISZA,0035,Dr. Simon Zsuzsánna,0040,Dr. Nagy Márta,244,244,1.0
43,TISZA,0035,Dr. Simon Zsuzsánna,0041,Dr. Gáspár Levente,244,244,1.0
43,TISZA,0035,Dr. Simon Zsuzsánna,0042,Dr. Hallerné Dr. Nagy Anikó,232,231,0.9956896551724138
43,TISZA,0035,Dr. Simon Zsuzsánna,0043,Dr. Bihari Zoltán,241,237,0.983402489626556
43,TISZA,0035,Dr. Simon Zsuzsánna,0044,Lontay László,237,237,1.0
43,TISZA,0035,Dr. Simon Zsuzsánna,0045,Cseh Tamás,241,240,0.995850622406639
43,TISZA,0035,Dr. Simon Zsuzsánna,0046,Benke József,246,246,1.0
43,TISZA,0035,Dr. Simon Zsuzsánna,0047,Hatala-Orosz Csaba,246,245,0.9959349593495935
43,TISZA,0035,Dr. Simon Zsuzsánna,0048,Rózsahegyi Áron,230,230,1.0
43,TISZA,0035,Dr. Simon Zsuzsánna,0049,Dr. Czipa András,187,187,1.0
43,TISZA,0035,Dr. Simon Zsuzsánna,004A,Juhász Roland Csongor,246,246,1.0
43,TISZA,0035,Dr. Simon Zsuzsánna,004B,Karsai-Juhász Katalin,237,237,1.0
43,TISZA,0035,Dr. Simon Zsuzsánna,004C,Judák Zsolt,245,243,0.9918367346938776
43,TISZA,0035,Dr. Simon Zsuzsánna,004D,Polgár György,246,246,1.0
43,TISZA,0035,Dr. Simon Zsuzsánna,004E,Tárkányi Zsolt,239,238,0.99581589958159
43,TISZA,0035,Dr. Simon Zsuzsánna,004F,Dr. Stumpf Péter,246,246,1.0
43,TISZA,0035,Dr. Simon Zsuzsánna,004G,Gajda Attila,244,242,0.9918032786885246
43,TISZA,0035,Dr. Simon Zsuzsánna,004H,Molnár János,245,245,1.0
43,TISZA,0035,Dr. Simon Zsuzsánna,k122,Kármán András,220,219,0.9954545454545455
43,TISZA,0035,Dr. Simon Zsuzsánna,m076,Magyar Péter,189,189,1.0
43,TISZA,0035,Dr. Simon Zsuzsánna,t067,Tarr Zoltán,226,223,0.9867256637168141
43,TISZA,0036,Ráki Zsolt,0037,Dr. Bóka Zsolt,250,249,0.996
43,TISZA,0036,Ráki Zsolt,0038,Kovács Petra Judit,250,249,0.996
43,TISZA,0036,Ráki Zsolt,0039,Dr. Bugya László,256,256,1.0
43,TISZA,0036,Ráki Zsolt,003A,Lovkó Csaba,253,253,1.0
43,TISZA,0036,Ráki Zsolt,003B,Tóth Norbert,244,244,1.0
43,TISZA,0036,Ráki Zsolt,003C,Dr. Balatincz Péter,181,181,1.0
43,TISZA,0036,Ráki Zsolt,003D,Járosi Péter,256,256,1.0
43,TISZA,0036,Ráki Zsolt,003E,Gombár Dávid,252,252,1.0
43,TISZA,0036,Ráki Zsolt,003F,Szakács Péter Lajos,256,256,1.0
43,TISZA,0036,Ráki Zsolt,003G,Dr. Dicső Viktória,249,249,1.0
43,TISZA,0036,Ráki Zsolt,003H,Czakó Czirbus Pál,251,251,1.0
43,TISZA,0036,Ráki Zsolt,003I,Dr. Németh Csilla,248,247,0.9959677419354839
43,TISZA,0036,Ráki Zsolt,003J,Dr. Kovács Gyula,255,255,1.0
43,TISZA,0036,Ráki Zsolt,003K,Horváth Nándor Zsolt,255,255,1.0
43,TISZA,0036,Ráki Zsolt,003L,Kapronczai Balázs,251,251,1.0
43,TISZA,0036,Ráki Zsolt,003M,Dr. Juhász Áron,252,252,1.0
43,TISZA,0036,Ráki Zsolt,003N,Kiss János,237,237,1.0
43,TISZA,0036,Ráki Zsolt,003O,Gyömbér Dávid,253,253,1.0
43,TISZA,0036,Ráki Zsolt,003P,Havasi Balázs,243,243,1.0
43,TISZA,0036,Ráki Zsolt,003Q,Dr. Kovács Áron,254,254,1.0
43,TISZA,0036,Ráki Zsolt,003R,Csiszár Béla,255,255,1.0
43,TISZA,0036,Ráki Zsolt,003S,Dr. Szijjártó Gábor,253,253,1.0
43,TISZA,0036,Ráki Zsolt,003T,Rápli Róbert,247,246,0.9959514170040485
43,TISZA,0036,Ráki Zsolt,003U,Ujvári Szilvia,256,255,0.99609375
43,TISZA,0036,Ráki Zsolt,003V,Dr. Farkas Csongor,256,256,1.0
43,TISZA,0036,Ráki Zsolt,003W,Csák László,252,252,1.0
43,TISZA,0036,Ráki Zsolt,003X,Néher András,253,253,1.0
43,TISZA,0036,Ráki Zsolt,003Y,Bárkányi Bence,256,256,1.0
43,TISZA,0036,Ráki Zsolt,003Z,Ferenczi Gábor,254,254,1.0
43,TISZA,0036,Ráki Zsolt,0040,Dr. Nagy Márta,254,254,1.0
43,TISZA,0036,Ráki Zsolt,0041,Dr. Gáspár Levente,254,254,1.0
43,TISZA,0036,Ráki Zsolt,0042,Dr. Hallerné Dr. Nagy Anikó,240,239,0.9958333333333333
43,TISZA,0036,Ráki Zsolt,0043,Dr. Bihari Zoltán,251,246,0.9800796812749004
43,TISZA,0036,Ráki Zsolt,0044,Lontay László,247,247,1.0
43,TISZA,0036,Ráki Zsolt,0045,Cseh Tamás,251,249,0.9920318725099602
43,TISZA,0036,Ráki Zsolt,0046,Benke József,255,255,1.0
43,TISZA,0036,Ráki Zsolt,0047,Hatala-Orosz Csaba,254,253,0.9960629921259843
43,TISZA,0036,Ráki Zsolt,0048,Rózsahegyi Áron,238,238,1.0
43,TISZA,0036,Ráki Zsolt,0049,Dr. Czipa András,195,195,1.0
43,TISZA,0036,Ráki Zsolt,004A,Juhász Roland Csongor,256,256,1.0
43,TISZA,0036,Ráki Zsolt,004B,Karsai-Juhász Katalin,246,246,1.0
43,TISZA,0036,Ráki Zsolt,004C,Judák Zsolt,255,253,0.9921568627450981
43,TISZA,0036,Ráki Zsolt,004D,Polgár György,256,256,1.0
43,TISZA,0036,Ráki Zsolt,004E,Tárkányi Zsolt,244,243,0.9959016393442623
43,TISZA,0036,Ráki Zsolt,004F,Dr. Stumpf Péter,256,255,0.99609375
43,TISZA,0036,Ráki Zsolt,004G,Gajda Attila,254,252,0.9921259842519685
43,TISZA,0036,Ráki Zsolt,004H,Molnár János,255,255,1.0
43,TISZA,0036,Ráki Zsolt,k122,Kármán András,227,226,0.9955947136563876
43,TISZA,0036,Ráki Zsolt,m076,Magyar Péter,189,189,1.0
43,TISZA,0036,Ráki Zsolt,t067,Tarr Zoltán,229,226,0.9868995633187773
43,TISZA,0037,Dr. Bóka Zsolt,0038,Kovács Petra Judit,244,244,1.0
43,TISZA,0037,Dr. Bóka Zsolt,0039,Dr. Bugya László,250,249,0.996
43,TISZA,0037,Dr. Bóka Zsolt,003A,Lovkó Csaba,247,246,0.9959514170040485
43,TISZA,0037,Dr. Bóka Zsolt,003B,Tóth Norbert,241,240,0.995850622406639
43,TISZA,0037,Dr. Bóka Zsolt,003C,Dr. Balatincz Péter,178,177,0.9943820224719101
43,TISZA,0037,Dr. Bóka Zsolt,003D,Járosi Péter,250,249,0.996
43,TISZA,0037,Dr. Bóka Zsolt,003E,Gombár Dávid,248,247,0.9959677419354839
43,TISZA,0037,Dr. Bóka Zsolt,003F,Szakács Péter Lajos,250,249,0.996
43,TISZA,0037,Dr. Bóka Zsolt,003G,Dr. Dicső Viktória,243,243,1.0
43,TISZA,0037,Dr. Bóka Zsolt,003H,Czakó Czirbus Pál,245,245,1.0
43,TISZA,0037,Dr. Bóka Zsolt,003I,Dr. Németh Csilla,242,242,1.0
43,TISZA,0037,Dr. Bóka Zsolt,003J,Dr. Kovács Gyula,249,248,0.9959839357429718
43,TISZA,0037,Dr. Bóka Zsolt,003K,Horváth Nándor Zsolt,249,248,0.9959839357429718
43,TISZA,0037,Dr. Bóka Zsolt,003L,Kapronczai Balázs,246,245,0.9959349593495935
43,TISZA,0037,Dr. Bóka Zsolt,003M,Dr. Juhász Áron,246,245,0.9959349593495935
43,TISZA,0037,Dr. Bóka Zsolt,003N,Kiss János,232,231,0.9956896551724138
43,TISZA,0037,Dr. Bóka Zsolt,003O,Gyömbér Dávid,248,247,0.9959677419354839
43,TISZA,0037,Dr. Bóka Zsolt,003P,Havasi Balázs,238,237,0.9957983193277311
43,TISZA,0037,Dr. Bóka Zsolt,003Q,Dr. Kovács Áron,248,247,0.9959677419354839
43,TISZA,0037,Dr. Bóka Zsolt,003R,Csiszár Béla,249,248,0.9959839357429718
43,TISZA,0037,Dr. Bóka Zsolt,003S,Dr. Szijjártó Gábor,247,246,0.9959514170040485
43,TISZA,0037,Dr. Bóka Zsolt,003T,Rápli Róbert,241,240,0.995850622406639
43,TISZA,0037,Dr. Bóka Zsolt,003U,Ujvári Szilvia,250,250,1.0
43,TISZA,0037,Dr. Bóka Zsolt,003V,Dr. Farkas Csongor,250,249,0.996
43,TISZA,0037,Dr. Bóka Zsolt,003W,Csák László,246,246,1.0
43,TISZA,0037,Dr. Bóka Zsolt,003X,Néher András,247,246,0.9959514170040485
43,TISZA,0037,Dr. Bóka Zsolt,003Y,Bárkányi Bence,250,249,0.996
43,TISZA,0037,Dr. Bóka Zsolt,003Z,Ferenczi Gábor,249,248,0.9959839357429718
43,TISZA,0037,Dr. Bóka Zsolt,0040,Dr. Nagy Márta,248,247,0.9959677419354839
43,TISZA,0037,Dr. Bóka Zsolt,0041,Dr. Gáspár Levente,249,248,0.9959839357429718
43,TISZA,0037,Dr. Bóka Zsolt,0042,Dr. Hallerné Dr. Nagy Anikó,238,236,0.9915966386554622
43,TISZA,0037,Dr. Bóka Zsolt,0043,Dr. Bihari Zoltán,245,239,0.9755102040816327
43,TISZA,0037,Dr. Bóka Zsolt,0044,Lontay László,242,241,0.9958677685950413
43,TISZA,0037,Dr. Bóka Zsolt,0045,Cseh Tamás,247,246,0.9959514170040485
43,TISZA,0037,Dr. Bóka Zsolt,0046,Benke József,249,248,0.9959839357429718
43,TISZA,0037,Dr. Bóka Zsolt,0047,Hatala-Orosz Csaba,249,247,0.9919678714859438
43,TISZA,0037,Dr. Bóka Zsolt,0048,Rózsahegyi Áron,234,233,0.9957264957264957
43,TISZA,0037,Dr. Bóka Zsolt,0049,Dr. Czipa András,191,191,1.0
43,TISZA,0037,Dr. Bóka Zsolt,004A,Juhász Roland Csongor,250,249,0.996
43,TISZA,0037,Dr. Bóka Zsolt,004B,Karsai-Juhász Katalin,240,239,0.9958333333333333
43,TISZA,0037,Dr. Bóka Zsolt,004C,Judák Zsolt,249,248,0.9959839357429718
43,TISZA,0037,Dr. Bóka Zsolt,004D,Polgár György,250,249,0.996
43,TISZA,0037,Dr. Bóka Zsolt,004E,Tárkányi Zsolt,242,240,0.9917355371900827
43,TISZA,0037,Dr. Bóka Zsolt,004F,Dr. Stumpf Péter,250,248,0.992
43,TISZA,0037,Dr. Bóka Zsolt,004G,Gajda Attila,248,245,0.9879032258064516
43,TISZA,0037,Dr. Bóka Zsolt,004H,Molnár János,249,248,0.9959839357429718
43,TISZA,0037,Dr. Bóka Zsolt,k122,Kármán András,226,224,0.9911504424778761
43,TISZA,0037,Dr. Bóka Zsolt,m076,Magyar Péter,189,188,0.9947089947089947
43,TISZA,0037,Dr. Bóka Zsolt,t067,Tarr Zoltán,225,221,0.9822222222222222
43,TISZA,0038,Kovács Petra Judit,0039,Dr. Bugya László,250,249,0.996
43,TISZA,0038,Kovács Petra Judit,003A,Lovkó Csaba,247,246,0.9959514170040485
43,TISZA,0038,Kovács Petra Judit,003B,Tóth Norbert,240,239,0.9958333333333333
43,TISZA,0038,Kovács Petra Judit,003C,Dr. Balatincz Péter,177,176,0.9943502824858758
43,TISZA,0038,Kovács Petra Judit,003D,Járosi Péter,250,249,0.996
43,TISZA,0038,Kovács Petra Judit,003E,Gombár Dávid,246,245,0.9959349593495935
43,TISZA,0038,Kovács Petra Judit,003F,Szakács Péter Lajos,250,249,0.996
43,TISZA,0038,Kovács Petra Judit,003G,Dr. Dicső Viktória,245,245,1.0
43,TISZA,0038,Kovács Petra Judit,003H,Czakó Czirbus Pál,246,246,1.0
43,TISZA,0038,Kovács Petra Judit,003I,Dr. Németh Csilla,242,242,1.0
43,TISZA,0038,Kovács Petra Judit,003J,Dr. Kovács Gyula,249,248,0.9959839357429718
43,TISZA,0038,Kovács Petra Judit,003K,Horváth Nándor Zsolt,250,249,0.996
43,TISZA,0038,Kovács Petra Judit,003L,Kapronczai Balázs,245,244,0.9959183673469387
43,TISZA,0038,Kovács Petra Judit,003M,Dr. Juhász Áron,247,246,0.9959514170040485
43,TISZA,0038,Kovács Petra Judit,003N,Kiss János,231,230,0.9956709956709957
43,TISZA,0038,Kovács Petra Judit,003O,Gyömbér Dávid,247,246,0.9959514170040485
43,TISZA,0038,Kovács Petra Judit,003P,Havasi Balázs,237,236,0.9957805907172996
43,TISZA,0038,Kovács Petra Judit,003Q,Dr. Kovács Áron,248,247,0.9959677419354839
43,TISZA,0038,Kovács Petra Judit,003R,Csiszár Béla,249,248,0.9959839357429718
43,TISZA,0038,Kovács Petra Judit,003S,Dr. Szijjártó Gábor,247,246,0.9959514170040485
43,TISZA,0038,Kovács Petra Judit,003T,Rápli Róbert,241,239,0.991701244813278
43,TISZA,0038,Kovács Petra Judit,003U,Ujvári Szilvia,250,250,1.0
43,TISZA,0038,Kovács Petra Judit,003V,Dr. Farkas Csongor,250,249,0.996
43,TISZA,0038,Kovács Petra Judit,003W,Csák László,246,246,1.0
43,TISZA,0038,Kovács Petra Judit,003X,Néher András,247,246,0.9959514170040485
43,TISZA,0038,Kovács Petra Judit,003Y,Bárkányi Bence,250,249,0.996
43,TISZA,0038,Kovács Petra Judit,003Z,Ferenczi Gábor,248,247,0.9959677419354839
43,TISZA,0038,Kovács Petra Judit,0040,Dr. Nagy Márta,248,247,0.9959677419354839
43,TISZA,0038,Kovács Petra Judit,0041,Dr. Gáspár Levente,248,247,0.9959677419354839
43,TISZA,0038,Kovács Petra Judit,0042,Dr. Hallerné Dr. Nagy Anikó,235,233,0.9914893617021276
43,TISZA,0038,Kovács Petra Judit,0043,Dr. Bihari Zoltán,245,239,0.9755102040816327
43,TISZA,0038,Kovács Petra Judit,0044,Lontay László,243,242,0.9958847736625515
43,TISZA,0038,Kovács Petra Judit,0045,Cseh Tamás,245,242,0.9877551020408163
43,TISZA,0038,Kovács Petra Judit,0046,Benke József,249,248,0.9959839357429718
43,TISZA,0038,Kovács Petra Judit,0047,Hatala-Orosz Csaba,248,247,0.9959677419354839
43,TISZA,0038,Kovács Petra Judit,0048,Rózsahegyi Áron,234,233,0.9957264957264957
43,TISZA,0038,Kovács Petra Judit,0049,Dr. Czipa András,192,192,1.0
43,TISZA,0038,Kovács Petra Judit,004A,Juhász Roland Csongor,250,249,0.996
43,TISZA,0038,Kovács Petra Judit,004B,Karsai-Juhász Katalin,241,240,0.995850622406639
43,TISZA,0038,Kovács Petra Judit,004C,Judák Zsolt,249,248,0.9959839357429718
43,TISZA,0038,Kovács Petra Judit,004D,Polgár György,250,249,0.996
43,TISZA,0038,Kovács Petra Judit,004E,Tárkányi Zsolt,239,237,0.9916317991631799
43,TISZA,0038,Kovács Petra Judit,004F,Dr. Stumpf Péter,250,248,0.992
43,TISZA,0038,Kovács Petra Judit,004G,Gajda Attila,248,247,0.9959677419354839
43,TISZA,0038,Kovács Petra Judit,004H,Molnár János,250,249,0.996
43,TISZA,0038,Kovács Petra Judit,k122,Kármán András,224,222,0.9910714285714286
43,TISZA,0038,Kovács Petra Judit,m076,Magyar Péter,188,187,0.9946808510638298
43,TISZA,0038,Kovács Petra Judit,t067,Tarr Zoltán,224,222,0.9910714285714286
43,TISZA,0039,Dr. Bugya László,003A,Lovkó Csaba,253,253,1.0
43,TISZA,0039,Dr. Bugya László,003B,Tóth Norbert,244,244,1.0
43,TISZA,0039,Dr. Bugya László,003C,Dr. Balatincz Péter,181,181,1.0
43,TISZA,0039,Dr. Bugya László,003D,Járosi Péter,256,256,1.0
43,TISZA,0039,Dr. Bugya László,003E,Gombár Dávid,252,252,1.0
43,TISZA,0039,Dr. Bugya László,003F,Szakács Péter Lajos,256,256,1.0
43,TISZA,0039,Dr. Bugya László,003G,Dr. Dicső Viktória,249,249,1.0
43,TISZA,0039,Dr. Bugya László,003H,Czakó Czirbus Pál,251,251,1.0
43,TISZA,0039,Dr. Bugya László,003I,Dr. Németh Csilla,248,247,0.9959677419354839
43,TISZA,0039,Dr. Bugya László,003J,Dr. Kovács Gyula,255,255,1.0
43,TISZA,0039,Dr. Bugya László,003K,Horváth Nándor Zsolt,255,255,1.0
43,TISZA,0039,Dr. Bugya László,003L,Kapronczai Balázs,251,251,1.0
43,TISZA,0039,Dr. Bugya László,003M,Dr. Juhász Áron,252,252,1.0
43,TISZA,0039,Dr. Bugya László,003N,Kiss János,237,237,1.0
43,TISZA,0039,Dr. Bugya László,003O,Gyömbér Dávid,253,253,1.0
43,TISZA,0039,Dr. Bugya László,003P,Havasi Balázs,243,243,1.0
43,TISZA,0039,Dr. Bugya László,003Q,Dr. Kovács Áron,254,254,1.0
43,TISZA,0039,Dr. Bugya László,003R,Csiszár Béla,255,255,1.0
43,TISZA,0039,Dr. Bugya László,003S,Dr. Szijjártó Gábor,253,253,1.0
43,TISZA,0039,Dr. Bugya László,003T,Rápli Róbert,247,246,0.9959514170040485
43,TISZA,0039,Dr. Bugya László,003U,Ujvári Szilvia,256,255,0.99609375
43,TISZA,0039,Dr. Bugya László,003V,Dr. Farkas Csongor,256,256,1.0
43,TISZA,0039,Dr. Bugya László,003W,Csák László,252,252,1.0
43,TISZA,0039,Dr. Bugya László,003X,Néher András,253,253,1.0
43,TISZA,0039,Dr. Bugya László,003Y,Bárkányi Bence,256,256,1.0
43,TISZA,0039,Dr. Bugya László,003Z,Ferenczi Gábor,254,254,1.0
43,TISZA,0039,Dr. Bugya László,0040,Dr. Nagy Márta,254,254,1.0
43,TISZA,0039,Dr. Bugya László,0041,Dr. Gáspár Levente,254,254,1.0
43,TISZA,0039,Dr. Bugya László,0042,Dr. Hallerné Dr. Nagy Anikó,240,239,0.9958333333333333
43,TISZA,0039,Dr. Bugya László,0043,Dr. Bihari Zoltán,251,246,0.9800796812749004
43,TISZA,0039,Dr. Bugya László,0044,Lontay László,247,247,1.0
43,TISZA,0039,Dr. Bugya László,0045,Cseh Tamás,251,249,0.9920318725099602
43,TISZA,0039,Dr. Bugya László,0046,Benke József,255,255,1.0
43,TISZA,0039,Dr. Bugya László,0047,Hatala-Orosz Csaba,254,253,0.9960629921259843
43,TISZA,0039,Dr. Bugya László,0048,Rózsahegyi Áron,238,238,1.0
43,TISZA,0039,Dr. Bugya László,0049,Dr. Czipa András,195,195,1.0
43,TISZA,0039,Dr. Bugya László,004A,Juhász Roland Csongor,256,256,1.0
43,TISZA,0039,Dr. Bugya László,004B,Karsai-Juhász Katalin,246,246,1.0
43,TISZA,0039,Dr. Bugya László,004C,Judák Zsolt,255,253,0.9921568627450981
43,TISZA,0039,Dr. Bugya László,004D,Polgár György,256,256,1.0
43,TISZA,0039,Dr. Bugya László,004E,Tárkányi Zsolt,244,243,0.9959016393442623
43,TISZA,0039,Dr. Bugya László,004F,Dr. Stumpf Péter,256,255,0.99609375
43,TISZA,0039,Dr. Bugya László,004G,Gajda Attila,254,252,0.9921259842519685
43,TISZA,0039,Dr. Bugya László,004H,Molnár János,255,255,1.0
43,TISZA,0039,Dr. Bugya László,k122,Kármán András,227,226,0.9955947136563876
43,TISZA,0039,Dr. Bugya László,m076,Magyar Péter,189,189,1.0
43,TISZA,0039,Dr. Bugya László,t067,Tarr Zoltán,229,226,0.9868995633187773
43,TISZA,003A,Lovkó Csaba,003B,Tóth Norbert,242,242,1.0
43,TISZA,003A,Lovkó Csaba,003C,Dr. Balatincz Péter,178,178,1.0
43,TISZA,003A,Lovkó Csaba,003D,Járosi Péter,253,253,1.0
43,TISZA,003A,Lovkó Csaba,003E,Gombár Dávid,249,249,1.0
43,TISZA,003A,Lovkó Csaba,003F,Szakács Péter Lajos,253,253,1.0
43,TISZA,003A,Lovkó Csaba,003G,Dr. Dicső Viktória,246,246,1.0
43,TISZA,003A,Lovkó Csaba,003H,Czakó Czirbus Pál,248,248,1.0
43,TISZA,003A,Lovkó Csaba,003I,Dr. Németh Csilla,246,245,0.9959349593495935
43,TISZA,003A,Lovkó Csaba,003J,Dr. Kovács Gyula,252,252,1.0
43,TISZA,003A,Lovkó Csaba,003K,Horváth Nándor Zsolt,252,252,1.0
43,TISZA,003A,Lovkó Csaba,003L,Kapronczai Balázs,249,249,1.0
43,TISZA,003A,Lovkó Csaba,003M,Dr. Juhász Áron,249,249,1.0
43,TISZA,003A,Lovkó Csaba,003N,Kiss János,236,236,1.0
43,TISZA,003A,Lovkó Csaba,003O,Gyömbér Dávid,251,251,1.0
43,TISZA,003A,Lovkó Csaba,003P,Havasi Balázs,243,243,1.0
43,TISZA,003A,Lovkó Csaba,003Q,Dr. Kovács Áron,251,251,1.0
43,TISZA,003A,Lovkó Csaba,003R,Csiszár Béla,252,252,1.0
43,TISZA,003A,Lovkó Csaba,003S,Dr. Szijjártó Gábor,251,251,1.0
43,TISZA,003A,Lovkó Csaba,003T,Rápli Róbert,244,243,0.9959016393442623
43,TISZA,003A,Lovkó Csaba,003U,Ujvári Szilvia,253,252,0.9960474308300395
43,TISZA,003A,Lovkó Csaba,003V,Dr. Farkas Csongor,253,253,1.0
43,TISZA,003A,Lovkó Csaba,003W,Csák László,250,250,1.0
43,TISZA,003A,Lovkó Csaba,003X,Néher András,251,251,1.0
43,TISZA,003A,Lovkó Csaba,003Y,Bárkányi Bence,253,253,1.0
43,TISZA,003A,Lovkó Csaba,003Z,Ferenczi Gábor,252,252,1.0
43,TISZA,003A,Lovkó Csaba,0040,Dr. Nagy Márta,251,251,1.0
43,TISZA,003A,Lovkó Csaba,0041,Dr. Gáspár Levente,251,251,1.0
43,TISZA,003A,Lovkó Csaba,0042,Dr. Hallerné Dr. Nagy Anikó,238,237,0.9957983193277311
43,TISZA,003A,Lovkó Csaba,0043,Dr. Bihari Zoltán,248,244,0.9838709677419355
43,TISZA,003A,Lovkó Csaba,0044,Lontay László,244,244,1.0
43,TISZA,003A,Lovkó Csaba,0045,Cseh Tamás,248,246,0.9919354838709677
43,TISZA,003A,Lovkó Csaba,0046,Benke József,252,252,1.0
43,TISZA,003A,Lovkó Csaba,0047,Hatala-Orosz Csaba,251,250,0.9960159362549801
43,TISZA,003A,Lovkó Csaba,0048,Rózsahegyi Áron,235,235,1.0
43,TISZA,003A,Lovkó Csaba,0049,Dr. Czipa András,193,193,1.0
43,TISZA,003A,Lovkó Csaba,004A,Juhász Roland Csongor,253,253,1.0
43,TISZA,003A,Lovkó Csaba,004B,Karsai-Juhász Katalin,244,244,1.0
43,TISZA,003A,Lovkó Csaba,004C,Judák Zsolt,252,250,0.9920634920634921
43,TISZA,003A,Lovkó Csaba,004D,Polgár György,253,253,1.0
43,TISZA,003A,Lovkó Csaba,004E,Tárkányi Zsolt,242,241,0.9958677685950413
43,TISZA,003A,Lovkó Csaba,004F,Dr. Stumpf Péter,253,252,0.9960474308300395
43,TISZA,003A,Lovkó Csaba,004G,Gajda Attila,251,249,0.9920318725099602
43,TISZA,003A,Lovkó Csaba,004H,Molnár János,252,252,1.0
43,TISZA,003A,Lovkó Csaba,k122,Kármán András,225,224,0.9955555555555555
43,TISZA,003A,Lovkó Csaba,m076,Magyar Péter,188,188,1.0
43,TISZA,003A,Lovkó Csaba,t067,Tarr Zoltán,228,225,0.9868421052631579
43,TISZA,003B,Tóth Norbert,003C,Dr. Balatincz Péter,173,173,1.0
43,TISZA,003B,Tóth Norbert,003D,Járosi Péter,244,244,1.0
43,TISZA,003B,Tóth Norbert,003E,Gombár Dávid,242,242,1.0
43,TISZA,003B,Tóth Norbert,003F,Szakács Péter Lajos,244,244,1.0
43,TISZA,003B,Tóth Norbert,003G,Dr. Dicső Viktória,238,238,1.0
43,TISZA,003B,Tóth Norbert,003H,Czakó Czirbus Pál,240,240,1.0
43,TISZA,003B,Tóth Norbert,003I,Dr. Németh Csilla,237,236,0.9957805907172996
43,TISZA,003B,Tóth Norbert,003J,Dr. Kovács Gyula,243,243,1.0
43,TISZA,003B,Tóth Norbert,003K,Horváth Nándor Zsolt,244,244,1.0
43,TISZA,003B,Tóth Norbert,003L,Kapronczai Balázs,240,240,1.0
43,TISZA,003B,Tóth Norbert,003M,Dr. Juhász Áron,241,241,1.0
43,TISZA,003B,Tóth Norbert,003N,Kiss János,228,228,1.0
43,TISZA,003B,Tóth Norbert,003O,Gyömbér Dávid,241,241,1.0
43,TISZA,003B,Tóth Norbert,003P,Havasi Balázs,236,236,1.0
43,TISZA,003B,Tóth Norbert,003Q,Dr. Kovács Áron,243,243,1.0
43,TISZA,003B,Tóth Norbert,003R,Csiszár Béla,243,243,1.0
43,TISZA,003B,Tóth Norbert,003S,Dr. Szijjártó Gábor,242,242,1.0
43,TISZA,003B,Tóth Norbert,003T,Rápli Róbert,235,234,0.9957446808510638
43,TISZA,003B,Tóth Norbert,003U,Ujvári Szilvia,244,243,0.9959016393442623
43,TISZA,003B,Tóth Norbert,003V,Dr. Farkas Csongor,244,244,1.0
43,TISZA,003B,Tóth Norbert,003W,Csák László,241,241,1.0
43,TISZA,003B,Tóth Norbert,003X,Néher András,241,241,1.0
43,TISZA,003B,Tóth Norbert,003Y,Bárkányi Bence,244,244,1.0
43,TISZA,003B,Tóth Norbert,003Z,Ferenczi Gábor,242,242,1.0
43,TISZA,003B,Tóth Norbert,0040,Dr. Nagy Márta,243,243,1.0
43,TISZA,003B,Tóth Norbert,0041,Dr. Gáspár Levente,243,243,1.0
43,TISZA,003B,Tóth Norbert,0042,Dr. Hallerné Dr. Nagy Anikó,234,233,0.9957264957264957
43,TISZA,003B,Tóth Norbert,0043,Dr. Bihari Zoltán,239,234,0.9790794979079498
43,TISZA,003B,Tóth Norbert,0044,Lontay László,238,238,1.0
43,TISZA,003B,Tóth Norbert,0045,Cseh Tamás,241,240,0.995850622406639
43,TISZA,003B,Tóth Norbert,0046,Benke József,243,243,1.0
43,TISZA,003B,Tóth Norbert,0047,Hatala-Orosz Csaba,242,242,1.0
43,TISZA,003B,Tóth Norbert,0048,Rózsahegyi Áron,227,227,1.0
43,TISZA,003B,Tóth Norbert,0049,Dr. Czipa András,189,189,1.0
43,TISZA,003B,Tóth Norbert,004A,Juhász Roland Csongor,244,244,1.0
43,TISZA,003B,Tóth Norbert,004B,Karsai-Juhász Katalin,234,234,1.0
43,TISZA,003B,Tóth Norbert,004C,Judák Zsolt,243,241,0.9917695473251029
43,TISZA,003B,Tóth Norbert,004D,Polgár György,244,244,1.0
43,TISZA,003B,Tóth Norbert,004E,Tárkányi Zsolt,235,234,0.9957446808510638
43,TISZA,003B,Tóth Norbert,004F,Dr. Stumpf Péter,244,243,0.9959016393442623
43,TISZA,003B,Tóth Norbert,004G,Gajda Attila,242,241,0.9958677685950413
43,TISZA,003B,Tóth Norbert,004H,Molnár János,243,243,1.0
43,TISZA,003B,Tóth Norbert,k122,Kármán András,223,222,0.9955156950672646
43,TISZA,003B,Tóth Norbert,m076,Magyar Péter,187,187,1.0
43,TISZA,003B,Tóth Norbert,t067,Tarr Zoltán,223,220,0.9865470852017937
43,TISZA,003C,Dr. Balatincz Péter,003D,Járosi Péter,181,181,1.0
43,TISZA,003C,Dr. Balatincz Péter,003E,Gombár Dávid,178,178,1.0
43,TISZA,003C,Dr. Balatincz Péter,003F,Szakács Péter Lajos,181,181,1.0
43,TISZA,003C,Dr. Balatincz Péter,003G,Dr. Dicső Viktória,176,176,1.0
43,TISZA,003C,Dr. Balatincz Péter,003H,Czakó Czirbus Pál,176,176,1.0
43,TISZA,003C,Dr. Balatincz Péter,003I,Dr. Németh Csilla,178,177,0.9943820224719101
43,TISZA,003C,Dr. Balatincz Péter,003J,Dr. Kovács Gyula,181,181,1.0
43,TISZA,003C,Dr. Balatincz Péter,003K,Horváth Nándor Zsolt,180,180,1.0
43,TISZA,003C,Dr. Balatincz Péter,003L,Kapronczai Balázs,178,178,1.0
43,TISZA,003C,Dr. Balatincz Péter,003M,Dr. Juhász Áron,180,180,1.0
43,TISZA,003C,Dr. Balatincz Péter,003N,Kiss János,166,166,1.0
43,TISZA,003C,Dr. Balatincz Péter,003O,Gyömbér Dávid,179,179,1.0
43,TISZA,003C,Dr. Balatincz Péter,003P,Havasi Balázs,170,170,1.0
43,TISZA,003C,Dr. Balatincz Péter,003Q,Dr. Kovács Áron,181,181,1.0
43,TISZA,003C,Dr. Balatincz Péter,003R,Csiszár Béla,181,181,1.0
43,TISZA,003C,Dr. Balatincz Péter,003S,Dr. Szijjártó Gábor,178,178,1.0
43,TISZA,003C,Dr. Balatincz Péter,003T,Rápli Róbert,175,174,0.9942857142857143
43,TISZA,003C,Dr. Balatincz Péter,003U,Ujvári Szilvia,181,180,0.994475138121547
43,TISZA,003C,Dr. Balatincz Péter,003V,Dr. Farkas Csongor,181,181,1.0
43,TISZA,003C,Dr. Balatincz Péter,003W,Csák László,177,177,1.0
43,TISZA,003C,Dr. Balatincz Péter,003X,Néher András,178,178,1.0
43,TISZA,003C,Dr. Balatincz Péter,003Y,Bárkányi Bence,181,181,1.0
43,TISZA,003C,Dr. Balatincz Péter,003Z,Ferenczi Gábor,179,179,1.0
43,TISZA,003C,Dr. Balatincz Péter,0040,Dr. Nagy Márta,180,180,1.0
43,TISZA,003C,Dr. Balatincz Péter,0041,Dr. Gáspár Levente,180,180,1.0
43,TISZA,003C,Dr. Balatincz Péter,0042,Dr. Hallerné Dr. Nagy Anikó,172,172,1.0
43,TISZA,003C,Dr. Balatincz Péter,0043,Dr. Bihari Zoltán,177,173,0.9774011299435028
43,TISZA,003C,Dr. Balatincz Péter,0044,Lontay László,173,173,1.0
43,TISZA,003C,Dr. Balatincz Péter,0045,Cseh Tamás,180,178,0.9888888888888889
43,TISZA,003C,Dr. Balatincz Péter,0046,Benke József,181,181,1.0
43,TISZA,003C,Dr. Balatincz Péter,0047,Hatala-Orosz Csaba,179,178,0.994413407821229
43,TISZA,003C,Dr. Balatincz Péter,0048,Rózsahegyi Áron,168,168,1.0
43,TISZA,003C,Dr. Balatincz Péter,0049,Dr. Czipa András,128,128,1.0
43,TISZA,003C,Dr. Balatincz Péter,004A,Juhász Roland Csongor,181,181,1.0
43,TISZA,003C,Dr. Balatincz Péter,004B,Karsai-Juhász Katalin,172,172,1.0
43,TISZA,003C,Dr. Balatincz Péter,004C,Judák Zsolt,180,178,0.9888888888888889
43,TISZA,003C,Dr. Balatincz Péter,004D,Polgár György,181,181,1.0
43,TISZA,003C,Dr. Balatincz Péter,004E,Tárkányi Zsolt,176,175,0.9943181818181818
43,TISZA,003C,Dr. Balatincz Péter,004F,Dr. Stumpf Péter,181,180,0.994475138121547
43,TISZA,003C,Dr. Balatincz Péter,004G,Gajda Attila,179,177,0.9888268156424581
43,TISZA,003C,Dr. Balatincz Péter,004H,Molnár János,181,181,1.0
43,TISZA,003C,Dr. Balatincz Péter,k122,Kármán András,168,167,0.9940476190476191
43,TISZA,003C,Dr. Balatincz Péter,m076,Magyar Péter,150,150,1.0
43,TISZA,003C,Dr. Balatincz Péter,t067,Tarr Zoltán,166,163,0.9819277108433735
43,TISZA,003D,Járosi Péter,003E,Gombár Dávid,252,252,1.0
43,TISZA,003D,Járosi Péter,003F,Szakács Péter Lajos,256,256,1.0
43,TISZA,003D,Járosi Péter,003G,Dr. Dicső Viktória,249,249,1.0
43,TISZA,003D,Járosi Péter,003H,Czakó Czirbus Pál,251,251,1.0
43,TISZA,003D,Járosi Péter,003I,Dr. Németh Csilla,248,247,0.9959677419354839
43,TISZA,003D,Járosi Péter,003J,Dr. Kovács Gyula,255,255,1.0
43,TISZA,003D,Járosi Péter,003K,Horváth Nándor Zsolt,255,255,1.0
43,TISZA,003D,Járosi Péter,003L,Kapronczai Balázs,251,251,1.0
43,TISZA,003D,Járosi Péter,003M,Dr. Juhász Áron,252,252,1.0
43,TISZA,003D,Járosi Péter,003N,Kiss János,237,237,1.0
43,TISZA,003D,Járosi Péter,003O,Gyömbér Dávid,253,253,1.0
43,TISZA,003D,Járosi Péter,003P,Havasi Balázs,243,243,1.0
43,TISZA,003D,Járosi Péter,003Q,Dr. Kovács Áron,254,254,1.0
43,TISZA,003D,Járosi Péter,003R,Csiszár Béla,255,255,1.0
43,TISZA,003D,Járosi Péter,003S,Dr. Szijjártó Gábor,253,253,1.0
43,TISZA,003D,Járosi Péter,003T,Rápli Róbert,247,246,0.9959514170040485
43,TISZA,003D,Járosi Péter,003U,Ujvári Szilvia,256,255,0.99609375
43,TISZA,003D,Járosi Péter,003V,Dr. Farkas Csongor,256,256,1.0
43,TISZA,003D,Járosi Péter,003W,Csák László,252,252,1.0
43,TISZA,003D,Járosi Péter,003X,Néher András,253,253,1.0
43,TISZA,003D,Járosi Péter,003Y,Bárkányi Bence,256,256,1.0
43,TISZA,003D,Járosi Péter,003Z,Ferenczi Gábor,254,254,1.0
43,TISZA,003D,Járosi Péter,0040,Dr. Nagy Márta,254,254,1.0
43,TISZA,003D,Járosi Péter,0041,Dr. Gáspár Levente,254,254,1.0
43,TISZA,003D,Járosi Péter,0042,Dr. Hallerné Dr. Nagy Anikó,240,239,0.9958333333333333
43,TISZA,003D,Járosi Péter,0043,Dr. Bihari Zoltán,251,246,0.9800796812749004
43,TISZA,003D,Járosi Péter,0044,Lontay László,247,247,1.0
43,TISZA,003D,Járosi Péter,0045,Cseh Tamás,251,249,0.9920318725099602
43,TISZA,003D,Járosi Péter,0046,Benke József,255,255,1.0
43,TISZA,003D,Járosi Péter,0047,Hatala-Orosz Csaba,254,253,0.9960629921259843
43,TISZA,003D,Járosi Péter,0048,Rózsahegyi Áron,238,238,1.0
43,TISZA,003D,Járosi Péter,0049,Dr. Czipa András,195,195,1.0
43,TISZA,003D,Járosi Péter,004A,Juhász Roland Csongor,256,256,1.0
43,TISZA,003D,Járosi Péter,004B,Karsai-Juhász Katalin,246,246,1.0
43,TISZA,003D,Járosi Péter,004C,Judák Zsolt,255,253,0.9921568627450981
43,TISZA,003D,Járosi Péter,004D,Polgár György,256,256,1.0
43,TISZA,003D,Járosi Péter,004E,Tárkányi Zsolt,244,243,0.9959016393442623
43,TISZA,003D,Járosi Péter,004F,Dr. Stumpf Péter,256,255,0.99609375
43,TISZA,003D,Járosi Péter,004G,Gajda Attila,254,252,0.9921259842519685
43,TISZA,003D,Járosi Péter,004H,Molnár János,255,255,1.0
43,TISZA,003D,Járosi Péter,k122,Kármán András,227,226,0.9955947136563876
43,TISZA,003D,Járosi Péter,m076,Magyar Péter,189,189,1.0
43,TISZA,003D,Járosi Péter,t067,Tarr Zoltán,229,226,0.9868995633187773
43,TISZA,003E,Gombár Dávid,003F,Szakács Péter Lajos,252,252,1.0
43,TISZA,003E,Gombár Dávid,003G,Dr. Dicső Viktória,245,245,1.0
43,TISZA,003E,Gombár Dávid,003H,Czakó Czirbus Pál,247,247,1.0
43,TISZA,003E,Gombár Dávid,003I,Dr. Németh Csilla,244,243,0.9959016393442623
43,TISZA,003E,Gombár Dávid,003J,Dr. Kovács Gyula,251,251,1.0
43,TISZA,003E,Gombár Dávid,003K,Horváth Nándor Zsolt,251,251,1.0
43,TISZA,003E,Gombár Dávid,003L,Kapronczai Balázs,247,247,1.0
43,TISZA,003E,Gombár Dávid,003M,Dr. Juhász Áron,249,249,1.0
43,TISZA,003E,Gombár Dávid,003N,Kiss János,235,235,1.0
43,TISZA,003E,Gombár Dávid,003O,Gyömbér Dávid,250,250,1.0
43,TISZA,003E,Gombár Dávid,003P,Havasi Balázs,241,241,1.0
43,TISZA,003E,Gombár Dávid,003Q,Dr. Kovács Áron,250,250,1.0
43,TISZA,003E,Gombár Dávid,003R,Csiszár Béla,251,251,1.0
43,TISZA,003E,Gombár Dávid,003S,Dr. Szijjártó Gábor,249,249,1.0
43,TISZA,003E,Gombár Dávid,003T,Rápli Róbert,243,243,1.0
43,TISZA,003E,Gombár Dávid,003U,Ujvári Szilvia,252,251,0.996031746031746
43,TISZA,003E,Gombár Dávid,003V,Dr. Farkas Csongor,252,252,1.0
43,TISZA,003E,Gombár Dávid,003W,Csák László,248,248,1.0
43,TISZA,003E,Gombár Dávid,003X,Néher András,249,249,1.0
43,TISZA,003E,Gombár Dávid,003Y,Bárkányi Bence,252,252,1.0
43,TISZA,003E,Gombár Dávid,003Z,Ferenczi Gábor,251,251,1.0
43,TISZA,003E,Gombár Dávid,0040,Dr. Nagy Márta,251,251,1.0
43,TISZA,003E,Gombár Dávid,0041,Dr. Gáspár Levente,250,250,1.0
43,TISZA,003E,Gombár Dávid,0042,Dr. Hallerné Dr. Nagy Anikó,237,236,0.9957805907172996
43,TISZA,003E,Gombár Dávid,0043,Dr. Bihari Zoltán,247,242,0.979757085020243
43,TISZA,003E,Gombár Dávid,0044,Lontay László,244,244,1.0
43,TISZA,003E,Gombár Dávid,0045,Cseh Tamás,247,247,1.0
43,TISZA,003E,Gombár Dávid,0046,Benke József,251,251,1.0
43,TISZA,003E,Gombár Dávid,0047,Hatala-Orosz Csaba,251,250,0.9960159362549801
43,TISZA,003E,Gombár Dávid,0048,Rózsahegyi Áron,234,234,1.0
43,TISZA,003E,Gombár Dávid,0049,Dr. Czipa András,194,194,1.0
43,TISZA,003E,Gombár Dávid,004A,Juhász Roland Csongor,252,252,1.0
43,TISZA,003E,Gombár Dávid,004B,Karsai-Juhász Katalin,242,242,1.0
43,TISZA,003E,Gombár Dávid,004C,Judák Zsolt,251,249,0.9920318725099602
43,TISZA,003E,Gombár Dávid,004D,Polgár György,252,252,1.0
43,TISZA,003E,Gombár Dávid,004E,Tárkányi Zsolt,242,241,0.9958677685950413
43,TISZA,003E,Gombár Dávid,004F,Dr. Stumpf Péter,252,251,0.996031746031746
43,TISZA,003E,Gombár Dávid,004G,Gajda Attila,250,248,0.992
43,TISZA,003E,Gombár Dávid,004H,Molnár János,251,251,1.0
43,TISZA,003E,Gombár Dávid,k122,Kármán András,225,224,0.9955555555555555
43,TISZA,003E,Gombár Dávid,m076,Magyar Péter,188,188,1.0
43,TISZA,003E,Gombár Dávid,t067,Tarr Zoltán,228,225,0.9868421052631579
43,TISZA,003F,Szakács Péter Lajos,003G,Dr. Dicső Viktória,249,249,1.0
43,TISZA,003F,Szakács Péter Lajos,003H,Czakó Czirbus Pál,251,251,1.0
43,TISZA,003F,Szakács Péter Lajos,003I,Dr. Németh Csilla,248,247,0.9959677419354839
43,TISZA,003F,Szakács Péter Lajos,003J,Dr. Kovács Gyula,255,255,1.0
43,TISZA,003F,Szakács Péter Lajos,003K,Horváth Nándor Zsolt,255,255,1.0
43,TISZA,003F,Szakács Péter Lajos,003L,Kapronczai Balázs,251,251,1.0
43,TISZA,003F,Szakács Péter Lajos,003M,Dr. Juhász Áron,252,252,1.0
43,TISZA,003F,Szakács Péter Lajos,003N,Kiss János,237,237,1.0
43,TISZA,003F,Szakács Péter Lajos,003O,Gyömbér Dávid,253,253,1.0
43,TISZA,003F,Szakács Péter Lajos,003P,Havasi Balázs,243,243,1.0
43,TISZA,003F,Szakács Péter Lajos,003Q,Dr. Kovács Áron,254,254,1.0
43,TISZA,003F,Szakács Péter Lajos,003R,Csiszár Béla,255,255,1.0
43,TISZA,003F,Szakács Péter Lajos,003S,Dr. Szijjártó Gábor,253,253,1.0
43,TISZA,003F,Szakács Péter Lajos,003T,Rápli Róbert,247,246,0.9959514170040485
43,TISZA,003F,Szakács Péter Lajos,003U,Ujvári Szilvia,256,255,0.99609375
43,TISZA,003F,Szakács Péter Lajos,003V,Dr. Farkas Csongor,256,256,1.0
43,TISZA,003F,Szakács Péter Lajos,003W,Csák László,252,252,1.0
43,TISZA,003F,Szakács Péter Lajos,003X,Néher András,253,253,1.0
43,TISZA,003F,Szakács Péter Lajos,003Y,Bárkányi Bence,256,256,1.0
43,TISZA,003F,Szakács Péter Lajos,003Z,Ferenczi Gábor,254,254,1.0
43,TISZA,003F,Szakács Péter Lajos,0040,Dr. Nagy Márta,254,254,1.0
43,TISZA,003F,Szakács Péter Lajos,0041,Dr. Gáspár Levente,254,254,1.0
43,TISZA,003F,Szakács Péter Lajos,0042,Dr. Hallerné Dr. Nagy Anikó,240,239,0.9958333333333333
43,TISZA,003F,Szakács Péter Lajos,0043,Dr. Bihari Zoltán,251,246,0.9800796812749004
43,TISZA,003F,Szakács Péter Lajos,0044,Lontay László,247,247,1.0
43,TISZA,003F,Szakács Péter Lajos,0045,Cseh Tamás,251,249,0.9920318725099602
43,TISZA,003F,Szakács Péter Lajos,0046,Benke József,255,255,1.0
43,TISZA,003F,Szakács Péter Lajos,0047,Hatala-Orosz Csaba,254,253,0.9960629921259843
43,TISZA,003F,Szakács Péter Lajos,0048,Rózsahegyi Áron,238,238,1.0
43,TISZA,003F,Szakács Péter Lajos,0049,Dr. Czipa András,195,195,1.0
43,TISZA,003F,Szakács Péter Lajos,004A,Juhász Roland Csongor,256,256,1.0
43,TISZA,003F,Szakács Péter Lajos,004B,Karsai-Juhász Katalin,246,246,1.0
43,TISZA,003F,Szakács Péter Lajos,004C,Judák Zsolt,255,253,0.9921568627450981
43,TISZA,003F,Szakács Péter Lajos,004D,Polgár György,256,256,1.0
43,TISZA,003F,Szakács Péter Lajos,004E,Tárkányi Zsolt,244,243,0.9959016393442623
43,TISZA,003F,Szakács Péter Lajos,004F,Dr. Stumpf Péter,256,255,0.99609375
43,TISZA,003F,Szakács Péter Lajos,004G,Gajda Attila,254,252,0.9921259842519685
43,TISZA,003F,Szakács Péter Lajos,004H,Molnár János,255,255,1.0
43,TISZA,003F,Szakács Péter Lajos,k122,Kármán András,227,226,0.9955947136563876
43,TISZA,003F,Szakács Péter Lajos,m076,Magyar Péter,189,189,1.0
43,TISZA,003F,Szakács Péter Lajos,t067,Tarr Zoltán,229,226,0.9868995633187773
43,TISZA,003G,Dr. Dicső Viktória,003H,Czakó Czirbus Pál,245,245,1.0
43,TISZA,003G,Dr. Dicső Viktória,003I,Dr. Németh Csilla,241,241,1.0
43,TISZA,003G,Dr. Dicső Viktória,003J,Dr. Kovács Gyula,248,248,1.0
43,TISZA,003G,Dr. Dicső Viktória,003K,Horváth Nándor Zsolt,249,249,1.0
43,TISZA,003G,Dr. Dicső Viktória,003L,Kapronczai Balázs,244,244,1.0
43,TISZA,003G,Dr. Dicső Viktória,003M,Dr. Juhász Áron,246,246,1.0
43,TISZA,003G,Dr. Dicső Viktória,003N,Kiss János,232,232,1.0
43,TISZA,003G,Dr. Dicső Viktória,003O,Gyömbér Dávid,246,246,1.0
43,TISZA,003G,Dr. Dicső Viktória,003P,Havasi Balázs,237,237,1.0
43,TISZA,003G,Dr. Dicső Viktória,003Q,Dr. Kovács Áron,248,248,1.0
43,TISZA,003G,Dr. Dicső Viktória,003R,Csiszár Béla,249,249,1.0
43,TISZA,003G,Dr. Dicső Viktória,003S,Dr. Szijjártó Gábor,247,247,1.0
43,TISZA,003G,Dr. Dicső Viktória,003T,Rápli Róbert,240,239,0.9958333333333333
43,TISZA,003G,Dr. Dicső Viktória,003U,Ujvári Szilvia,249,249,1.0
43,TISZA,003G,Dr. Dicső Viktória,003V,Dr. Farkas Csongor,249,249,1.0
43,TISZA,003G,Dr. Dicső Viktória,003W,Csák László,246,246,1.0
43,TISZA,003G,Dr. Dicső Viktória,003X,Néher András,248,248,1.0
43,TISZA,003G,Dr. Dicső Viktória,003Y,Bárkányi Bence,249,249,1.0
43,TISZA,003G,Dr. Dicső Viktória,003Z,Ferenczi Gábor,247,247,1.0
43,TISZA,003G,Dr. Dicső Viktória,0040,Dr. Nagy Márta,248,248,1.0
43,TISZA,003G,Dr. Dicső Viktória,0041,Dr. Gáspár Levente,247,247,1.0
43,TISZA,003G,Dr. Dicső Viktória,0042,Dr. Hallerné Dr. Nagy Anikó,233,232,0.9957081545064378
43,TISZA,003G,Dr. Dicső Viktória,0043,Dr. Bihari Zoltán,244,240,0.9836065573770492
43,TISZA,003G,Dr. Dicső Viktória,0044,Lontay László,242,242,1.0
43,TISZA,003G,Dr. Dicső Viktória,0045,Cseh Tamás,244,242,0.9918032786885246
43,TISZA,003G,Dr. Dicső Viktória,0046,Benke József,249,249,1.0
43,TISZA,003G,Dr. Dicső Viktória,0047,Hatala-Orosz Csaba,248,247,0.9959677419354839
43,TISZA,003G,Dr. Dicső Viktória,0048,Rózsahegyi Áron,232,232,1.0
43,TISZA,003G,Dr. Dicső Viktória,0049,Dr. Czipa András,194,194,1.0
43,TISZA,003G,Dr. Dicső Viktória,004A,Juhász Roland Csongor,249,249,1.0
43,TISZA,003G,Dr. Dicső Viktória,004B,Karsai-Juhász Katalin,240,240,1.0
43,TISZA,003G,Dr. Dicső Viktória,004C,Judák Zsolt,249,248,0.9959839357429718
43,TISZA,003G,Dr. Dicső Viktória,004D,Polgár György,249,249,1.0
43,TISZA,003G,Dr. Dicső Viktória,004E,Tárkányi Zsolt,240,239,0.9958333333333333
43,TISZA,003G,Dr. Dicső Viktória,004F,Dr. Stumpf Péter,249,249,1.0
43,TISZA,003G,Dr. Dicső Viktória,004G,Gajda Attila,247,245,0.9919028340080972
43,TISZA,003G,Dr. Dicső Viktória,004H,Molnár János,249,249,1.0
43,TISZA,003G,Dr. Dicső Viktória,k122,Kármán András,222,221,0.9954954954954955
43,TISZA,003G,Dr. Dicső Viktória,m076,Magyar Péter,186,186,1.0
43,TISZA,003G,Dr. Dicső Viktória,t067,Tarr Zoltán,224,221,0.9866071428571429
43,TISZA,003H,Czakó Czirbus Pál,003I,Dr. Németh Csilla,243,243,1.0
43,TISZA,003H,Czakó Czirbus Pál,003J,Dr. Kovács Gyula,250,250,1.0
43,TISZA,003H,Czakó Czirbus Pál,003K,Horváth Nándor Zsolt,250,250,1.0
43,TISZA,003H,Czakó Czirbus Pál,003L,Kapronczai Balázs,246,246,1.0
43,TISZA,003H,Czakó Czirbus Pál,003M,Dr. Juhász Áron,247,247,1.0
43,TISZA,003H,Czakó Czirbus Pál,003N,Kiss János,232,232,1.0
43,TISZA,003H,Czakó Czirbus Pál,003O,Gyömbér Dávid,248,248,1.0
43,TISZA,003H,Czakó Czirbus Pál,003P,Havasi Balázs,238,238,1.0
43,TISZA,003H,Czakó Czirbus Pál,003Q,Dr. Kovács Áron,249,249,1.0
43,TISZA,003H,Czakó Czirbus Pál,003R,Csiszár Béla,250,250,1.0
43,TISZA,003H,Czakó Czirbus Pál,003S,Dr. Szijjártó Gábor,248,248,1.0
43,TISZA,003H,Czakó Czirbus Pál,003T,Rápli Róbert,242,241,0.9958677685950413
43,TISZA,003H,Czakó Czirbus Pál,003U,Ujvári Szilvia,251,251,1.0
43,TISZA,003H,Czakó Czirbus Pál,003V,Dr. Farkas Csongor,251,251,1.0
43,TISZA,003H,Czakó Czirbus Pál,003W,Csák László,250,250,1.0
43,TISZA,003H,Czakó Czirbus Pál,003X,Néher András,248,248,1.0
43,TISZA,003H,Czakó Czirbus Pál,003Y,Bárkányi Bence,251,251,1.0
43,TISZA,003H,Czakó Czirbus Pál,003Z,Ferenczi Gábor,249,249,1.0
43,TISZA,003H,Czakó Czirbus Pál,0040,Dr. Nagy Márta,249,249,1.0
43,TISZA,003H,Czakó Czirbus Pál,0041,Dr. Gáspár Levente,249,249,1.0
43,TISZA,003H,Czakó Czirbus Pál,0042,Dr. Hallerné Dr. Nagy Anikó,236,235,0.9957627118644068
43,TISZA,003H,Czakó Czirbus Pál,0043,Dr. Bihari Zoltán,246,241,0.9796747967479674
43,TISZA,003H,Czakó Czirbus Pál,0044,Lontay László,242,242,1.0
43,TISZA,003H,Czakó Czirbus Pál,0045,Cseh Tamás,246,244,0.991869918699187
43,TISZA,003H,Czakó Czirbus Pál,0046,Benke József,250,250,1.0
43,TISZA,003H,Czakó Czirbus Pál,0047,Hatala-Orosz Csaba,249,249,1.0
43,TISZA,003H,Czakó Czirbus Pál,0048,Rózsahegyi Áron,233,233,1.0
43,TISZA,003H,Czakó Czirbus Pál,0049,Dr. Czipa András,191,191,1.0
43,TISZA,003H,Czakó Czirbus Pál,004A,Juhász Roland Csongor,251,251,1.0
43,TISZA,003H,Czakó Czirbus Pál,004B,Karsai-Juhász Katalin,241,241,1.0
43,TISZA,003H,Czakó Czirbus Pál,004C,Judák Zsolt,250,249,0.996
43,TISZA,003H,Czakó Czirbus Pál,004D,Polgár György,251,251,1.0
43,TISZA,003H,Czakó Czirbus Pál,004E,Tárkányi Zsolt,239,238,0.99581589958159
43,TISZA,003H,Czakó Czirbus Pál,004F,Dr. Stumpf Péter,251,250,0.9960159362549801
43,TISZA,003H,Czakó Czirbus Pál,004G,Gajda Attila,249,248,0.9959839357429718
43,TISZA,003H,Czakó Czirbus Pál,004H,Molnár János,250,250,1.0
43,TISZA,003H,Czakó Czirbus Pál,k122,Kármán András,222,221,0.9954954954954955
43,TISZA,003H,Czakó Czirbus Pál,m076,Magyar Péter,185,185,1.0
43,TISZA,003H,Czakó Czirbus Pál,t067,Tarr Zoltán,225,222,0.9866666666666667
43,TISZA,003I,Dr. Németh Csilla,003J,Dr. Kovács Gyula,247,246,0.9959514170040485
43,TISZA,003I,Dr. Németh Csilla,003K,Horváth Nándor Zsolt,247,246,0.9959514170040485
43,TISZA,003I,Dr. Németh Csilla,003L,Kapronczai Balázs,244,243,0.9959016393442623
43,TISZA,003I,Dr. Németh Csilla,003M,Dr. Juhász Áron,245,244,0.9959183673469387
43,TISZA,003I,Dr. Németh Csilla,003N,Kiss János,231,230,0.9956709956709957
43,TISZA,003I,Dr. Németh Csilla,003O,Gyömbér Dávid,245,244,0.9959183673469387
43,TISZA,003I,Dr. Németh Csilla,003P,Havasi Balázs,237,236,0.9957805907172996
43,TISZA,003I,Dr. Németh Csilla,003Q,Dr. Kovács Áron,246,245,0.9959349593495935
43,TISZA,003I,Dr. Németh Csilla,003R,Csiszár Béla,247,246,0.9959514170040485
43,TISZA,003I,Dr. Németh Csilla,003S,Dr. Szijjártó Gábor,246,245,0.9959349593495935
43,TISZA,003I,Dr. Németh Csilla,003T,Rápli Róbert,241,239,0.991701244813278
43,TISZA,003I,Dr. Németh Csilla,003U,Ujvári Szilvia,248,248,1.0
43,TISZA,003I,Dr. Németh Csilla,003V,Dr. Farkas Csongor,248,247,0.9959677419354839
43,TISZA,003I,Dr. Németh Csilla,003W,Csák László,245,245,1.0
43,TISZA,003I,Dr. Németh Csilla,003X,Néher András,245,244,0.9959183673469387
43,TISZA,003I,Dr. Németh Csilla,003Y,Bárkányi Bence,248,247,0.9959677419354839
43,TISZA,003I,Dr. Németh Csilla,003Z,Ferenczi Gábor,246,245,0.9959349593495935
43,TISZA,003I,Dr. Németh Csilla,0040,Dr. Nagy Márta,246,245,0.9959349593495935
43,TISZA,003I,Dr. Németh Csilla,0041,Dr. Gáspár Levente,246,245,0.9959349593495935
43,TISZA,003I,Dr. Németh Csilla,0042,Dr. Hallerné Dr. Nagy Anikó,233,231,0.9914163090128756
43,TISZA,003I,Dr. Németh Csilla,0043,Dr. Bihari Zoltán,243,237,0.9753086419753086
43,TISZA,003I,Dr. Németh Csilla,0044,Lontay László,239,238,0.99581589958159
43,TISZA,003I,Dr. Németh Csilla,0045,Cseh Tamás,245,242,0.9877551020408163
43,TISZA,003I,Dr. Németh Csilla,0046,Benke József,247,246,0.9959514170040485
43,TISZA,003I,Dr. Németh Csilla,0047,Hatala-Orosz Csaba,246,244,0.991869918699187
43,TISZA,003I,Dr. Németh Csilla,0048,Rózsahegyi Áron,232,231,0.9956896551724138
43,TISZA,003I,Dr. Németh Csilla,0049,Dr. Czipa András,191,191,1.0
43,TISZA,003I,Dr. Németh Csilla,004A,Juhász Roland Csongor,248,247,0.9959677419354839
43,TISZA,003I,Dr. Németh Csilla,004B,Karsai-Juhász Katalin,238,237,0.9957983193277311
43,TISZA,003I,Dr. Németh Csilla,004C,Judák Zsolt,247,246,0.9959514170040485
43,TISZA,003I,Dr. Németh Csilla,004D,Polgár György,248,247,0.9959677419354839
43,TISZA,003I,Dr. Németh Csilla,004E,Tárkányi Zsolt,237,235,0.9915611814345991
43,TISZA,003I,Dr. Németh Csilla,004F,Dr. Stumpf Péter,248,246,0.9919354838709677
43,TISZA,003I,Dr. Németh Csilla,004G,Gajda Attila,246,243,0.9878048780487805
43,TISZA,003I,Dr. Németh Csilla,004H,Molnár János,247,246,0.9959514170040485
43,TISZA,003I,Dr. Németh Csilla,k122,Kármán András,222,220,0.990990990990991
43,TISZA,003I,Dr. Németh Csilla,m076,Magyar Péter,185,184,0.9945945945945946
43,TISZA,003I,Dr. Németh Csilla,t067,Tarr Zoltán,224,220,0.9821428571428571
43,TISZA,003J,Dr. Kovács Gyula,003K,Horváth Nándor Zsolt,254,254,1.0
43,TISZA,003J,Dr. Kovács Gyula,003L,Kapronczai Balázs,250,250,1.0
43,TISZA,003J,Dr. Kovács Gyula,003M,Dr. Juhász Áron,251,251,1.0
43,TISZA,003J,Dr. Kovács Gyula,003N,Kiss János,236,236,1.0
43,TISZA,003J,Dr. Kovács Gyula,003O,Gyömbér Dávid,252,252,1.0
43,TISZA,003J,Dr. Kovács Gyula,003P,Havasi Balázs,242,242,1.0
43,TISZA,003J,Dr. Kovács Gyula,003Q,Dr. Kovács Áron,253,253,1.0
43,TISZA,003J,Dr. Kovács Gyula,003R,Csiszár Béla,254,254,1.0
43,TISZA,003J,Dr. Kovács Gyula,003S,Dr. Szijjártó Gábor,252,252,1.0
43,TISZA,003J,Dr. Kovács Gyula,003T,Rápli Róbert,246,245,0.9959349593495935
43,TISZA,003J,Dr. Kovács Gyula,003U,Ujvári Szilvia,255,254,0.996078431372549
43,TISZA,003J,Dr. Kovács Gyula,003V,Dr. Farkas Csongor,255,255,1.0
43,TISZA,003J,Dr. Kovács Gyula,003W,Csák László,251,251,1.0
43,TISZA,003J,Dr. Kovács Gyula,003X,Néher András,252,252,1.0
43,TISZA,003J,Dr. Kovács Gyula,003Y,Bárkányi Bence,255,255,1.0
43,TISZA,003J,Dr. Kovács Gyula,003Z,Ferenczi Gábor,253,253,1.0
43,TISZA,003J,Dr. Kovács Gyula,0040,Dr. Nagy Márta,253,253,1.0
43,TISZA,003J,Dr. Kovács Gyula,0041,Dr. Gáspár Levente,253,253,1.0
43,TISZA,003J,Dr. Kovács Gyula,0042,Dr. Hallerné Dr. Nagy Anikó,239,238,0.99581589958159
43,TISZA,003J,Dr. Kovács Gyula,0043,Dr. Bihari Zoltán,250,245,0.98
43,TISZA,003J,Dr. Kovács Gyula,0044,Lontay László,246,246,1.0
43,TISZA,003J,Dr. Kovács Gyula,0045,Cseh Tamás,250,248,0.992
43,TISZA,003J,Dr. Kovács Gyula,0046,Benke József,254,254,1.0
43,TISZA,003J,Dr. Kovács Gyula,0047,Hatala-Orosz Csaba,253,252,0.9960474308300395
43,TISZA,003J,Dr. Kovács Gyula,0048,Rózsahegyi Áron,237,237,1.0
43,TISZA,003J,Dr. Kovács Gyula,0049,Dr. Czipa András,194,194,1.0
43,TISZA,003J,Dr. Kovács Gyula,004A,Juhász Roland Csongor,255,255,1.0
43,TISZA,003J,Dr. Kovács Gyula,004B,Karsai-Juhász Katalin,245,245,1.0
43,TISZA,003J,Dr. Kovács Gyula,004C,Judák Zsolt,254,252,0.9921259842519685
43,TISZA,003J,Dr. Kovács Gyula,004D,Polgár György,255,255,1.0
43,TISZA,003J,Dr. Kovács Gyula,004E,Tárkányi Zsolt,244,243,0.9959016393442623
43,TISZA,003J,Dr. Kovács Gyula,004F,Dr. Stumpf Péter,255,254,0.996078431372549
43,TISZA,003J,Dr. Kovács Gyula,004G,Gajda Attila,253,251,0.9920948616600791
43,TISZA,003J,Dr. Kovács Gyula,004H,Molnár János,254,254,1.0
43,TISZA,003J,Dr. Kovács Gyula,k122,Kármán András,227,226,0.9955947136563876
43,TISZA,003J,Dr. Kovács Gyula,m076,Magyar Péter,189,189,1.0
43,TISZA,003J,Dr. Kovács Gyula,t067,Tarr Zoltán,229,226,0.9868995633187773
43,TISZA,003K,Horváth Nándor Zsolt,003L,Kapronczai Balázs,250,250,1.0
43,TISZA,003K,Horváth Nándor Zsolt,003M,Dr. Juhász Áron,251,251,1.0
43,TISZA,003K,Horváth Nándor Zsolt,003N,Kiss János,236,236,1.0
43,TISZA,003K,Horváth Nándor Zsolt,003O,Gyömbér Dávid,252,252,1.0
43,TISZA,003K,Horváth Nándor Zsolt,003P,Havasi Balázs,242,242,1.0
43,TISZA,003K,Horváth Nándor Zsolt,003Q,Dr. Kovács Áron,253,253,1.0
43,TISZA,003K,Horváth Nándor Zsolt,003R,Csiszár Béla,254,254,1.0
43,TISZA,003K,Horváth Nándor Zsolt,003S,Dr. Szijjártó Gábor,252,252,1.0
43,TISZA,003K,Horváth Nándor Zsolt,003T,Rápli Róbert,246,245,0.9959349593495935
43,TISZA,003K,Horváth Nándor Zsolt,003U,Ujvári Szilvia,255,254,0.996078431372549
43,TISZA,003K,Horváth Nándor Zsolt,003V,Dr. Farkas Csongor,255,255,1.0
43,TISZA,003K,Horváth Nándor Zsolt,003W,Csák László,251,251,1.0
43,TISZA,003K,Horváth Nándor Zsolt,003X,Néher András,252,252,1.0
43,TISZA,003K,Horváth Nándor Zsolt,003Y,Bárkányi Bence,255,255,1.0
43,TISZA,003K,Horváth Nándor Zsolt,003Z,Ferenczi Gábor,253,253,1.0
43,TISZA,003K,Horváth Nándor Zsolt,0040,Dr. Nagy Márta,253,253,1.0
43,TISZA,003K,Horváth Nándor Zsolt,0041,Dr. Gáspár Levente,253,253,1.0
43,TISZA,003K,Horváth Nándor Zsolt,0042,Dr. Hallerné Dr. Nagy Anikó,239,238,0.99581589958159
43,TISZA,003K,Horváth Nándor Zsolt,0043,Dr. Bihari Zoltán,250,245,0.98
43,TISZA,003K,Horváth Nándor Zsolt,0044,Lontay László,247,247,1.0
43,TISZA,003K,Horváth Nándor Zsolt,0045,Cseh Tamás,250,248,0.992
43,TISZA,003K,Horváth Nándor Zsolt,0046,Benke József,254,254,1.0
43,TISZA,003K,Horváth Nándor Zsolt,0047,Hatala-Orosz Csaba,253,252,0.9960474308300395
43,TISZA,003K,Horváth Nándor Zsolt,0048,Rózsahegyi Áron,237,237,1.0
43,TISZA,003K,Horváth Nándor Zsolt,0049,Dr. Czipa András,195,195,1.0
43,TISZA,003K,Horváth Nándor Zsolt,004A,Juhász Roland Csongor,255,255,1.0
43,TISZA,003K,Horváth Nándor Zsolt,004B,Karsai-Juhász Katalin,245,245,1.0
43,TISZA,003K,Horváth Nándor Zsolt,004C,Judák Zsolt,254,252,0.9921259842519685
43,TISZA,003K,Horváth Nándor Zsolt,004D,Polgár György,255,255,1.0
43,TISZA,003K,Horváth Nándor Zsolt,004E,Tárkányi Zsolt,243,242,0.9958847736625515
43,TISZA,003K,Horváth Nándor Zsolt,004F,Dr. Stumpf Péter,255,254,0.996078431372549
43,TISZA,003K,Horváth Nándor Zsolt,004G,Gajda Attila,253,251,0.9920948616600791
43,TISZA,003K,Horváth Nándor Zsolt,004H,Molnár János,254,254,1.0
43,TISZA,003K,Horváth Nándor Zsolt,k122,Kármán András,227,226,0.9955947136563876
43,TISZA,003K,Horváth Nándor Zsolt,m076,Magyar Péter,189,189,1.0
43,TISZA,003K,Horváth Nándor Zsolt,t067,Tarr Zoltán,228,225,0.9868421052631579
43,TISZA,003L,Kapronczai Balázs,003M,Dr. Juhász Áron,248,248,1.0
43,TISZA,003L,Kapronczai Balázs,003N,Kiss János,234,234,1.0
43,TISZA,003L,Kapronczai Balázs,003O,Gyömbér Dávid,249,249,1.0
43,TISZA,003L,Kapronczai Balázs,003P,Havasi Balázs,240,240,1.0
43,TISZA,003L,Kapronczai Balázs,003Q,Dr. Kovács Áron,249,249,1.0
43,TISZA,003L,Kapronczai Balázs,003R,Csiszár Béla,250,250,1.0
43,TISZA,003L,Kapronczai Balázs,003S,Dr. Szijjártó Gábor,248,248,1.0
43,TISZA,003L,Kapronczai Balázs,003T,Rápli Róbert,242,241,0.9958677685950413
43,TISZA,003L,Kapronczai Balázs,003U,Ujvári Szilvia,251,250,0.9960159362549801
43,TISZA,003L,Kapronczai Balázs,003V,Dr. Farkas Csongor,251,251,1.0
43,TISZA,003L,Kapronczai Balázs,003W,Csák László,247,247,1.0
43,TISZA,003L,Kapronczai Balázs,003X,Néher András,248,248,1.0
43,TISZA,003L,Kapronczai Balázs,003Y,Bárkányi Bence,251,251,1.0
43,TISZA,003L,Kapronczai Balázs,003Z,Ferenczi Gábor,250,250,1.0
43,TISZA,003L,Kapronczai Balázs,0040,Dr. Nagy Márta,249,249,1.0
43,TISZA,003L,Kapronczai Balázs,0041,Dr. Gáspár Levente,250,250,1.0
43,TISZA,003L,Kapronczai Balázs,0042,Dr. Hallerné Dr. Nagy Anikó,238,237,0.9957983193277311
43,TISZA,003L,Kapronczai Balázs,0043,Dr. Bihari Zoltán,246,241,0.9796747967479674
43,TISZA,003L,Kapronczai Balázs,0044,Lontay László,242,242,1.0
43,TISZA,003L,Kapronczai Balázs,0045,Cseh Tamás,247,245,0.9919028340080972
43,TISZA,003L,Kapronczai Balázs,0046,Benke József,250,250,1.0
43,TISZA,003L,Kapronczai Balázs,0047,Hatala-Orosz Csaba,249,248,0.9959839357429718
43,TISZA,003L,Kapronczai Balázs,0048,Rózsahegyi Áron,235,235,1.0
43,TISZA,003L,Kapronczai Balázs,0049,Dr. Czipa András,192,192,1.0
43,TISZA,003L,Kapronczai Balázs,004A,Juhász Roland Csongor,251,251,1.0
43,TISZA,003L,Kapronczai Balázs,004B,Karsai-Juhász Katalin,243,243,1.0
43,TISZA,003L,Kapronczai Balázs,004C,Judák Zsolt,250,248,0.992
43,TISZA,003L,Kapronczai Balázs,004D,Polgár György,251,251,1.0
43,TISZA,003L,Kapronczai Balázs,004E,Tárkányi Zsolt,241,240,0.995850622406639
43,TISZA,003L,Kapronczai Balázs,004F,Dr. Stumpf Péter,251,250,0.9960159362549801
43,TISZA,003L,Kapronczai Balázs,004G,Gajda Attila,249,247,0.9919678714859438
43,TISZA,003L,Kapronczai Balázs,004H,Molnár János,250,250,1.0
43,TISZA,003L,Kapronczai Balázs,k122,Kármán András,225,224,0.9955555555555555
43,TISZA,003L,Kapronczai Balázs,m076,Magyar Péter,188,188,1.0
43,TISZA,003L,Kapronczai Balázs,t067,Tarr Zoltán,226,223,0.9867256637168141
43,TISZA,003M,Dr. Juhász Áron,003N,Kiss János,234,234,1.0
43,TISZA,003M,Dr. Juhász Áron,003O,Gyömbér Dávid,250,250,1.0
43,TISZA,003M,Dr. Juhász Áron,003P,Havasi Balázs,241,241,1.0
43,TISZA,003M,Dr. Juhász Áron,003Q,Dr. Kovács Áron,250,250,1.0
43,TISZA,003M,Dr. Juhász Áron,003R,Csiszár Béla,251,251,1.0
43,TISZA,003M,Dr. Juhász Áron,003S,Dr. Szijjártó Gábor,249,249,1.0
43,TISZA,003M,Dr. Juhász Áron,003T,Rápli Róbert,243,242,0.9958847736625515
43,TISZA,003M,Dr. Juhász Áron,003U,Ujvári Szilvia,252,251,0.996031746031746
43,TISZA,003M,Dr. Juhász Áron,003V,Dr. Farkas Csongor,252,252,1.0
43,TISZA,003M,Dr. Juhász Áron,003W,Csák László,248,248,1.0
43,TISZA,003M,Dr. Juhász Áron,003X,Néher András,249,249,1.0
43,TISZA,003M,Dr. Juhász Áron,003Y,Bárkányi Bence,252,252,1.0
43,TISZA,003M,Dr. Juhász Áron,003Z,Ferenczi Gábor,250,250,1.0
43,TISZA,003M,Dr. Juhász Áron,0040,Dr. Nagy Márta,251,251,1.0
43,TISZA,003M,Dr. Juhász Áron,0041,Dr. Gáspár Levente,250,250,1.0
43,TISZA,003M,Dr. Juhász Áron,0042,Dr. Hallerné Dr. Nagy Anikó,237,236,0.9957805907172996
43,TISZA,003M,Dr. Juhász Áron,0043,Dr. Bihari Zoltán,247,242,0.979757085020243
43,TISZA,003M,Dr. Juhász Áron,0044,Lontay László,244,244,1.0
43,TISZA,003M,Dr. Juhász Áron,0045,Cseh Tamás,247,245,0.9919028340080972
43,TISZA,003M,Dr. Juhász Áron,0046,Benke József,251,251,1.0
43,TISZA,003M,Dr. Juhász Áron,0047,Hatala-Orosz Csaba,250,249,0.996
43,TISZA,003M,Dr. Juhász Áron,0048,Rózsahegyi Áron,235,235,1.0
43,TISZA,003M,Dr. Juhász Áron,0049,Dr. Czipa András,194,194,1.0
43,TISZA,003M,Dr. Juhász Áron,004A,Juhász Roland Csongor,252,252,1.0
43,TISZA,003M,Dr. Juhász Áron,004B,Karsai-Juhász Katalin,243,243,1.0
43,TISZA,003M,Dr. Juhász Áron,004C,Judák Zsolt,251,249,0.9920318725099602
43,TISZA,003M,Dr. Juhász Áron,004D,Polgár György,252,252,1.0
43,TISZA,003M,Dr. Juhász Áron,004E,Tárkányi Zsolt,241,240,0.995850622406639
43,TISZA,003M,Dr. Juhász Áron,004F,Dr. Stumpf Péter,252,251,0.996031746031746
43,TISZA,003M,Dr. Juhász Áron,004G,Gajda Attila,250,248,0.992
43,TISZA,003M,Dr. Juhász Áron,004H,Molnár János,252,252,1.0
43,TISZA,003M,Dr. Juhász Áron,k122,Kármán András,226,225,0.995575221238938
43,TISZA,003M,Dr. Juhász Áron,m076,Magyar Péter,187,187,1.0
43,TISZA,003M,Dr. Juhász Áron,t067,Tarr Zoltán,226,223,0.9867256637168141
43,TISZA,003N,Kiss János,003O,Gyömbér Dávid,236,236,1.0
43,TISZA,003N,Kiss János,003P,Havasi Balázs,227,227,1.0
43,TISZA,003N,Kiss János,003Q,Dr. Kovács Áron,236,236,1.0
43,TISZA,003N,Kiss János,003R,Csiszár Béla,237,237,1.0
43,TISZA,003N,Kiss János,003S,Dr. Szijjártó Gábor,235,235,1.0
43,TISZA,003N,Kiss János,003T,Rápli Róbert,234,234,1.0
43,TISZA,003N,Kiss János,003U,Ujvári Szilvia,237,236,0.9957805907172996
43,TISZA,003N,Kiss János,003V,Dr. Farkas Csongor,237,237,1.0
43,TISZA,003N,Kiss János,003W,Csák László,234,234,1.0
43,TISZA,003N,Kiss János,003X,Néher András,234,234,1.0
43,TISZA,003N,Kiss János,003Y,Bárkányi Bence,237,237,1.0
43,TISZA,003N,Kiss János,003Z,Ferenczi Gábor,237,237,1.0
43,TISZA,003N,Kiss János,0040,Dr. Nagy Márta,236,236,1.0
43,TISZA,003N,Kiss János,0041,Dr. Gáspár Levente,235,235,1.0
43,TISZA,003N,Kiss János,0042,Dr. Hallerné Dr. Nagy Anikó,225,224,0.9955555555555555
43,TISZA,003N,Kiss János,0043,Dr. Bihari Zoltán,232,228,0.9827586206896551
43,TISZA,003N,Kiss János,0044,Lontay László,230,230,1.0
43,TISZA,003N,Kiss János,0045,Cseh Tamás,233,232,0.9957081545064378
43,TISZA,003N,Kiss János,0046,Benke József,237,237,1.0
43,TISZA,003N,Kiss János,0047,Hatala-Orosz Csaba,237,236,0.9957805907172996
43,TISZA,003N,Kiss János,0048,Rózsahegyi Áron,224,224,1.0
43,TISZA,003N,Kiss János,0049,Dr. Czipa András,183,183,1.0
43,TISZA,003N,Kiss János,004A,Juhász Roland Csongor,237,237,1.0
43,TISZA,003N,Kiss János,004B,Karsai-Juhász Katalin,232,232,1.0
43,TISZA,003N,Kiss János,004C,Judák Zsolt,236,234,0.9915254237288136
43,TISZA,003N,Kiss János,004D,Polgár György,237,237,1.0
43,TISZA,003N,Kiss János,004E,Tárkányi Zsolt,229,228,0.9956331877729258
43,TISZA,003N,Kiss János,004F,Dr. Stumpf Péter,237,237,1.0
43,TISZA,003N,Kiss János,004G,Gajda Attila,236,234,0.9915254237288136
43,TISZA,003N,Kiss János,004H,Molnár János,236,236,1.0
43,TISZA,003N,Kiss János,k122,Kármán András,212,212,1.0
43,TISZA,003N,Kiss János,m076,Magyar Péter,180,180,1.0
43,TISZA,003N,Kiss János,t067,Tarr Zoltán,218,215,0.9862385321100917
43,TISZA,003O,Gyömbér Dávid,003P,Havasi Balázs,241,241,1.0
43,TISZA,003O,Gyömbér Dávid,003Q,Dr. Kovács Áron,251,251,1.0
43,TISZA,003O,Gyömbér Dávid,003R,Csiszár Béla,252,252,1.0
43,TISZA,003O,Gyömbér Dávid,003S,Dr. Szijjártó Gábor,250,250,1.0
43,TISZA,003O,Gyömbér Dávid,003T,Rápli Róbert,244,244,1.0
43,TISZA,003O,Gyömbér Dávid,003U,Ujvári Szilvia,253,252,0.9960474308300395
43,TISZA,003O,Gyömbér Dávid,003V,Dr. Farkas Csongor,253,253,1.0
43,TISZA,003O,Gyömbér Dávid,003W,Csák László,249,249,1.0
43,TISZA,003O,Gyömbér Dávid,003X,Néher András,250,250,1.0
43,TISZA,003O,Gyömbér Dávid,003Y,Bárkányi Bence,253,253,1.0
43,TISZA,003O,Gyömbér Dávid,003Z,Ferenczi Gábor,253,253,1.0
43,TISZA,003O,Gyömbér Dávid,0040,Dr. Nagy Márta,251,251,1.0
43,TISZA,003O,Gyömbér Dávid,0041,Dr. Gáspár Levente,251,251,1.0
43,TISZA,003O,Gyömbér Dávid,0042,Dr. Hallerné Dr. Nagy Anikó,237,236,0.9957805907172996
43,TISZA,003O,Gyömbér Dávid,0043,Dr. Bihari Zoltán,248,243,0.9798387096774194
43,TISZA,003O,Gyömbér Dávid,0044,Lontay László,244,244,1.0
43,TISZA,003O,Gyömbér Dávid,0045,Cseh Tamás,248,247,0.9959677419354839
43,TISZA,003O,Gyömbér Dávid,0046,Benke József,252,252,1.0
43,TISZA,003O,Gyömbér Dávid,0047,Hatala-Orosz Csaba,252,251,0.996031746031746
43,TISZA,003O,Gyömbér Dávid,0048,Rózsahegyi Áron,235,235,1.0
43,TISZA,003O,Gyömbér Dávid,0049,Dr. Czipa András,194,194,1.0
43,TISZA,003O,Gyömbér Dávid,004A,Juhász Roland Csongor,253,253,1.0
43,TISZA,003O,Gyömbér Dávid,004B,Karsai-Juhász Katalin,244,244,1.0
43,TISZA,003O,Gyömbér Dávid,004C,Judák Zsolt,252,250,0.9920634920634921
43,TISZA,003O,Gyömbér Dávid,004D,Polgár György,253,253,1.0
43,TISZA,003O,Gyömbér Dávid,004E,Tárkányi Zsolt,243,242,0.9958847736625515
43,TISZA,003O,Gyömbér Dávid,004F,Dr. Stumpf Péter,253,252,0.9960474308300395
43,TISZA,003O,Gyömbér Dávid,004G,Gajda Attila,251,249,0.9920318725099602
43,TISZA,003O,Gyömbér Dávid,004H,Molnár János,252,252,1.0
43,TISZA,003O,Gyömbér Dávid,k122,Kármán András,225,224,0.9955555555555555
43,TISZA,003O,Gyömbér Dávid,m076,Magyar Péter,188,188,1.0
43,TISZA,003O,Gyömbér Dávid,t067,Tarr Zoltán,228,225,0.9868421052631579
43,TISZA,003P,Havasi Balázs,003Q,Dr. Kovács Áron,241,241,1.0
43,TISZA,003P,Havasi Balázs,003R,Csiszár Béla,242,242,1.0
43,TISZA,003P,Havasi Balázs,003S,Dr. Szijjártó Gábor,241,241,1.0
43,TISZA,003P,Havasi Balázs,003T,Rápli Róbert,234,233,0.9957264957264957
43,TISZA,003P,Havasi Balázs,003U,Ujvári Szilvia,243,242,0.9958847736625515
43,TISZA,003P,Havasi Balázs,003V,Dr. Farkas Csongor,243,243,1.0
43,TISZA,003P,Havasi Balázs,003W,Csák László,240,240,1.0
43,TISZA,003P,Havasi Balázs,003X,Néher András,242,242,1.0
43,TISZA,003P,Havasi Balázs,003Y,Bárkányi Bence,243,243,1.0
43,TISZA,003P,Havasi Balázs,003Z,Ferenczi Gábor,242,242,1.0
43,TISZA,003P,Havasi Balázs,0040,Dr. Nagy Márta,243,243,1.0
43,TISZA,003P,Havasi Balázs,0041,Dr. Gáspár Levente,241,241,1.0
43,TISZA,003P,Havasi Balázs,0042,Dr. Hallerné Dr. Nagy Anikó,230,229,0.9956521739130435
43,TISZA,003P,Havasi Balázs,0043,Dr. Bihari Zoltán,238,234,0.9831932773109243
43,TISZA,003P,Havasi Balázs,0044,Lontay László,235,235,1.0
43,TISZA,003P,Havasi Balázs,0045,Cseh Tamás,238,237,0.9957983193277311
43,TISZA,003P,Havasi Balázs,0046,Benke József,242,242,1.0
43,TISZA,003P,Havasi Balázs,0047,Hatala-Orosz Csaba,241,240,0.995850622406639
43,TISZA,003P,Havasi Balázs,0048,Rózsahegyi Áron,225,225,1.0
43,TISZA,003P,Havasi Balázs,0049,Dr. Czipa András,187,187,1.0
43,TISZA,003P,Havasi Balázs,004A,Juhász Roland Csongor,243,243,1.0
43,TISZA,003P,Havasi Balázs,004B,Karsai-Juhász Katalin,234,234,1.0
43,TISZA,003P,Havasi Balázs,004C,Judák Zsolt,242,240,0.9917355371900827
43,TISZA,003P,Havasi Balázs,004D,Polgár György,243,243,1.0
43,TISZA,003P,Havasi Balázs,004E,Tárkányi Zsolt,233,232,0.9957081545064378
43,TISZA,003P,Havasi Balázs,004F,Dr. Stumpf Péter,243,242,0.9958847736625515
43,TISZA,003P,Havasi Balázs,004G,Gajda Attila,241,239,0.991701244813278
43,TISZA,003P,Havasi Balázs,004H,Molnár János,242,242,1.0
43,TISZA,003P,Havasi Balázs,k122,Kármán András,220,219,0.9954545454545455
43,TISZA,003P,Havasi Balázs,m076,Magyar Péter,186,186,1.0
43,TISZA,003P,Havasi Balázs,t067,Tarr Zoltán,226,223,0.9867256637168141
43,TISZA,003Q,Dr. Kovács Áron,003R,Csiszár Béla,254,254,1.0
43,TISZA,003Q,Dr. Kovács Áron,003S,Dr. Szijjártó Gábor,251,251,1.0
43,TISZA,003Q,Dr. Kovács Áron,003T,Rápli Róbert,245,244,0.9959183673469387
43,TISZA,003Q,Dr. Kovács Áron,003U,Ujvári Szilvia,254,253,0.9960629921259843
43,TISZA,003Q,Dr. Kovács Áron,003V,Dr. Farkas Csongor,254,254,1.0
43,TISZA,003Q,Dr. Kovács Áron,003W,Csák László,250,250,1.0
43,TISZA,003Q,Dr. Kovács Áron,003X,Néher András,251,251,1.0
43,TISZA,003Q,Dr. Kovács Áron,003Y,Bárkányi Bence,254,254,1.0
43,TISZA,003Q,Dr. Kovács Áron,003Z,Ferenczi Gábor,252,252,1.0
43,TISZA,003Q,Dr. Kovács Áron,0040,Dr. Nagy Márta,252,252,1.0
43,TISZA,003Q,Dr. Kovács Áron,0041,Dr. Gáspár Levente,252,252,1.0
43,TISZA,003Q,Dr. Kovács Áron,0042,Dr. Hallerné Dr. Nagy Anikó,238,237,0.9957983193277311
43,TISZA,003Q,Dr. Kovács Áron,0043,Dr. Bihari Zoltán,249,244,0.9799196787148594
43,TISZA,003Q,Dr. Kovács Áron,0044,Lontay László,245,245,1.0
43,TISZA,003Q,Dr. Kovács Áron,0045,Cseh Tamás,249,247,0.9919678714859438
43,TISZA,003Q,Dr. Kovács Áron,0046,Benke József,254,254,1.0
43,TISZA,003Q,Dr. Kovács Áron,0047,Hatala-Orosz Csaba,252,251,0.996031746031746
43,TISZA,003Q,Dr. Kovács Áron,0048,Rózsahegyi Áron,236,236,1.0
43,TISZA,003Q,Dr. Kovács Áron,0049,Dr. Czipa András,194,194,1.0
43,TISZA,003Q,Dr. Kovács Áron,004A,Juhász Roland Csongor,254,254,1.0
43,TISZA,003Q,Dr. Kovács Áron,004B,Karsai-Juhász Katalin,244,244,1.0
43,TISZA,003Q,Dr. Kovács Áron,004C,Judák Zsolt,253,251,0.9920948616600791
43,TISZA,003Q,Dr. Kovács Áron,004D,Polgár György,254,254,1.0
43,TISZA,003Q,Dr. Kovács Áron,004E,Tárkányi Zsolt,243,242,0.9958847736625515
43,TISZA,003Q,Dr. Kovács Áron,004F,Dr. Stumpf Péter,254,253,0.9960629921259843
43,TISZA,003Q,Dr. Kovács Áron,004G,Gajda Attila,252,250,0.9920634920634921
43,TISZA,003Q,Dr. Kovács Áron,004H,Molnár János,253,253,1.0
43,TISZA,003Q,Dr. Kovács Áron,k122,Kármán András,225,224,0.9955555555555555
43,TISZA,003Q,Dr. Kovács Áron,m076,Magyar Péter,188,188,1.0
43,TISZA,003Q,Dr. Kovács Áron,t067,Tarr Zoltán,228,225,0.9868421052631579
43,TISZA,003R,Csiszár Béla,003S,Dr. Szijjártó Gábor,252,252,1.0
43,TISZA,003R,Csiszár Béla,003T,Rápli Róbert,246,245,0.9959349593495935
43,TISZA,003R,Csiszár Béla,003U,Ujvári Szilvia,255,254,0.996078431372549
43,TISZA,003R,Csiszár Béla,003V,Dr. Farkas Csongor,255,255,1.0
43,TISZA,003R,Csiszár Béla,003W,Csák László,251,251,1.0
43,TISZA,003R,Csiszár Béla,003X,Néher András,252,252,1.0
43,TISZA,003R,Csiszár Béla,003Y,Bárkányi Bence,255,255,1.0
43,TISZA,003R,Csiszár Béla,003Z,Ferenczi Gábor,253,253,1.0
43,TISZA,003R,Csiszár Béla,0040,Dr. Nagy Márta,253,253,1.0
43,TISZA,003R,Csiszár Béla,0041,Dr. Gáspár Levente,253,253,1.0
43,TISZA,003R,Csiszár Béla,0042,Dr. Hallerné Dr. Nagy Anikó,239,238,0.99581589958159
43,TISZA,003R,Csiszár Béla,0043,Dr. Bihari Zoltán,250,245,0.98
43,TISZA,003R,Csiszár Béla,0044,Lontay László,246,246,1.0
43,TISZA,003R,Csiszár Béla,0045,Cseh Tamás,250,248,0.992
43,TISZA,003R,Csiszár Béla,0046,Benke József,255,255,1.0
43,TISZA,003R,Csiszár Béla,0047,Hatala-Orosz Csaba,253,252,0.9960474308300395
43,TISZA,003R,Csiszár Béla,0048,Rózsahegyi Áron,237,237,1.0
43,TISZA,003R,Csiszár Béla,0049,Dr. Czipa András,194,194,1.0
43,TISZA,003R,Csiszár Béla,004A,Juhász Roland Csongor,255,255,1.0
43,TISZA,003R,Csiszár Béla,004B,Karsai-Juhász Katalin,245,245,1.0
43,TISZA,003R,Csiszár Béla,004C,Judák Zsolt,254,252,0.9921259842519685
43,TISZA,003R,Csiszár Béla,004D,Polgár György,255,255,1.0
43,TISZA,003R,Csiszár Béla,004E,Tárkányi Zsolt,244,243,0.9959016393442623
43,TISZA,003R,Csiszár Béla,004F,Dr. Stumpf Péter,255,254,0.996078431372549
43,TISZA,003R,Csiszár Béla,004G,Gajda Attila,253,251,0.9920948616600791
43,TISZA,003R,Csiszár Béla,004H,Molnár János,254,254,1.0
43,TISZA,003R,Csiszár Béla,k122,Kármán András,226,225,0.995575221238938
43,TISZA,003R,Csiszár Béla,m076,Magyar Péter,189,189,1.0
43,TISZA,003R,Csiszár Béla,t067,Tarr Zoltán,229,226,0.9868995633187773
43,TISZA,003S,Dr. Szijjártó Gábor,003T,Rápli Róbert,244,243,0.9959016393442623
43,TISZA,003S,Dr. Szijjártó Gábor,003U,Ujvári Szilvia,253,252,0.9960474308300395
43,TISZA,003S,Dr. Szijjártó Gábor,003V,Dr. Farkas Csongor,253,253,1.0
43,TISZA,003S,Dr. Szijjártó Gábor,003W,Csák László,250,250,1.0
43,TISZA,003S,Dr. Szijjártó Gábor,003X,Néher András,251,251,1.0
43,TISZA,003S,Dr. Szijjártó Gábor,003Y,Bárkányi Bence,253,253,1.0
43,TISZA,003S,Dr. Szijjártó Gábor,003Z,Ferenczi Gábor,251,251,1.0
43,TISZA,003S,Dr. Szijjártó Gábor,0040,Dr. Nagy Márta,251,251,1.0
43,TISZA,003S,Dr. Szijjártó Gábor,0041,Dr. Gáspár Levente,251,251,1.0
43,TISZA,003S,Dr. Szijjártó Gábor,0042,Dr. Hallerné Dr. Nagy Anikó,238,237,0.9957983193277311
43,TISZA,003S,Dr. Szijjártó Gábor,0043,Dr. Bihari Zoltán,248,243,0.9798387096774194
43,TISZA,003S,Dr. Szijjártó Gábor,0044,Lontay László,244,244,1.0
43,TISZA,003S,Dr. Szijjártó Gábor,0045,Cseh Tamás,248,246,0.9919354838709677
43,TISZA,003S,Dr. Szijjártó Gábor,0046,Benke József,252,252,1.0
43,TISZA,003S,Dr. Szijjártó Gábor,0047,Hatala-Orosz Csaba,251,250,0.9960159362549801
43,TISZA,003S,Dr. Szijjártó Gábor,0048,Rózsahegyi Áron,235,235,1.0
43,TISZA,003S,Dr. Szijjártó Gábor,0049,Dr. Czipa András,194,194,1.0
43,TISZA,003S,Dr. Szijjártó Gábor,004A,Juhász Roland Csongor,253,253,1.0
43,TISZA,003S,Dr. Szijjártó Gábor,004B,Karsai-Juhász Katalin,243,243,1.0
43,TISZA,003S,Dr. Szijjártó Gábor,004C,Judák Zsolt,253,251,0.9920948616600791
43,TISZA,003S,Dr. Szijjártó Gábor,004D,Polgár György,253,253,1.0
43,TISZA,003S,Dr. Szijjártó Gábor,004E,Tárkányi Zsolt,241,240,0.995850622406639
43,TISZA,003S,Dr. Szijjártó Gábor,004F,Dr. Stumpf Péter,253,252,0.9960474308300395
43,TISZA,003S,Dr. Szijjártó Gábor,004G,Gajda Attila,251,249,0.9920318725099602
43,TISZA,003S,Dr. Szijjártó Gábor,004H,Molnár János,252,252,1.0
43,TISZA,003S,Dr. Szijjártó Gábor,k122,Kármán András,225,224,0.9955555555555555
43,TISZA,003S,Dr. Szijjártó Gábor,m076,Magyar Péter,187,187,1.0
43,TISZA,003S,Dr. Szijjártó Gábor,t067,Tarr Zoltán,227,224,0.986784140969163
43,TISZA,003T,Rápli Róbert,003U,Ujvári Szilvia,247,245,0.9919028340080972
43,TISZA,003T,Rápli Róbert,003V,Dr. Farkas Csongor,247,246,0.9959514170040485
43,TISZA,003T,Rápli Róbert,003W,Csák László,243,242,0.9958847736625515
43,TISZA,003T,Rápli Róbert,003X,Néher András,244,243,0.9959016393442623
43,TISZA,003T,Rápli Róbert,003Y,Bárkányi Bence,247,246,0.9959514170040485
43,TISZA,003T,Rápli Róbert,003Z,Ferenczi Gábor,245,245,1.0
43,TISZA,003T,Rápli Róbert,0040,Dr. Nagy Márta,245,244,0.9959183673469387
43,TISZA,003T,Rápli Róbert,0041,Dr. Gáspár Levente,245,244,0.9959183673469387
43,TISZA,003T,Rápli Róbert,0042,Dr. Hallerné Dr. Nagy Anikó,231,229,0.9913419913419913
43,TISZA,003T,Rápli Róbert,0043,Dr. Bihari Zoltán,242,237,0.9793388429752066
43,TISZA,003T,Rápli Róbert,0044,Lontay László,238,237,0.9957983193277311
43,TISZA,003T,Rápli Róbert,0045,Cseh Tamás,244,243,0.9959016393442623
43,TISZA,003T,Rápli Róbert,0046,Benke József,246,245,0.9959349593495935
43,TISZA,003T,Rápli Róbert,0047,Hatala-Orosz Csaba,245,244,0.9959183673469387
43,TISZA,003T,Rápli Róbert,0048,Rózsahegyi Áron,235,234,0.9957446808510638
43,TISZA,003T,Rápli Róbert,0049,Dr. Czipa András,191,191,1.0
43,TISZA,003T,Rápli Róbert,004A,Juhász Roland Csongor,247,246,0.9959514170040485
43,TISZA,003T,Rápli Róbert,004B,Karsai-Juhász Katalin,239,238,0.99581589958159
43,TISZA,003T,Rápli Róbert,004C,Judák Zsolt,246,243,0.9878048780487805
43,TISZA,003T,Rápli Róbert,004D,Polgár György,247,246,0.9959514170040485
43,TISZA,003T,Rápli Róbert,004E,Tárkányi Zsolt,236,235,0.9957627118644068
43,TISZA,003T,Rápli Róbert,004F,Dr. Stumpf Péter,247,245,0.9919028340080972
43,TISZA,003T,Rápli Róbert,004G,Gajda Attila,246,243,0.9878048780487805
43,TISZA,003T,Rápli Róbert,004H,Molnár János,246,245,0.9959349593495935
43,TISZA,003T,Rápli Róbert,k122,Kármán András,221,219,0.9909502262443439
43,TISZA,003T,Rápli Róbert,m076,Magyar Péter,181,181,1.0
43,TISZA,003T,Rápli Róbert,t067,Tarr Zoltán,222,219,0.9864864864864865
43,TISZA,003U,Ujvári Szilvia,003V,Dr. Farkas Csongor,256,255,0.99609375
43,TISZA,003U,Ujvári Szilvia,003W,Csák László,252,252,1.0
43,TISZA,003U,Ujvári Szilvia,003X,Néher András,253,252,0.9960474308300395
43,TISZA,003U,Ujvári Szilvia,003Y,Bárkányi Bence,256,255,0.99609375
43,TISZA,003U,Ujvári Szilvia,003Z,Ferenczi Gábor,254,253,0.9960629921259843
43,TISZA,003U,Ujvári Szilvia,0040,Dr. Nagy Márta,254,253,0.9960629921259843
43,TISZA,003U,Ujvári Szilvia,0041,Dr. Gáspár Levente,254,253,0.9960629921259843
43,TISZA,003U,Ujvári Szilvia,0042,Dr. Hallerné Dr. Nagy Anikó,240,238,0.9916666666666667
43,TISZA,003U,Ujvári Szilvia,0043,Dr. Bihari Zoltán,251,245,0.9760956175298805
43,TISZA,003U,Ujvári Szilvia,0044,Lontay László,247,246,0.9959514170040485
43,TISZA,003U,Ujvári Szilvia,0045,Cseh Tamás,251,248,0.9880478087649402
43,TISZA,003U,Ujvári Szilvia,0046,Benke József,255,254,0.996078431372549
43,TISZA,003U,Ujvári Szilvia,0047,Hatala-Orosz Csaba,254,252,0.9921259842519685
43,TISZA,003U,Ujvári Szilvia,0048,Rózsahegyi Áron,238,237,0.9957983193277311
43,TISZA,003U,Ujvári Szilvia,0049,Dr. Czipa András,195,195,1.0
43,TISZA,003U,Ujvári Szilvia,004A,Juhász Roland Csongor,256,255,0.99609375
43,TISZA,003U,Ujvári Szilvia,004B,Karsai-Juhász Katalin,246,245,0.9959349593495935
43,TISZA,003U,Ujvári Szilvia,004C,Judák Zsolt,255,254,0.996078431372549
43,TISZA,003U,Ujvári Szilvia,004D,Polgár György,256,255,0.99609375
43,TISZA,003U,Ujvári Szilvia,004E,Tárkányi Zsolt,244,242,0.9918032786885246
43,TISZA,003U,Ujvári Szilvia,004F,Dr. Stumpf Péter,256,254,0.9921875
43,TISZA,003U,Ujvári Szilvia,004G,Gajda Attila,254,251,0.9881889763779528
43,TISZA,003U,Ujvári Szilvia,004H,Molnár János,255,254,0.996078431372549
43,TISZA,003U,Ujvári Szilvia,k122,Kármán András,227,225,0.9911894273127754
43,TISZA,003U,Ujvári Szilvia,m076,Magyar Péter,189,188,0.9947089947089947
43,TISZA,003U,Ujvári Szilvia,t067,Tarr Zoltán,229,225,0.982532751091703
43,TISZA,003V,Dr. Farkas Csongor,003W,Csák László,252,252,1.0
43,TISZA,003V,Dr. Farkas Csongor,003X,Néher András,253,253,1.0
43,TISZA,003V,Dr. Farkas Csongor,003Y,Bárkányi Bence,256,256,1.0
43,TISZA,003V,Dr. Farkas Csongor,003Z,Ferenczi Gábor,254,254,1.0
43,TISZA,003V,Dr. Farkas Csongor,0040,Dr. Nagy Márta,254,254,1.0
43,TISZA,003V,Dr. Farkas Csongor,0041,Dr. Gáspár Levente,254,254,1.0
43,TISZA,003V,Dr. Farkas Csongor,0042,Dr. Hallerné Dr. Nagy Anikó,240,239,0.9958333333333333
43,TISZA,003V,Dr. Farkas Csongor,0043,Dr. Bihari Zoltán,251,246,0.9800796812749004
43,TISZA,003V,Dr. Farkas Csongor,0044,Lontay László,247,247,1.0
43,TISZA,003V,Dr. Farkas Csongor,0045,Cseh Tamás,251,249,0.9920318725099602
43,TISZA,003V,Dr. Farkas Csongor,0046,Benke József,255,255,1.0
43,TISZA,003V,Dr. Farkas Csongor,0047,Hatala-Orosz Csaba,254,253,0.9960629921259843
43,TISZA,003V,Dr. Farkas Csongor,0048,Rózsahegyi Áron,238,238,1.0
43,TISZA,003V,Dr. Farkas Csongor,0049,Dr. Czipa András,195,195,1.0
43,TISZA,003V,Dr. Farkas Csongor,004A,Juhász Roland Csongor,256,256,1.0
43,TISZA,003V,Dr. Farkas Csongor,004B,Karsai-Juhász Katalin,246,246,1.0
43,TISZA,003V,Dr. Farkas Csongor,004C,Judák Zsolt,255,253,0.9921568627450981
43,TISZA,003V,Dr. Farkas Csongor,004D,Polgár György,256,256,1.0
43,TISZA,003V,Dr. Farkas Csongor,004E,Tárkányi Zsolt,244,243,0.9959016393442623
43,TISZA,003V,Dr. Farkas Csongor,004F,Dr. Stumpf Péter,256,255,0.99609375
43,TISZA,003V,Dr. Farkas Csongor,004G,Gajda Attila,254,252,0.9921259842519685
43,TISZA,003V,Dr. Farkas Csongor,004H,Molnár János,255,255,1.0
43,TISZA,003V,Dr. Farkas Csongor,k122,Kármán András,227,226,0.9955947136563876
43,TISZA,003V,Dr. Farkas Csongor,m076,Magyar Péter,189,189,1.0
43,TISZA,003V,Dr. Farkas Csongor,t067,Tarr Zoltán,229,226,0.9868995633187773
43,TISZA,003W,Csák László,003X,Néher András,249,249,1.0
43,TISZA,003W,Csák László,003Y,Bárkányi Bence,252,252,1.0
43,TISZA,003W,Csák László,003Z,Ferenczi Gábor,250,250,1.0
43,TISZA,003W,Csák László,0040,Dr. Nagy Márta,250,250,1.0
43,TISZA,003W,Csák László,0041,Dr. Gáspár Levente,250,250,1.0
43,TISZA,003W,Csák László,0042,Dr. Hallerné Dr. Nagy Anikó,237,236,0.9957805907172996
43,TISZA,003W,Csák László,0043,Dr. Bihari Zoltán,247,242,0.979757085020243
43,TISZA,003W,Csák László,0044,Lontay László,243,243,1.0
43,TISZA,003W,Csák László,0045,Cseh Tamás,247,245,0.9919028340080972
43,TISZA,003W,Csák László,0046,Benke József,251,251,1.0
43,TISZA,003W,Csák László,0047,Hatala-Orosz Csaba,250,249,0.996
43,TISZA,003W,Csák László,0048,Rózsahegyi Áron,234,234,1.0
43,TISZA,003W,Csák László,0049,Dr. Czipa András,192,192,1.0
43,TISZA,003W,Csák László,004A,Juhász Roland Csongor,252,252,1.0
43,TISZA,003W,Csák László,004B,Karsai-Juhász Katalin,242,242,1.0
43,TISZA,003W,Csák László,004C,Judák Zsolt,251,250,0.9960159362549801
43,TISZA,003W,Csák László,004D,Polgár György,252,252,1.0
43,TISZA,003W,Csák László,004E,Tárkányi Zsolt,240,239,0.9958333333333333
43,TISZA,003W,Csák László,004F,Dr. Stumpf Péter,252,251,0.996031746031746
43,TISZA,003W,Csák László,004G,Gajda Attila,250,248,0.992
43,TISZA,003W,Csák László,004H,Molnár János,251,251,1.0
43,TISZA,003W,Csák László,k122,Kármán András,224,223,0.9955357142857143
43,TISZA,003W,Csák László,m076,Magyar Péter,186,186,1.0
43,TISZA,003W,Csák László,t067,Tarr Zoltán,226,223,0.9867256637168141
43,TISZA,003X,Néher András,003Y,Bárkányi Bence,253,253,1.0
43,TISZA,003X,Néher András,003Z,Ferenczi Gábor,251,251,1.0
43,TISZA,003X,Néher András,0040,Dr. Nagy Márta,252,252,1.0
43,TISZA,003X,Néher András,0041,Dr. Gáspár Levente,251,251,1.0
43,TISZA,003X,Néher András,0042,Dr. Hallerné Dr. Nagy Anikó,237,236,0.9957805907172996
43,TISZA,003X,Néher András,0043,Dr. Bihari Zoltán,248,244,0.9838709677419355
43,TISZA,003X,Néher András,0044,Lontay László,244,244,1.0
43,TISZA,003X,Néher András,0045,Cseh Tamás,248,246,0.9919354838709677
43,TISZA,003X,Néher András,0046,Benke József,252,252,1.0
43,TISZA,003X,Néher András,0047,Hatala-Orosz Csaba,251,250,0.9960159362549801
43,TISZA,003X,Néher András,0048,Rózsahegyi Áron,235,235,1.0
43,TISZA,003X,Néher András,0049,Dr. Czipa András,195,195,1.0
43,TISZA,003X,Néher András,004A,Juhász Roland Csongor,253,253,1.0
43,TISZA,003X,Néher András,004B,Karsai-Juhász Katalin,243,243,1.0
43,TISZA,003X,Néher András,004C,Judák Zsolt,253,251,0.9920948616600791
43,TISZA,003X,Néher András,004D,Polgár György,253,253,1.0
43,TISZA,003X,Néher András,004E,Tárkányi Zsolt,241,240,0.995850622406639
43,TISZA,003X,Néher András,004F,Dr. Stumpf Péter,253,252,0.9960474308300395
43,TISZA,003X,Néher András,004G,Gajda Attila,251,249,0.9920318725099602
43,TISZA,003X,Néher András,004H,Molnár János,252,252,1.0
43,TISZA,003X,Néher András,k122,Kármán András,224,223,0.9955357142857143
43,TISZA,003X,Néher András,m076,Magyar Péter,186,186,1.0
43,TISZA,003X,Néher András,t067,Tarr Zoltán,226,223,0.9867256637168141
43,TISZA,003Y,Bárkányi Bence,003Z,Ferenczi Gábor,254,254,1.0
43,TISZA,003Y,Bárkányi Bence,0040,Dr. Nagy Márta,254,254,1.0
43,TISZA,003Y,Bárkányi Bence,0041,Dr. Gáspár Levente,254,254,1.0
43,TISZA,003Y,Bárkányi Bence,0042,Dr. Hallerné Dr. Nagy Anikó,240,239,0.9958333333333333
43,TISZA,003Y,Bárkányi Bence,0043,Dr. Bihari Zoltán,251,246,0.9800796812749004
43,TISZA,003Y,Bárkányi Bence,0044,Lontay László,247,247,1.0
43,TISZA,003Y,Bárkányi Bence,0045,Cseh Tamás,251,249,0.9920318725099602
43,TISZA,003Y,Bárkányi Bence,0046,Benke József,255,255,1.0
43,TISZA,003Y,Bárkányi Bence,0047,Hatala-Orosz Csaba,254,253,0.9960629921259843
43,TISZA,003Y,Bárkányi Bence,0048,Rózsahegyi Áron,238,238,1.0
43,TISZA,003Y,Bárkányi Bence,0049,Dr. Czipa András,195,195,1.0
43,TISZA,003Y,Bárkányi Bence,004A,Juhász Roland Csongor,256,256,1.0
43,TISZA,003Y,Bárkányi Bence,004B,Karsai-Juhász Katalin,246,246,1.0
43,TISZA,003Y,Bárkányi Bence,004C,Judák Zsolt,255,253,0.9921568627450981
43,TISZA,003Y,Bárkányi Bence,004D,Polgár György,256,256,1.0
43,TISZA,003Y,Bárkányi Bence,004E,Tárkányi Zsolt,244,243,0.9959016393442623
43,TISZA,003Y,Bárkányi Bence,004F,Dr. Stumpf Péter,256,255,0.99609375
43,TISZA,003Y,Bárkányi Bence,004G,Gajda Attila,254,252,0.9921259842519685
43,TISZA,003Y,Bárkányi Bence,004H,Molnár János,255,255,1.0
43,TISZA,003Y,Bárkányi Bence,k122,Kármán András,227,226,0.9955947136563876
43,TISZA,003Y,Bárkányi Bence,m076,Magyar Péter,189,189,1.0
43,TISZA,003Y,Bárkányi Bence,t067,Tarr Zoltán,229,226,0.9868995633187773
43,TISZA,003Z,Ferenczi Gábor,0040,Dr. Nagy Márta,252,252,1.0
43,TISZA,003Z,Ferenczi Gábor,0041,Dr. Gáspár Levente,252,252,1.0
43,TISZA,003Z,Ferenczi Gábor,0042,Dr. Hallerné Dr. Nagy Anikó,238,237,0.9957983193277311
43,TISZA,003Z,Ferenczi Gábor,0043,Dr. Bihari Zoltán,249,244,0.9799196787148594
43,TISZA,003Z,Ferenczi Gábor,0044,Lontay László,245,245,1.0
43,TISZA,003Z,Ferenczi Gábor,0045,Cseh Tamás,249,248,0.9959839357429718
43,TISZA,003Z,Ferenczi Gábor,0046,Benke József,253,253,1.0
43,TISZA,003Z,Ferenczi Gábor,0047,Hatala-Orosz Csaba,253,252,0.9960474308300395
43,TISZA,003Z,Ferenczi Gábor,0048,Rózsahegyi Áron,236,236,1.0
43,TISZA,003Z,Ferenczi Gábor,0049,Dr. Czipa András,194,194,1.0
43,TISZA,003Z,Ferenczi Gábor,004A,Juhász Roland Csongor,254,254,1.0
43,TISZA,003Z,Ferenczi Gábor,004B,Karsai-Juhász Katalin,245,245,1.0
43,TISZA,003Z,Ferenczi Gábor,004C,Judák Zsolt,253,251,0.9920948616600791
43,TISZA,003Z,Ferenczi Gábor,004D,Polgár György,254,254,1.0
43,TISZA,003Z,Ferenczi Gábor,004E,Tárkányi Zsolt,244,243,0.9959016393442623
43,TISZA,003Z,Ferenczi Gábor,004F,Dr. Stumpf Péter,254,253,0.9960629921259843
43,TISZA,003Z,Ferenczi Gábor,004G,Gajda Attila,252,250,0.9920634920634921
43,TISZA,003Z,Ferenczi Gábor,004H,Molnár János,253,253,1.0
43,TISZA,003Z,Ferenczi Gábor,k122,Kármán András,225,224,0.9955555555555555
43,TISZA,003Z,Ferenczi Gábor,m076,Magyar Péter,189,189,1.0
43,TISZA,003Z,Ferenczi Gábor,t067,Tarr Zoltán,229,226,0.9868995633187773
43,TISZA,0040,Dr. Nagy Márta,0041,Dr. Gáspár Levente,252,252,1.0
43,TISZA,0040,Dr. Nagy Márta,0042,Dr. Hallerné Dr. Nagy Anikó,239,238,0.99581589958159
43,TISZA,0040,Dr. Nagy Márta,0043,Dr. Bihari Zoltán,249,244,0.9799196787148594
43,TISZA,0040,Dr. Nagy Márta,0044,Lontay László,245,245,1.0
43,TISZA,0040,Dr. Nagy Márta,0045,Cseh Tamás,249,247,0.9919678714859438
43,TISZA,0040,Dr. Nagy Márta,0046,Benke József,253,253,1.0
43,TISZA,0040,Dr. Nagy Márta,0047,Hatala-Orosz Csaba,252,251,0.996031746031746
43,TISZA,0040,Dr. Nagy Márta,0048,Rózsahegyi Áron,236,236,1.0
43,TISZA,0040,Dr. Nagy Márta,0049,Dr. Czipa András,194,194,1.0
43,TISZA,0040,Dr. Nagy Márta,004A,Juhász Roland Csongor,254,254,1.0
43,TISZA,0040,Dr. Nagy Márta,004B,Karsai-Juhász Katalin,244,244,1.0
43,TISZA,0040,Dr. Nagy Márta,004C,Judák Zsolt,253,251,0.9920948616600791
43,TISZA,0040,Dr. Nagy Márta,004D,Polgár György,254,254,1.0
43,TISZA,0040,Dr. Nagy Márta,004E,Tárkányi Zsolt,242,241,0.9958677685950413
43,TISZA,0040,Dr. Nagy Márta,004F,Dr. Stumpf Péter,254,253,0.9960629921259843
43,TISZA,0040,Dr. Nagy Márta,004G,Gajda Attila,252,250,0.9920634920634921
43,TISZA,0040,Dr. Nagy Márta,004H,Molnár János,253,253,1.0
43,TISZA,0040,Dr. Nagy Márta,k122,Kármán András,226,225,0.995575221238938
43,TISZA,0040,Dr. Nagy Márta,m076,Magyar Péter,188,188,1.0
43,TISZA,0040,Dr. Nagy Márta,t067,Tarr Zoltán,228,225,0.9868421052631579
43,TISZA,0041,Dr. Gáspár Levente,0042,Dr. Hallerné Dr. Nagy Anikó,239,238,0.99581589958159
43,TISZA,0041,Dr. Gáspár Levente,0043,Dr. Bihari Zoltán,249,244,0.9799196787148594
43,TISZA,0041,Dr. Gáspár Levente,0044,Lontay László,245,245,1.0
43,TISZA,0041,Dr. Gáspár Levente,0045,Cseh Tamás,250,248,0.992
43,TISZA,0041,Dr. Gáspár Levente,0046,Benke József,253,253,1.0
43,TISZA,0041,Dr. Gáspár Levente,0047,Hatala-Orosz Csaba,252,251,0.996031746031746
43,TISZA,0041,Dr. Gáspár Levente,0048,Rózsahegyi Áron,238,238,1.0
43,TISZA,0041,Dr. Gáspár Levente,0049,Dr. Czipa András,193,193,1.0
43,TISZA,0041,Dr. Gáspár Levente,004A,Juhász Roland Csongor,254,254,1.0
43,TISZA,0041,Dr. Gáspár Levente,004B,Karsai-Juhász Katalin,244,244,1.0
43,TISZA,0041,Dr. Gáspár Levente,004C,Judák Zsolt,253,251,0.9920948616600791
43,TISZA,0041,Dr. Gáspár Levente,004D,Polgár György,254,254,1.0
43,TISZA,0041,Dr. Gáspár Levente,004E,Tárkányi Zsolt,243,242,0.9958847736625515
43,TISZA,0041,Dr. Gáspár Levente,004F,Dr. Stumpf Péter,254,253,0.9960629921259843
43,TISZA,0041,Dr. Gáspár Levente,004G,Gajda Attila,252,250,0.9920634920634921
43,TISZA,0041,Dr. Gáspár Levente,004H,Molnár János,253,253,1.0
43,TISZA,0041,Dr. Gáspár Levente,k122,Kármán András,226,225,0.995575221238938
43,TISZA,0041,Dr. Gáspár Levente,m076,Magyar Péter,189,189,1.0
43,TISZA,0041,Dr. Gáspár Levente,t067,Tarr Zoltán,228,225,0.9868421052631579
43,TISZA,0042,Dr. Hallerné Dr. Nagy Anikó,0043,Dr. Bihari Zoltán,236,230,0.9745762711864406
43,TISZA,0042,Dr. Hallerné Dr. Nagy Anikó,0044,Lontay László,231,230,0.9956709956709957
43,TISZA,0042,Dr. Hallerné Dr. Nagy Anikó,0045,Cseh Tamás,237,234,0.9873417721518988
43,TISZA,0042,Dr. Hallerné Dr. Nagy Anikó,0046,Benke József,239,238,0.99581589958159
43,TISZA,0042,Dr. Hallerné Dr. Nagy Anikó,0047,Hatala-Orosz Csaba,238,237,0.9957983193277311
43,TISZA,0042,Dr. Hallerné Dr. Nagy Anikó,0048,Rózsahegyi Áron,228,227,0.9956140350877193
43,TISZA,0042,Dr. Hallerné Dr. Nagy Anikó,0049,Dr. Czipa András,180,179,0.9944444444444445
43,TISZA,0042,Dr. Hallerné Dr. Nagy Anikó,004A,Juhász Roland Csongor,240,239,0.9958333333333333
43,TISZA,0042,Dr. Hallerné Dr. Nagy Anikó,004B,Karsai-Juhász Katalin,231,230,0.9956709956709957
43,TISZA,0042,Dr. Hallerné Dr. Nagy Anikó,004C,Judák Zsolt,239,236,0.9874476987447699
43,TISZA,0042,Dr. Hallerné Dr. Nagy Anikó,004D,Polgár György,240,239,0.9958333333333333
43,TISZA,0042,Dr. Hallerné Dr. Nagy Anikó,004E,Tárkányi Zsolt,230,228,0.991304347826087
43,TISZA,0042,Dr. Hallerné Dr. Nagy Anikó,004F,Dr. Stumpf Péter,240,238,0.9916666666666667
43,TISZA,0042,Dr. Hallerné Dr. Nagy Anikó,004G,Gajda Attila,238,236,0.9915966386554622
43,TISZA,0042,Dr. Hallerné Dr. Nagy Anikó,004H,Molnár János,239,238,0.99581589958159
43,TISZA,0042,Dr. Hallerné Dr. Nagy Anikó,k122,Kármán András,223,222,0.9955156950672646
43,TISZA,0042,Dr. Hallerné Dr. Nagy Anikó,m076,Magyar Péter,189,188,0.9947089947089947
43,TISZA,0042,Dr. Hallerné Dr. Nagy Anikó,t067,Tarr Zoltán,222,218,0.9819819819819819
43,TISZA,0043,Dr. Bihari Zoltán,0044,Lontay László,242,237,0.9793388429752066
43,TISZA,0043,Dr. Bihari Zoltán,0045,Cseh Tamás,246,239,0.9715447154471545
43,TISZA,0043,Dr. Bihari Zoltán,0046,Benke József,250,245,0.98
43,TISZA,0043,Dr. Bihari Zoltán,0047,Hatala-Orosz Csaba,249,244,0.9799196787148594
43,TISZA,0043,Dr. Bihari Zoltán,0048,Rózsahegyi Áron,233,229,0.9828326180257511
43,TISZA,0043,Dr. Bihari Zoltán,0049,Dr. Czipa András,192,192,1.0
43,TISZA,0043,Dr. Bihari Zoltán,004A,Juhász Roland Csongor,251,246,0.9800796812749004
43,TISZA,0043,Dr. Bihari Zoltán,004B,Karsai-Juhász Katalin,241,236,0.979253112033195
43,TISZA,0043,Dr. Bihari Zoltán,004C,Judák Zsolt,250,244,0.976
43,TISZA,0043,Dr. Bihari Zoltán,004D,Polgár György,251,246,0.9800796812749004
43,TISZA,0043,Dr. Bihari Zoltán,004E,Tárkányi Zsolt,239,235,0.9832635983263598
43,TISZA,0043,Dr. Bihari Zoltán,004F,Dr. Stumpf Péter,251,247,0.9840637450199203
43,TISZA,0043,Dr. Bihari Zoltán,004G,Gajda Attila,249,242,0.9718875502008032
43,TISZA,0043,Dr. Bihari Zoltán,004H,Molnár János,250,245,0.98
43,TISZA,0043,Dr. Bihari Zoltán,k122,Kármán András,223,218,0.9775784753363229
43,TISZA,0043,Dr. Bihari Zoltán,m076,Magyar Péter,185,182,0.9837837837837838
43,TISZA,0043,Dr. Bihari Zoltán,t067,Tarr Zoltán,226,219,0.9690265486725663
43,TISZA,0044,Lontay László,0045,Cseh Tamás,242,241,0.9958677685950413
43,TISZA,0044,Lontay László,0046,Benke József,246,246,1.0
43,TISZA,0044,Lontay László,0047,Hatala-Orosz Csaba,245,244,0.9959183673469387
43,TISZA,0044,Lontay László,0048,Rózsahegyi Áron,230,230,1.0
43,TISZA,0044,Lontay László,0049,Dr. Czipa András,195,195,1.0
43,TISZA,0044,Lontay László,004A,Juhász Roland Csongor,247,247,1.0
43,TISZA,0044,Lontay László,004B,Karsai-Juhász Katalin,238,238,1.0
43,TISZA,0044,Lontay László,004C,Judák Zsolt,246,244,0.991869918699187
43,TISZA,0044,Lontay László,004D,Polgár György,247,247,1.0
43,TISZA,0044,Lontay László,004E,Tárkányi Zsolt,237,236,0.9957805907172996
43,TISZA,0044,Lontay László,004F,Dr. Stumpf Péter,247,246,0.9959514170040485
43,TISZA,0044,Lontay László,004G,Gajda Attila,245,243,0.9918367346938776
43,TISZA,0044,Lontay László,004H,Molnár János,247,247,1.0
43,TISZA,0044,Lontay László,k122,Kármán András,222,221,0.9954954954954955
43,TISZA,0044,Lontay László,m076,Magyar Péter,188,188,1.0
43,TISZA,0044,Lontay László,t067,Tarr Zoltán,221,218,0.9864253393665159
43,TISZA,0045,Cseh Tamás,0046,Benke József,250,248,0.992
43,TISZA,0045,Cseh Tamás,0047,Hatala-Orosz Csaba,249,247,0.9919678714859438
43,TISZA,0045,Cseh Tamás,0048,Rózsahegyi Áron,237,235,0.9915611814345991
43,TISZA,0045,Cseh Tamás,0049,Dr. Czipa András,192,192,1.0
43,TISZA,0045,Cseh Tamás,004A,Juhász Roland Csongor,251,249,0.9920318725099602
43,TISZA,0045,Cseh Tamás,004B,Karsai-Juhász Katalin,241,239,0.991701244813278
43,TISZA,0045,Cseh Tamás,004C,Judák Zsolt,250,246,0.984
43,TISZA,0045,Cseh Tamás,004D,Polgár György,251,249,0.9920318725099602
43,TISZA,0045,Cseh Tamás,004E,Tárkányi Zsolt,241,240,0.995850622406639
43,TISZA,0045,Cseh Tamás,004F,Dr. Stumpf Péter,251,248,0.9880478087649402
43,TISZA,0045,Cseh Tamás,004G,Gajda Attila,249,245,0.9839357429718876
43,TISZA,0045,Cseh Tamás,004H,Molnár János,250,248,0.992
43,TISZA,0045,Cseh Tamás,k122,Kármán András,226,224,0.9911504424778761
43,TISZA,0045,Cseh Tamás,m076,Magyar Péter,186,186,1.0
43,TISZA,0045,Cseh Tamás,t067,Tarr Zoltán,226,223,0.9867256637168141
43,TISZA,0046,Benke József,0047,Hatala-Orosz Csaba,253,252,0.9960474308300395
43,TISZA,0046,Benke József,0048,Rózsahegyi Áron,237,237,1.0
43,TISZA,0046,Benke József,0049,Dr. Czipa András,194,194,1.0
43,TISZA,0046,Benke József,004A,Juhász Roland Csongor,255,255,1.0
43,TISZA,0046,Benke József,004B,Karsai-Juhász Katalin,245,245,1.0
43,TISZA,0046,Benke József,004C,Judák Zsolt,254,252,0.9921259842519685
43,TISZA,0046,Benke József,004D,Polgár György,255,255,1.0
43,TISZA,0046,Benke József,004E,Tárkányi Zsolt,244,243,0.9959016393442623
43,TISZA,0046,Benke József,004F,Dr. Stumpf Péter,255,254,0.996078431372549
43,TISZA,0046,Benke József,004G,Gajda Attila,253,251,0.9920948616600791
43,TISZA,0046,Benke József,004H,Molnár János,254,254,1.0
43,TISZA,0046,Benke József,k122,Kármán András,226,225,0.995575221238938
43,TISZA,0046,Benke József,m076,Magyar Péter,189,189,1.0
43,TISZA,0046,Benke József,t067,Tarr Zoltán,229,226,0.9868995633187773
43,TISZA,0047,Hatala-Orosz Csaba,0048,Rózsahegyi Áron,236,235,0.9957627118644068
43,TISZA,0047,Hatala-Orosz Csaba,0049,Dr. Czipa András,195,194,0.9948717948717949
43,TISZA,0047,Hatala-Orosz Csaba,004A,Juhász Roland Csongor,254,253,0.9960629921259843
43,TISZA,0047,Hatala-Orosz Csaba,004B,Karsai-Juhász Katalin,244,243,0.9959016393442623
43,TISZA,0047,Hatala-Orosz Csaba,004C,Judák Zsolt,253,250,0.9881422924901185
43,TISZA,0047,Hatala-Orosz Csaba,004D,Polgár György,254,253,0.9960629921259843
43,TISZA,0047,Hatala-Orosz Csaba,004E,Tárkányi Zsolt,244,242,0.9918032786885246
43,TISZA,0047,Hatala-Orosz Csaba,004F,Dr. Stumpf Péter,254,253,0.9960629921259843
43,TISZA,0047,Hatala-Orosz Csaba,004G,Gajda Attila,252,251,0.996031746031746
43,TISZA,0047,Hatala-Orosz Csaba,004H,Molnár János,253,252,0.9960474308300395
43,TISZA,0047,Hatala-Orosz Csaba,k122,Kármán András,225,223,0.9911111111111112
43,TISZA,0047,Hatala-Orosz Csaba,m076,Magyar Péter,189,189,1.0
43,TISZA,0047,Hatala-Orosz Csaba,t067,Tarr Zoltán,229,226,0.9868995633187773
43,TISZA,0048,Rózsahegyi Áron,0049,Dr. Czipa András,181,181,1.0
43,TISZA,0048,Rózsahegyi Áron,004A,Juhász Roland Csongor,238,238,1.0
43,TISZA,0048,Rózsahegyi Áron,004B,Karsai-Juhász Katalin,230,230,1.0
43,TISZA,0048,Rózsahegyi Áron,004C,Judák Zsolt,237,235,0.9915611814345991
43,TISZA,0048,Rózsahegyi Áron,004D,Polgár György,238,238,1.0
43,TISZA,0048,Rózsahegyi Áron,004E,Tárkányi Zsolt,229,228,0.9956331877729258
43,TISZA,0048,Rózsahegyi Áron,004F,Dr. Stumpf Péter,238,237,0.9957983193277311
43,TISZA,0048,Rózsahegyi Áron,004G,Gajda Attila,236,234,0.9915254237288136
43,TISZA,0048,Rózsahegyi Áron,004H,Molnár János,238,238,1.0
43,TISZA,0048,Rózsahegyi Áron,k122,Kármán András,219,218,0.9954337899543378
43,TISZA,0048,Rózsahegyi Áron,m076,Magyar Péter,181,181,1.0
43,TISZA,0048,Rózsahegyi Áron,t067,Tarr Zoltán,216,214,0.9907407407407407
43,TISZA,0049,Dr. Czipa András,004A,Juhász Roland Csongor,195,195,1.0
43,TISZA,0049,Dr. Czipa András,004B,Karsai-Juhász Katalin,190,190,1.0
43,TISZA,0049,Dr. Czipa András,004C,Judák Zsolt,195,195,1.0
43,TISZA,0049,Dr. Czipa András,004D,Polgár György,195,195,1.0
43,TISZA,0049,Dr. Czipa András,004E,Tárkányi Zsolt,189,188,0.9947089947089947
43,TISZA,0049,Dr. Czipa András,004F,Dr. Stumpf Péter,195,195,1.0
43,TISZA,0049,Dr. Czipa András,004G,Gajda Attila,194,192,0.9896907216494846
43,TISZA,0049,Dr. Czipa András,004H,Molnár János,195,195,1.0
43,TISZA,0049,Dr. Czipa András,k122,Kármán András,179,178,0.994413407821229
43,TISZA,0049,Dr. Czipa András,m076,Magyar Péter,142,142,1.0
43,TISZA,0049,Dr. Czipa András,t067,Tarr Zoltán,176,173,0.9829545454545454
43,TISZA,004A,Juhász Roland Csongor,004B,Karsai-Juhász Katalin,246,246,1.0
43,TISZA,004A,Juhász Roland Csongor,004C,Judák Zsolt,255,253,0.9921568627450981
43,TISZA,004A,Juhász Roland Csongor,004D,Polgár György,256,256,1.0
43,TISZA,004A,Juhász Roland Csongor,004E,Tárkányi Zsolt,244,243,0.9959016393442623
43,TISZA,004A,Juhász Roland Csongor,004F,Dr. Stumpf Péter,256,255,0.99609375
43,TISZA,004A,Juhász Roland Csongor,004G,Gajda Attila,254,252,0.9921259842519685
43,TISZA,004A,Juhász Roland Csongor,004H,Molnár János,255,255,1.0
43,TISZA,004A,Juhász Roland Csongor,k122,Kármán András,227,226,0.9955947136563876
43,TISZA,004A,Juhász Roland Csongor,m076,Magyar Péter,189,189,1.0
43,TISZA,004A,Juhász Roland Csongor,t067,Tarr Zoltán,229,226,0.9868995633187773
43,TISZA,004B,Karsai-Juhász Katalin,004C,Judák Zsolt,245,243,0.9918367346938776
43,TISZA,004B,Karsai-Juhász Katalin,004D,Polgár György,246,246,1.0
43,TISZA,004B,Karsai-Juhász Katalin,004E,Tárkányi Zsolt,236,235,0.9957627118644068
43,TISZA,004B,Karsai-Juhász Katalin,004F,Dr. Stumpf Péter,246,245,0.9959349593495935
43,TISZA,004B,Karsai-Juhász Katalin,004G,Gajda Attila,245,243,0.9918367346938776
43,TISZA,004B,Karsai-Juhász Katalin,004H,Molnár János,246,246,1.0
43,TISZA,004B,Karsai-Juhász Katalin,k122,Kármán András,219,218,0.9954337899543378
43,TISZA,004B,Karsai-Juhász Katalin,m076,Magyar Péter,182,182,1.0
43,TISZA,004B,Karsai-Juhász Katalin,t067,Tarr Zoltán,220,217,0.9863636363636363
43,TISZA,004C,Judák Zsolt,004D,Polgár György,255,253,0.9921568627450981
43,TISZA,004C,Judák Zsolt,004E,Tárkányi Zsolt,243,240,0.9876543209876543
43,TISZA,004C,Judák Zsolt,004F,Dr. Stumpf Péter,255,252,0.9882352941176471
43,TISZA,004C,Judák Zsolt,004G,Gajda Attila,253,249,0.9841897233201581
43,TISZA,004C,Judák Zsolt,004H,Molnár János,254,252,0.9921259842519685
43,TISZA,004C,Judák Zsolt,k122,Kármán András,226,223,0.9867256637168141
43,TISZA,004C,Judák Zsolt,m076,Magyar Péter,188,186,0.9893617021276596
43,TISZA,004C,Judák Zsolt,t067,Tarr Zoltán,228,223,0.9780701754385965
43,TISZA,004D,Polgár György,004E,Tárkányi Zsolt,244,243,0.9959016393442623
43,TISZA,004D,Polgár György,004F,Dr. Stumpf Péter,256,255,0.99609375
43,TISZA,004D,Polgár György,004G,Gajda Attila,254,252,0.9921259842519685
43,TISZA,004D,Polgár György,004H,Molnár János,255,255,1.0
43,TISZA,004D,Polgár György,k122,Kármán András,227,226,0.9955947136563876
43,TISZA,004D,Polgár György,m076,Magyar Péter,189,189,1.0
43,TISZA,004D,Polgár György,t067,Tarr Zoltán,229,226,0.9868995633187773
43,TISZA,004E,Tárkányi Zsolt,004F,Dr. Stumpf Péter,244,243,0.9959016393442623
43,TISZA,004E,Tárkányi Zsolt,004G,Gajda Attila,242,239,0.987603305785124
43,TISZA,004E,Tárkányi Zsolt,004H,Molnár János,244,243,0.9959016393442623
43,TISZA,004E,Tárkányi Zsolt,k122,Kármán András,222,220,0.990990990990991
43,TISZA,004E,Tárkányi Zsolt,m076,Magyar Péter,188,187,0.9946808510638298
43,TISZA,004E,Tárkányi Zsolt,t067,Tarr Zoltán,224,220,0.9821428571428571
43,TISZA,004F,Dr. Stumpf Péter,004G,Gajda Attila,254,251,0.9881889763779528
43,TISZA,004F,Dr. Stumpf Péter,004H,Molnár János,255,254,0.996078431372549
43,TISZA,004F,Dr. Stumpf Péter,k122,Kármán András,227,225,0.9911894273127754
43,TISZA,004F,Dr. Stumpf Péter,m076,Magyar Péter,189,189,1.0
43,TISZA,004F,Dr. Stumpf Péter,t067,Tarr Zoltán,229,226,0.9868995633187773
43,TISZA,004G,Gajda Attila,004H,Molnár János,253,251,0.9920948616600791
43,TISZA,004G,Gajda Attila,k122,Kármán András,225,222,0.9866666666666667
43,TISZA,004G,Gajda Attila,m076,Magyar Péter,188,188,1.0
43,TISZA,004G,Gajda Attila,t067,Tarr Zoltán,227,225,0.9911894273127754
43,TISZA,004H,Molnár János,k122,Kármán András,227,226,0.9955947136563876
43,TISZA,004H,Molnár János,m076,Magyar Péter,189,189,1.0
43,TISZA,004H,Molnár János,t067,Tarr Zoltán,228,225,0.9868421052631579
43,TISZA,k122,Kármán András,m076,Magyar Péter,181,181,1.0
43,TISZA,k122,Kármán András,t067,Tarr Zoltán,216,212,0.9814814814814815
43,TISZA,m076,Magyar Péter,t067,Tarr Zoltán,184,184,1.0
43,Fidesz,0002,Dr. Hegedűs Barbara,0005,Dr. Csibi Krisztina,152,147,0.9671052631578947
43,Fidesz,0002,Dr. Hegedűs Barbara,000E,Dr. Csuzda Gábor,172,166,0.9651162790697675
43,Fidesz,0002,Dr. Hegedűs Barbara,004R,Molnárné Dr. Lezsák Anna,158,156,0.9873417721518988
43,Fidesz,0002,Dr. Hegedűs Barbara,004S,Németh Balázs Lajos,148,147,0.9932432432432432
43,Fidesz,0002,Dr. Hegedűs Barbara,004T,Szalai Piroska,163,163,1.0
43,Fidesz,0002,Dr. Hegedűs Barbara,004U,Czirbus Gábor,162,161,0.9938271604938271
43,Fidesz,0002,Dr. Hegedűs Barbara,004V,Dr. Takács Árpád,154,151,0.9805194805194806
43,Fidesz,0002,Dr. Hegedűs Barbara,004W,Papp Zsolt,147,146,0.9931972789115646
43,Fidesz,0002,Dr. Hegedűs Barbara,004X,Radics Béla,150,150,1.0
43,Fidesz,0002,Dr. Hegedűs Barbara,004Y,Szentkirályi Alexandra,171,171,1.0
43,Fidesz,0002,Dr. Hegedűs Barbara,004Z,Szűcs Gábor,140,138,0.9857142857142858
43,Fidesz,0002,Dr. Hegedűs Barbara,a011,Ágh Péter,171,164,0.9590643274853801
43,Fidesz,0002,Dr. Hegedűs Barbara,b007,Balla György,163,162,0.9938650306748467
43,Fidesz,0002,Dr. Hegedűs Barbara,b008,Balla Mihály,167,166,0.9940119760479041
43,Fidesz,0002,Dr. Hegedűs Barbara,b034,Bencsik János,172,156,0.9069767441860465
43,Fidesz,0002,Dr. Hegedűs Barbara,b076,Dr. Budai Gyula,118,111,0.940677966101695
43,Fidesz,0002,Dr. Hegedűs Barbara,b130,Dr. Bóka János,168,168,1.0
43,Fidesz,0002,Dr. Hegedűs Barbara,g048,Gyopáros Alpár,158,157,0.9936708860759493
43,Fidesz,0002,Dr. Hegedűs Barbara,g053,Gulyás Gergely,152,149,0.9802631578947368
43,Fidesz,0002,Dr. Hegedűs Barbara,h074,Hidvéghi Balázs,157,157,1.0
43,Fidesz,0002,Dr. Hegedűs Barbara,h083,Héjj Dávid,163,155,0.950920245398773
43,Fidesz,0002,Dr. Hegedűs Barbara,h092,Dr. Hankó Balázs,120,120,1.0
43,Fidesz,0002,Dr. Hegedűs Barbara,h366,Horváth László,162,160,0.9876543209876543
43,Fidesz,0002,Dr. Hegedűs Barbara,k100,Kocsis Máté,100,97,0.97
43,Fidesz,0002,Dr. Hegedűs Barbara,k151,F. Kovács Sándor,150,147,0.98
43,Fidesz,0002,Dr. Hegedűs Barbara,k163,Dr. Koncz Zsófia,170,169,0.9941176470588236
43,Fidesz,0002,Dr. Hegedűs Barbara,k765,Kovács Sándor,121,115,0.9504132231404959
43,Fidesz,0002,Dr. Hegedűs Barbara,l016,Lázár János,21,21,1.0
43,Fidesz,0002,Dr. Hegedűs Barbara,n004,V. Németh Zsolt,168,162,0.9642857142857143
43,Fidesz,0002,Dr. Hegedűs Barbara,n053,Nagy Bálint,173,171,0.9884393063583815
43,Fidesz,0002,Dr. Hegedűs Barbara,n322,Németh Zsolt,110,109,0.990909090909091
43,Fidesz,0002,Dr. Hegedűs Barbara,o015,Dr. Orbán Balázs,119,114,0.957983193277311
43,Fidesz,0002,Dr. Hegedűs Barbara,p041,Pócs János,136,136,1.0
43,Fidesz,0002,Dr. Hegedűs Barbara,p067,Dr. Panyi Miklós,169,168,0.9940828402366864
43,Fidesz,0002,Dr. Hegedűs Barbara,s054,Szijjártó Péter,43,42,0.9767441860465116
43,Fidesz,0002,Dr. Hegedűs Barbara,t023,Dr. Tilki Attila,152,145,0.9539473684210527
43,Fidesz,0002,Dr. Hegedűs Barbara,t062,Takács Péter,161,160,0.9937888198757764
43,Fidesz,0002,Dr. Hegedűs Barbara,t687,Tuzson Bence,151,150,0.9933774834437086
43,Fidesz,0002,Dr. Hegedűs Barbara,v008,Dr. Vitányi István József,152,148,0.9736842105263158
43,Fidesz,0002,Dr. Hegedűs Barbara,v048,Varga Gábor,165,163,0.9878787878787879
43,Fidesz,0002,Dr. Hegedűs Barbara,w704,Witzmann Mihály,170,167,0.9823529411764705
43,Fidesz,0002,Dr. Hegedűs Barbara,z004,Zsigó Róbert,142,141,0.9929577464788732
43,Fidesz,0002,Dr. Hegedűs Barbara,z014,Vitályos Eszter,166,164,0.9879518072289156
43,Fidesz,0005,Dr. Csibi Krisztina,000E,Dr. Csuzda Gábor,215,212,0.986046511627907
43,Fidesz,0005,Dr. Csibi Krisztina,004R,Molnárné Dr. Lezsák Anna,206,203,0.9854368932038835
43,Fidesz,0005,Dr. Csibi Krisztina,004S,Németh Balázs Lajos,184,179,0.9728260869565217
43,Fidesz,0005,Dr. Csibi Krisztina,004T,Szalai Piroska,206,200,0.970873786407767
43,Fidesz,0005,Dr. Csibi Krisztina,004U,Czirbus Gábor,209,203,0.9712918660287081
43,Fidesz,0005,Dr. Csibi Krisztina,004V,Dr. Takács Árpád,196,191,0.9744897959183674
43,Fidesz,0005,Dr. Csibi Krisztina,004W,Papp Zsolt,197,192,0.9746192893401016
43,Fidesz,0005,Dr. Csibi Krisztina,004X,Radics Béla,138,134,0.9710144927536232
43,Fidesz,0005,Dr. Csibi Krisztina,004Y,Szentkirályi Alexandra,214,209,0.9766355140186916
43,Fidesz,0005,Dr. Csibi Krisztina,004Z,Szűcs Gábor,130,125,0.9615384615384616
43,Fidesz,0005,Dr. Csibi Krisztina,006F,Palóc André,29,29,1.0
43,Fidesz,0005,Dr. Csibi Krisztina,a011,Ágh Péter,215,211,0.9813953488372092
43,Fidesz,0005,Dr. Csibi Krisztina,b007,Balla György,206,200,0.970873786407767
43,Fidesz,0005,Dr. Csibi Krisztina,b008,Balla Mihály,214,208,0.9719626168224299
43,Fidesz,0005,Dr. Csibi Krisztina,b034,Bencsik János,216,198,0.9166666666666666
43,Fidesz,0005,Dr. Csibi Krisztina,b076,Dr. Budai Gyula,110,108,0.9818181818181818
43,Fidesz,0005,Dr. Csibi Krisztina,b130,Dr. Bóka János,211,206,0.976303317535545
43,Fidesz,0005,Dr. Csibi Krisztina,g048,Gyopáros Alpár,205,202,0.9853658536585366
43,Fidesz,0005,Dr. Csibi Krisztina,g053,Gulyás Gergely,171,165,0.9649122807017544
43,Fidesz,0005,Dr. Csibi Krisztina,h074,Hidvéghi Balázs,169,164,0.9704142011834319
43,Fidesz,0005,Dr. Csibi Krisztina,h083,Héjj Dávid,209,201,0.9617224880382775
43,Fidesz,0005,Dr. Csibi Krisztina,h092,Dr. Hankó Balázs,140,137,0.9785714285714285
43,Fidesz,0005,Dr. Csibi Krisztina,h366,Horváth László,205,202,0.9853658536585366
43,Fidesz,0005,Dr. Csibi Krisztina,k100,Kocsis Máté,147,146,0.9931972789115646
43,Fidesz,0005,Dr. Csibi Krisztina,k151,F. Kovács Sándor,195,191,0.9794871794871794
43,Fidesz,0005,Dr. Csibi Krisztina,k163,Dr. Koncz Zsófia,210,204,0.9714285714285714
43,Fidesz,0005,Dr. Csibi Krisztina,k765,Kovács Sándor,140,137,0.9785714285714285
43,Fidesz,0005,Dr. Csibi Krisztina,l016,Lázár János,33,33,1.0
43,Fidesz,0005,Dr. Csibi Krisztina,n004,V. Németh Zsolt,214,207,0.9672897196261683
43,Fidesz,0005,Dr. Csibi Krisztina,n053,Nagy Bálint,216,211,0.9768518518518519
43,Fidesz,0005,Dr. Csibi Krisztina,n322,Németh Zsolt,132,129,0.9772727272727273
43,Fidesz,0005,Dr. Csibi Krisztina,o015,Dr. Orbán Balázs,157,156,0.9936305732484076
43,Fidesz,0005,Dr. Csibi Krisztina,p041,Pócs János,155,150,0.967741935483871
43,Fidesz,0005,Dr. Csibi Krisztina,p067,Dr. Panyi Miklós,184,180,0.9782608695652174
43,Fidesz,0005,Dr. Csibi Krisztina,s054,Szijjártó Péter,66,64,0.9696969696969697
43,Fidesz,0005,Dr. Csibi Krisztina,t023,Dr. Tilki Attila,198,191,0.9646464646464646
43,Fidesz,0005,Dr. Csibi Krisztina,t062,Takács Péter,203,199,0.9802955665024631
43,Fidesz,0005,Dr. Csibi Krisztina,t687,Tuzson Bence,197,191,0.9695431472081218
43,Fidesz,0005,Dr. Csibi Krisztina,v008,Dr. Vitányi István József,199,188,0.9447236180904522
43,Fidesz,0005,Dr. Csibi Krisztina,v048,Varga Gábor,214,207,0.9672897196261683
43,Fidesz,0005,Dr. Csibi Krisztina,w704,Witzmann Mihály,212,206,0.9716981132075472
43,Fidesz,0005,Dr. Csibi Krisztina,z004,Zsigó Róbert,185,180,0.972972972972973
43,Fidesz,0005,Dr. Csibi Krisztina,z014,Vitályos Eszter,209,204,0.9760765550239234
43,Fidesz,000E,Dr. Csuzda Gábor,004R,Molnárné Dr. Lezsák Anna,225,221,0.9822222222222222
43,Fidesz,000E,Dr. Csuzda Gábor,004S,Németh Balázs Lajos,207,203,0.9806763285024155
43,Fidesz,000E,Dr. Csuzda Gábor,004T,Szalai Piroska,228,221,0.9692982456140351
43,Fidesz,000E,Dr. Csuzda Gábor,004U,Czirbus Gábor,227,222,0.9779735682819384
43,Fidesz,000E,Dr. Csuzda Gábor,004V,Dr. Takács Árpád,213,209,0.9812206572769953
43,Fidesz,000E,Dr. Csuzda Gábor,004W,Papp Zsolt,214,210,0.9813084112149533
43,Fidesz,000E,Dr. Csuzda Gábor,004X,Radics Béla,157,152,0.9681528662420382
43,Fidesz,000E,Dr. Csuzda Gábor,004Y,Szentkirályi Alexandra,238,232,0.9747899159663865
43,Fidesz,000E,Dr. Csuzda Gábor,004Z,Szűcs Gábor,154,149,0.9675324675324676
43,Fidesz,000E,Dr. Csuzda Gábor,006F,Palóc André,29,29,1.0
43,Fidesz,000E,Dr. Csuzda Gábor,a011,Ágh Péter,238,235,0.9873949579831933
43,Fidesz,000E,Dr. Csuzda Gábor,b007,Balla György,230,223,0.9695652173913043
43,Fidesz,000E,Dr. Csuzda Gábor,b008,Balla Mihály,233,226,0.9699570815450643
43,Fidesz,000E,Dr. Csuzda Gábor,b034,Bencsik János,239,219,0.9163179916317992
43,Fidesz,000E,Dr. Csuzda Gábor,b076,Dr. Budai Gyula,127,124,0.9763779527559056
43,Fidesz,000E,Dr. Csuzda Gábor,b130,Dr. Bóka János,231,225,0.974025974025974
43,Fidesz,000E,Dr. Csuzda Gábor,g048,Gyopáros Alpár,221,217,0.9819004524886877
43,Fidesz,000E,Dr. Csuzda Gábor,g053,Gulyás Gergely,188,181,0.9627659574468085
43,Fidesz,000E,Dr. Csuzda Gábor,h074,Hidvéghi Balázs,185,179,0.9675675675675676
43,Fidesz,000E,Dr. Csuzda Gábor,h083,Héjj Dávid,229,221,0.9650655021834061
43,Fidesz,000E,Dr. Csuzda Gábor,h092,Dr. Hankó Balázs,159,157,0.9874213836477987
43,Fidesz,000E,Dr. Csuzda Gábor,h366,Horváth László,225,221,0.9822222222222222
43,Fidesz,000E,Dr. Csuzda Gábor,k100,Kocsis Máté,161,158,0.9813664596273292
43,Fidesz,000E,Dr. Csuzda Gábor,k151,F. Kovács Sándor,215,209,0.9720930232558139
43,Fidesz,000E,Dr. Csuzda Gábor,k163,Dr. Koncz Zsófia,234,227,0.9700854700854701
43,Fidesz,000E,Dr. Csuzda Gábor,k765,Kovács Sándor,159,156,0.9811320754716981
43,Fidesz,000E,Dr. Csuzda Gábor,l016,Lázár János,41,41,1.0
43,Fidesz,000E,Dr. Csuzda Gábor,n004,V. Németh Zsolt,232,226,0.9741379310344828
43,Fidesz,000E,Dr. Csuzda Gábor,n053,Nagy Bálint,240,236,0.9833333333333333
43,Fidesz,000E,Dr. Csuzda Gábor,n322,Németh Zsolt,139,135,0.9712230215827338
43,Fidesz,000E,Dr. Csuzda Gábor,o015,Dr. Orbán Balázs,169,167,0.9881656804733728
43,Fidesz,000E,Dr. Csuzda Gábor,p041,Pócs János,170,165,0.9705882352941176
43,Fidesz,000E,Dr. Csuzda Gábor,p067,Dr. Panyi Miklós,206,201,0.9757281553398058
43,Fidesz,000E,Dr. Csuzda Gábor,s054,Szijjártó Péter,76,74,0.9736842105263158
43,Fidesz,000E,Dr. Csuzda Gábor,t023,Dr. Tilki Attila,218,212,0.9724770642201835
43,Fidesz,000E,Dr. Csuzda Gábor,t062,Takács Péter,227,222,0.9779735682819384
43,Fidesz,000E,Dr. Csuzda Gábor,t687,Tuzson Bence,216,211,0.9768518518518519
43,Fidesz,000E,Dr. Csuzda Gábor,v008,Dr. Vitányi István József,218,207,0.9495412844036697
43,Fidesz,000E,Dr. Csuzda Gábor,v048,Varga Gábor,232,226,0.9741379310344828
43,Fidesz,000E,Dr. Csuzda Gábor,w704,Witzmann Mihály,234,229,0.9786324786324786
43,Fidesz,000E,Dr. Csuzda Gábor,z004,Zsigó Róbert,206,199,0.9660194174757282
43,Fidesz,000E,Dr. Csuzda Gábor,z014,Vitályos Eszter,231,225,0.974025974025974
43,Fidesz,004R,Molnárné Dr. Lezsák Anna,004S,Németh Balázs Lajos,194,191,0.9845360824742269
43,Fidesz,004R,Molnárné Dr. Lezsák Anna,004T,Szalai Piroska,214,210,0.9813084112149533
43,Fidesz,004R,Molnárné Dr. Lezsák Anna,004U,Czirbus Gábor,217,214,0.9861751152073732
43,Fidesz,004R,Molnárné Dr. Lezsák Anna,004V,Dr. Takács Árpád,204,202,0.9901960784313726
43,Fidesz,004R,Molnárné Dr. Lezsák Anna,004W,Papp Zsolt,206,202,0.9805825242718447
43,Fidesz,004R,Molnárné Dr. Lezsák Anna,004X,Radics Béla,145,142,0.9793103448275862
43,Fidesz,004R,Molnárné Dr. Lezsák Anna,004Y,Szentkirályi Alexandra,224,221,0.9866071428571429
43,Fidesz,004R,Molnárné Dr. Lezsák Anna,004Z,Szűcs Gábor,140,137,0.9785714285714285
43,Fidesz,004R,Molnárné Dr. Lezsák Anna,006F,Palóc André,29,29,1.0
43,Fidesz,004R,Molnárné Dr. Lezsák Anna,a011,Ágh Péter,224,219,0.9776785714285714
43,Fidesz,004R,Molnárné Dr. Lezsák Anna,b007,Balla György,216,212,0.9814814814814815
43,Fidesz,004R,Molnárné Dr. Lezsák Anna,b008,Balla Mihály,224,220,0.9821428571428571
43,Fidesz,004R,Molnárné Dr. Lezsák Anna,b034,Bencsik János,226,207,0.915929203539823
43,Fidesz,004R,Molnárné Dr. Lezsák Anna,b076,Dr. Budai Gyula,116,112,0.9655172413793104
43,Fidesz,004R,Molnárné Dr. Lezsák Anna,b130,Dr. Bóka János,221,219,0.9909502262443439
43,Fidesz,004R,Molnárné Dr. Lezsák Anna,g048,Gyopáros Alpár,213,212,0.9953051643192489
43,Fidesz,004R,Molnárné Dr. Lezsák Anna,g053,Gulyás Gergely,178,176,0.9887640449438202
43,Fidesz,004R,Molnárné Dr. Lezsák Anna,h074,Hidvéghi Balázs,185,183,0.9891891891891892
43,Fidesz,004R,Molnárné Dr. Lezsák Anna,h083,Héjj Dávid,219,214,0.9771689497716894
43,Fidesz,004R,Molnárné Dr. Lezsák Anna,h092,Dr. Hankó Balázs,151,149,0.9867549668874173
43,Fidesz,004R,Molnárné Dr. Lezsák Anna,h366,Horváth László,215,214,0.9953488372093023
43,Fidesz,004R,Molnárné Dr. Lezsák Anna,k100,Kocsis Máté,152,151,0.993421052631579
43,Fidesz,004R,Molnárné Dr. Lezsák Anna,k151,F. Kovács Sándor,207,202,0.9758454106280193
43,Fidesz,004R,Molnárné Dr. Lezsák Anna,k163,Dr. Koncz Zsófia,220,217,0.9863636363636363
43,Fidesz,004R,Molnárné Dr. Lezsák Anna,k765,Kovács Sándor,159,155,0.9748427672955975
43,Fidesz,004R,Molnárné Dr. Lezsák Anna,l016,Lázár János,41,41,1.0
43,Fidesz,004R,Molnárné Dr. Lezsák Anna,n004,V. Németh Zsolt,222,217,0.9774774774774775
43,Fidesz,004R,Molnárné Dr. Lezsák Anna,n053,Nagy Bálint,226,223,0.9867256637168141
43,Fidesz,004R,Molnárné Dr. Lezsák Anna,n322,Németh Zsolt,140,138,0.9857142857142858
43,Fidesz,004R,Molnárné Dr. Lezsák Anna,o015,Dr. Orbán Balázs,169,166,0.9822485207100592
43,Fidesz,004R,Molnárné Dr. Lezsák Anna,p041,Pócs János,163,159,0.9754601226993865
43,Fidesz,004R,Molnárné Dr. Lezsák Anna,p067,Dr. Panyi Miklós,192,189,0.984375
43,Fidesz,004R,Molnárné Dr. Lezsák Anna,s054,Szijjártó Péter,75,74,0.9866666666666667
43,Fidesz,004R,Molnárné Dr. Lezsák Anna,t023,Dr. Tilki Attila,208,203,0.9759615384615384
43,Fidesz,004R,Molnárné Dr. Lezsák Anna,t062,Takács Péter,214,211,0.985981308411215
43,Fidesz,004R,Molnárné Dr. Lezsák Anna,t687,Tuzson Bence,206,202,0.9805825242718447
43,Fidesz,004R,Molnárné Dr. Lezsák Anna,v008,Dr. Vitányi István József,211,201,0.95260663507109
43,Fidesz,004R,Molnárné Dr. Lezsák Anna,v048,Varga Gábor,222,217,0.9774774774774775
43,Fidesz,004R,Molnárné Dr. Lezsák Anna,w704,Witzmann Mihály,220,217,0.9863636363636363
43,Fidesz,004R,Molnárné Dr. Lezsák Anna,z004,Zsigó Róbert,192,190,0.9895833333333334
43,Fidesz,004R,Molnárné Dr. Lezsák Anna,z014,Vitályos Eszter,218,214,0.981651376146789
43,Fidesz,004S,Németh Balázs Lajos,004T,Szalai Piroska,196,194,0.9897959183673469
43,Fidesz,004S,Németh Balázs Lajos,004U,Czirbus Gábor,196,195,0.9948979591836735
43,Fidesz,004S,Németh Balázs Lajos,004V,Dr. Takács Árpád,183,179,0.9781420765027322
43,Fidesz,004S,Németh Balázs Lajos,004W,Papp Zsolt,181,180,0.994475138121547
43,Fidesz,004S,Németh Balázs Lajos,004X,Radics Béla,133,132,0.9924812030075187
43,Fidesz,004S,Németh Balázs Lajos,004Y,Szentkirályi Alexandra,206,205,0.9951456310679612
43,Fidesz,004S,Németh Balázs Lajos,004Z,Szűcs Gábor,148,145,0.9797297297297297
43,Fidesz,004S,Németh Balázs Lajos,006F,Palóc André,24,24,1.0
43,Fidesz,004S,Németh Balázs Lajos,a011,Ágh Péter,206,200,0.970873786407767
43,Fidesz,004S,Németh Balázs Lajos,b007,Balla György,197,195,0.9898477157360406
43,Fidesz,004S,Németh Balázs Lajos,b008,Balla Mihály,201,199,0.9900497512437811
43,Fidesz,004S,Németh Balázs Lajos,b034,Bencsik János,206,196,0.9514563106796117
43,Fidesz,004S,Németh Balázs Lajos,b076,Dr. Budai Gyula,106,100,0.9433962264150944
43,Fidesz,004S,Németh Balázs Lajos,b130,Dr. Bóka János,199,198,0.9949748743718593
43,Fidesz,004S,Németh Balázs Lajos,g048,Gyopáros Alpár,194,192,0.9896907216494846
43,Fidesz,004S,Németh Balázs Lajos,g053,Gulyás Gergely,162,160,0.9876543209876543
43,Fidesz,004S,Németh Balázs Lajos,h074,Hidvéghi Balázs,156,155,0.9935897435897436
43,Fidesz,004S,Németh Balázs Lajos,h083,Héjj Dávid,200,191,0.955
43,Fidesz,004S,Németh Balázs Lajos,h092,Dr. Hankó Balázs,149,148,0.9932885906040269
43,Fidesz,004S,Németh Balázs Lajos,h366,Horváth László,198,195,0.9848484848484849
43,Fidesz,004S,Németh Balázs Lajos,k100,Kocsis Máté,139,136,0.9784172661870504
43,Fidesz,004S,Németh Balázs Lajos,k151,F. Kovács Sándor,182,179,0.9835164835164835
43,Fidesz,004S,Németh Balázs Lajos,k163,Dr. Koncz Zsófia,203,203,1.0
43,Fidesz,004S,Németh Balázs Lajos,k765,Kovács Sándor,134,129,0.9626865671641791
43,Fidesz,004S,Németh Balázs Lajos,l016,Lázár János,41,41,1.0
43,Fidesz,004S,Németh Balázs Lajos,n004,V. Németh Zsolt,201,196,0.9751243781094527
43,Fidesz,004S,Németh Balázs Lajos,n053,Nagy Bálint,207,205,0.9903381642512077
43,Fidesz,004S,Németh Balázs Lajos,n322,Németh Zsolt,111,109,0.9819819819819819
43,Fidesz,004S,Németh Balázs Lajos,o015,Dr. Orbán Balázs,144,140,0.9722222222222222
43,Fidesz,004S,Németh Balázs Lajos,p041,Pócs János,146,144,0.9863013698630136
43,Fidesz,004S,Németh Balázs Lajos,p067,Dr. Panyi Miklós,173,171,0.9884393063583815
43,Fidesz,004S,Németh Balázs Lajos,s054,Szijjártó Péter,66,65,0.9848484848484849
43,Fidesz,004S,Németh Balázs Lajos,t023,Dr. Tilki Attila,185,180,0.972972972972973
43,Fidesz,004S,Németh Balázs Lajos,t062,Takács Péter,196,194,0.9897959183673469
43,Fidesz,004S,Németh Balázs Lajos,t687,Tuzson Bence,200,200,1.0
43,Fidesz,004S,Németh Balázs Lajos,v008,Dr. Vitányi István József,186,181,0.9731182795698925
43,Fidesz,004S,Németh Balázs Lajos,v048,Varga Gábor,200,199,0.995
43,Fidesz,004S,Németh Balázs Lajos,w704,Witzmann Mihály,203,201,0.9901477832512315
43,Fidesz,004S,Németh Balázs Lajos,z004,Zsigó Róbert,176,174,0.9886363636363636
43,Fidesz,004S,Németh Balázs Lajos,z014,Vitályos Eszter,200,198,0.99
43,Fidesz,004T,Szalai Piroska,004U,Czirbus Gábor,216,214,0.9907407407407407
43,Fidesz,004T,Szalai Piroska,004V,Dr. Takács Árpád,205,200,0.975609756097561
43,Fidesz,004T,Szalai Piroska,004W,Papp Zsolt,204,202,0.9901960784313726
43,Fidesz,004T,Szalai Piroska,004X,Radics Béla,149,149,1.0
43,Fidesz,004T,Szalai Piroska,004Y,Szentkirályi Alexandra,227,226,0.9955947136563876
43,Fidesz,004T,Szalai Piroska,004Z,Szűcs Gábor,149,147,0.9865771812080537
43,Fidesz,004T,Szalai Piroska,006F,Palóc André,27,27,1.0
43,Fidesz,004T,Szalai Piroska,a011,Ágh Péter,227,219,0.9647577092511013
43,Fidesz,004T,Szalai Piroska,b007,Balla György,224,222,0.9910714285714286
43,Fidesz,004T,Szalai Piroska,b008,Balla Mihály,222,220,0.990990990990991
43,Fidesz,004T,Szalai Piroska,b034,Bencsik János,228,212,0.9298245614035088
43,Fidesz,004T,Szalai Piroska,b076,Dr. Budai Gyula,123,116,0.943089430894309
43,Fidesz,004T,Szalai Piroska,b130,Dr. Bóka János,220,219,0.9954545454545455
43,Fidesz,004T,Szalai Piroska,g048,Gyopáros Alpár,211,209,0.990521327014218
43,Fidesz,004T,Szalai Piroska,g053,Gulyás Gergely,183,179,0.9781420765027322
43,Fidesz,004T,Szalai Piroska,h074,Hidvéghi Balázs,175,175,1.0
43,Fidesz,004T,Szalai Piroska,h083,Héjj Dávid,218,210,0.963302752293578
43,Fidesz,004T,Szalai Piroska,h092,Dr. Hankó Balázs,148,148,1.0
43,Fidesz,004T,Szalai Piroska,h366,Horváth László,215,212,0.986046511627907
43,Fidesz,004T,Szalai Piroska,k100,Kocsis Máté,153,149,0.9738562091503268
43,Fidesz,004T,Szalai Piroska,k151,F. Kovács Sándor,205,202,0.9853658536585366
43,Fidesz,004T,Szalai Piroska,k163,Dr. Koncz Zsófia,224,222,0.9910714285714286
43,Fidesz,004T,Szalai Piroska,k765,Kovács Sándor,154,147,0.9545454545454546
43,Fidesz,004T,Szalai Piroska,l016,Lázár János,41,41,1.0
43,Fidesz,004T,Szalai Piroska,n004,V. Németh Zsolt,221,214,0.9683257918552036
43,Fidesz,004T,Szalai Piroska,n053,Nagy Bálint,229,226,0.9868995633187773
43,Fidesz,004T,Szalai Piroska,n322,Németh Zsolt,131,130,0.9923664122137404
43,Fidesz,004T,Szalai Piroska,o015,Dr. Orbán Balázs,161,156,0.968944099378882
43,Fidesz,004T,Szalai Piroska,p041,Pócs János,161,159,0.9875776397515528
43,Fidesz,004T,Szalai Piroska,p067,Dr. Panyi Miklós,196,195,0.9948979591836735
43,Fidesz,004T,Szalai Piroska,s054,Szijjártó Péter,73,72,0.9863013698630136
43,Fidesz,004T,Szalai Piroska,t023,Dr. Tilki Attila,208,198,0.9519230769230769
43,Fidesz,004T,Szalai Piroska,t062,Takács Péter,216,213,0.9861111111111112
43,Fidesz,004T,Szalai Piroska,t687,Tuzson Bence,206,205,0.9951456310679612
43,Fidesz,004T,Szalai Piroska,v008,Dr. Vitányi István József,207,199,0.961352657004831
43,Fidesz,004T,Szalai Piroska,v048,Varga Gábor,221,218,0.9864253393665159
43,Fidesz,004T,Szalai Piroska,w704,Witzmann Mihály,223,219,0.9820627802690582
43,Fidesz,004T,Szalai Piroska,z004,Zsigó Róbert,200,198,0.99
43,Fidesz,004T,Szalai Piroska,z014,Vitályos Eszter,221,218,0.9864253393665159
43,Fidesz,004U,Czirbus Gábor,004V,Dr. Takács Árpád,206,204,0.9902912621359223
43,Fidesz,004U,Czirbus Gábor,004W,Papp Zsolt,210,210,1.0
43,Fidesz,004U,Czirbus Gábor,004X,Radics Béla,150,149,0.9933333333333333
43,Fidesz,004U,Czirbus Gábor,004Y,Szentkirályi Alexandra,226,225,0.995575221238938
43,Fidesz,004U,Czirbus Gábor,004Z,Szűcs Gábor,141,140,0.9929078014184397
43,Fidesz,004U,Czirbus Gábor,006F,Palóc André,29,29,1.0
43,Fidesz,004U,Czirbus Gábor,a011,Ágh Péter,226,220,0.9734513274336283
43,Fidesz,004U,Czirbus Gábor,b007,Balla György,218,216,0.9908256880733946
43,Fidesz,004U,Czirbus Gábor,b008,Balla Mihály,225,223,0.9911111111111112
43,Fidesz,004U,Czirbus Gábor,b034,Bencsik János,227,211,0.9295154185022027
43,Fidesz,004U,Czirbus Gábor,b076,Dr. Budai Gyula,122,116,0.9508196721311475
43,Fidesz,004U,Czirbus Gábor,b130,Dr. Bóka János,225,224,0.9955555555555555
43,Fidesz,004U,Czirbus Gábor,g048,Gyopáros Alpár,214,212,0.9906542056074766
43,Fidesz,004U,Czirbus Gábor,g053,Gulyás Gergely,183,179,0.9781420765027322
43,Fidesz,004U,Czirbus Gábor,h074,Hidvéghi Balázs,179,178,0.994413407821229
43,Fidesz,004U,Czirbus Gábor,h083,Héjj Dávid,224,215,0.9598214285714286
43,Fidesz,004U,Czirbus Gábor,h092,Dr. Hankó Balázs,154,154,1.0
43,Fidesz,004U,Czirbus Gábor,h366,Horváth László,216,213,0.9861111111111112
43,Fidesz,004U,Czirbus Gábor,k100,Kocsis Máté,158,154,0.9746835443037974
43,Fidesz,004U,Czirbus Gábor,k151,F. Kovács Sándor,207,206,0.9951690821256038
43,Fidesz,004U,Czirbus Gábor,k163,Dr. Koncz Zsófia,225,223,0.9911111111111112
43,Fidesz,004U,Czirbus Gábor,k765,Kovács Sándor,151,146,0.9668874172185431
43,Fidesz,004U,Czirbus Gábor,l016,Lázár János,41,41,1.0
43,Fidesz,004U,Czirbus Gábor,n004,V. Németh Zsolt,226,221,0.9778761061946902
43,Fidesz,004U,Czirbus Gábor,n053,Nagy Bálint,228,227,0.9956140350877193
43,Fidesz,004U,Czirbus Gábor,n322,Németh Zsolt,135,133,0.9851851851851852
43,Fidesz,004U,Czirbus Gábor,o015,Dr. Orbán Balázs,166,162,0.9759036144578314
43,Fidesz,004U,Czirbus Gábor,p041,Pócs János,162,160,0.9876543209876543
43,Fidesz,004U,Czirbus Gábor,p067,Dr. Panyi Miklós,194,192,0.9896907216494846
43,Fidesz,004U,Czirbus Gábor,s054,Szijjártó Péter,75,75,1.0
43,Fidesz,004U,Czirbus Gábor,t023,Dr. Tilki Attila,210,203,0.9666666666666667
43,Fidesz,004U,Czirbus Gábor,t062,Takács Péter,218,215,0.9862385321100917
43,Fidesz,004U,Czirbus Gábor,t687,Tuzson Bence,208,207,0.9951923076923077
43,Fidesz,004U,Czirbus Gábor,v008,Dr. Vitányi István József,211,205,0.9715639810426541
43,Fidesz,004U,Czirbus Gábor,v048,Varga Gábor,225,224,0.9955555555555555
43,Fidesz,004U,Czirbus Gábor,w704,Witzmann Mihály,224,222,0.9910714285714286
43,Fidesz,004U,Czirbus Gábor,z004,Zsigó Róbert,200,199,0.995
43,Fidesz,004U,Czirbus Gábor,z014,Vitályos Eszter,222,219,0.9864864864864865
43,Fidesz,004V,Dr. Takács Árpád,004W,Papp Zsolt,193,191,0.9896373056994818
43,Fidesz,004V,Dr. Takács Árpád,004X,Radics Béla,149,146,0.9798657718120806
43,Fidesz,004V,Dr. Takács Árpád,004Y,Szentkirályi Alexandra,213,209,0.9812206572769953
43,Fidesz,004V,Dr. Takács Árpád,004Z,Szűcs Gábor,133,129,0.9699248120300752
43,Fidesz,004V,Dr. Takács Árpád,006F,Palóc André,28,28,1.0
43,Fidesz,004V,Dr. Takács Árpád,a011,Ágh Péter,213,208,0.9765258215962441
43,Fidesz,004V,Dr. Takács Árpád,b007,Balla György,207,202,0.9758454106280193
43,Fidesz,004V,Dr. Takács Árpád,b008,Balla Mihály,212,207,0.9764150943396226
43,Fidesz,004V,Dr. Takács Árpád,b034,Bencsik János,213,197,0.9248826291079812
43,Fidesz,004V,Dr. Takács Árpád,b076,Dr. Budai Gyula,112,108,0.9642857142857143
43,Fidesz,004V,Dr. Takács Árpád,b130,Dr. Bóka János,211,208,0.985781990521327
43,Fidesz,004V,Dr. Takács Árpád,g048,Gyopáros Alpár,200,197,0.985
43,Fidesz,004V,Dr. Takács Árpád,g053,Gulyás Gergely,173,169,0.976878612716763
43,Fidesz,004V,Dr. Takács Árpád,h074,Hidvéghi Balázs,172,169,0.9825581395348837
43,Fidesz,004V,Dr. Takács Árpád,h083,Héjj Dávid,207,202,0.9758454106280193
43,Fidesz,004V,Dr. Takács Árpád,h092,Dr. Hankó Balázs,141,139,0.9858156028368794
43,Fidesz,004V,Dr. Takács Árpád,h366,Horváth László,200,198,0.99
43,Fidesz,004V,Dr. Takács Árpád,k100,Kocsis Máté,141,139,0.9858156028368794
43,Fidesz,004V,Dr. Takács Árpád,k151,F. Kovács Sándor,193,189,0.9792746113989638
43,Fidesz,004V,Dr. Takács Árpád,k163,Dr. Koncz Zsófia,210,206,0.9809523809523809
43,Fidesz,004V,Dr. Takács Árpád,k765,Kovács Sándor,141,137,0.9716312056737588
43,Fidesz,004V,Dr. Takács Árpád,l016,Lázár János,39,39,1.0
43,Fidesz,004V,Dr. Takács Árpád,n004,V. Németh Zsolt,210,205,0.9761904761904762
43,Fidesz,004V,Dr. Takács Árpád,n053,Nagy Bálint,214,212,0.9906542056074766
43,Fidesz,004V,Dr. Takács Árpád,n322,Németh Zsolt,134,132,0.9850746268656716
43,Fidesz,004V,Dr. Takács Árpád,o015,Dr. Orbán Balázs,164,161,0.9817073170731707
43,Fidesz,004V,Dr. Takács Árpád,p041,Pócs János,157,153,0.9745222929936306
43,Fidesz,004V,Dr. Takács Árpád,p067,Dr. Panyi Miklós,186,183,0.9838709677419355
43,Fidesz,004V,Dr. Takács Árpád,s054,Szijjártó Péter,62,61,0.9838709677419355
43,Fidesz,004V,Dr. Takács Árpád,t023,Dr. Tilki Attila,196,190,0.9693877551020408
43,Fidesz,004V,Dr. Takács Árpád,t062,Takács Péter,202,197,0.9752475247524752
43,Fidesz,004V,Dr. Takács Árpád,t687,Tuzson Bence,195,191,0.9794871794871794
43,Fidesz,004V,Dr. Takács Árpád,v008,Dr. Vitányi István József,196,188,0.9591836734693877
43,Fidesz,004V,Dr. Takács Árpád,v048,Varga Gábor,210,206,0.9809523809523809
43,Fidesz,004V,Dr. Takács Árpád,w704,Witzmann Mihály,211,209,0.990521327014218
43,Fidesz,004V,Dr. Takács Árpád,z004,Zsigó Róbert,195,192,0.9846153846153847
43,Fidesz,004V,Dr. Takács Árpád,z014,Vitályos Eszter,209,206,0.9856459330143541
43,Fidesz,004W,Papp Zsolt,004X,Radics Béla,137,136,0.9927007299270073
43,Fidesz,004W,Papp Zsolt,004Y,Szentkirályi Alexandra,213,212,0.9953051643192489
43,Fidesz,004W,Papp Zsolt,004Z,Szűcs Gábor,129,129,1.0
43,Fidesz,004W,Papp Zsolt,006F,Palóc André,29,29,1.0
43,Fidesz,004W,Papp Zsolt,a011,Ágh Péter,213,208,0.9765258215962441
43,Fidesz,004W,Papp Zsolt,b007,Balla György,205,203,0.9902439024390244
43,Fidesz,004W,Papp Zsolt,b008,Balla Mihály,213,211,0.9906103286384976
43,Fidesz,004W,Papp Zsolt,b034,Bencsik János,214,199,0.9299065420560748
43,Fidesz,004W,Papp Zsolt,b076,Dr. Budai Gyula,108,104,0.9629629629629629
43,Fidesz,004W,Papp Zsolt,b130,Dr. Bóka János,210,209,0.9952380952380953
43,Fidesz,004W,Papp Zsolt,g048,Gyopáros Alpár,201,199,0.9900497512437811
43,Fidesz,004W,Papp Zsolt,g053,Gulyás Gergely,170,166,0.9764705882352941
43,Fidesz,004W,Papp Zsolt,h074,Hidvéghi Balázs,165,164,0.9939393939393939
43,Fidesz,004W,Papp Zsolt,h083,Héjj Dávid,209,202,0.9665071770334929
43,Fidesz,004W,Papp Zsolt,h092,Dr. Hankó Balázs,155,155,1.0
43,Fidesz,004W,Papp Zsolt,h366,Horváth László,204,202,0.9901960784313726
43,Fidesz,004W,Papp Zsolt,k100,Kocsis Máté,142,139,0.9788732394366197
43,Fidesz,004W,Papp Zsolt,k151,F. Kovács Sándor,194,193,0.9948453608247423
43,Fidesz,004W,Papp Zsolt,k163,Dr. Koncz Zsófia,210,208,0.9904761904761905
43,Fidesz,004W,Papp Zsolt,k765,Kovács Sándor,139,136,0.9784172661870504
43,Fidesz,004W,Papp Zsolt,l016,Lázár János,41,41,1.0
43,Fidesz,004W,Papp Zsolt,n004,V. Németh Zsolt,212,208,0.9811320754716981
43,Fidesz,004W,Papp Zsolt,n053,Nagy Bálint,215,214,0.9953488372093023
43,Fidesz,004W,Papp Zsolt,n322,Németh Zsolt,139,137,0.9856115107913669
43,Fidesz,004W,Papp Zsolt,o015,Dr. Orbán Balázs,151,148,0.9801324503311258
43,Fidesz,004W,Papp Zsolt,p041,Pócs János,160,158,0.9875
43,Fidesz,004W,Papp Zsolt,p067,Dr. Panyi Miklós,181,180,0.994475138121547
43,Fidesz,004W,Papp Zsolt,s054,Szijjártó Péter,60,60,1.0
43,Fidesz,004W,Papp Zsolt,t023,Dr. Tilki Attila,197,190,0.9644670050761421
43,Fidesz,004W,Papp Zsolt,t062,Takács Péter,211,208,0.985781990521327
43,Fidesz,004W,Papp Zsolt,t687,Tuzson Bence,195,194,0.9948717948717949
43,Fidesz,004W,Papp Zsolt,v008,Dr. Vitányi István József,205,199,0.9707317073170731
43,Fidesz,004W,Papp Zsolt,v048,Varga Gábor,211,210,0.995260663507109
43,Fidesz,004W,Papp Zsolt,w704,Witzmann Mihály,209,207,0.9904306220095693
43,Fidesz,004W,Papp Zsolt,z004,Zsigó Róbert,184,183,0.9945652173913043
43,Fidesz,004W,Papp Zsolt,z014,Vitályos Eszter,208,206,0.9903846153846154
43,Fidesz,004X,Radics Béla,004Y,Szentkirályi Alexandra,157,157,1.0
43,Fidesz,004X,Radics Béla,004Z,Szűcs Gábor,125,123,0.984
43,Fidesz,004X,Radics Béla,a011,Ágh Péter,157,151,0.9617834394904459
43,Fidesz,004X,Radics Béla,b007,Balla György,148,147,0.9932432432432432
43,Fidesz,004X,Radics Béla,b008,Balla Mihály,152,151,0.993421052631579
43,Fidesz,004X,Radics Béla,b034,Bencsik János,158,144,0.9113924050632911
43,Fidesz,004X,Radics Béla,b076,Dr. Budai Gyula,104,98,0.9423076923076923
43,Fidesz,004X,Radics Béla,b130,Dr. Bóka János,152,152,1.0
43,Fidesz,004X,Radics Béla,g048,Gyopáros Alpár,142,141,0.9929577464788732
43,Fidesz,004X,Radics Béla,g053,Gulyás Gergely,136,133,0.9779411764705882
43,Fidesz,004X,Radics Béla,h074,Hidvéghi Balázs,139,139,1.0
43,Fidesz,004X,Radics Béla,h083,Héjj Dávid,149,142,0.9530201342281879
43,Fidesz,004X,Radics Béla,h092,Dr. Hankó Balázs,115,115,1.0
43,Fidesz,004X,Radics Béla,h366,Horváth László,147,145,0.9863945578231292
43,Fidesz,004X,Radics Béla,k100,Kocsis Máté,88,86,0.9772727272727273
43,Fidesz,004X,Radics Béla,k151,F. Kovács Sándor,135,133,0.9851851851851852
43,Fidesz,004X,Radics Béla,k163,Dr. Koncz Zsófia,154,153,0.9935064935064936
43,Fidesz,004X,Radics Béla,k765,Kovács Sándor,105,100,0.9523809523809523
43,Fidesz,004X,Radics Béla,l016,Lázár János,21,21,1.0
43,Fidesz,004X,Radics Béla,n004,V. Németh Zsolt,150,145,0.9666666666666667
43,Fidesz,004X,Radics Béla,n053,Nagy Bálint,158,156,0.9873417721518988
43,Fidesz,004X,Radics Béla,n322,Németh Zsolt,110,109,0.990909090909091
43,Fidesz,004X,Radics Béla,o015,Dr. Orbán Balázs,115,111,0.9652173913043478
43,Fidesz,004X,Radics Béla,p041,Pócs János,132,132,1.0
43,Fidesz,004X,Radics Béla,p067,Dr. Panyi Miklós,157,157,1.0
43,Fidesz,004X,Radics Béla,s054,Szijjártó Péter,35,34,0.9714285714285714
43,Fidesz,004X,Radics Béla,t023,Dr. Tilki Attila,137,130,0.948905109489051
43,Fidesz,004X,Radics Béla,t062,Takács Péter,152,151,0.993421052631579
43,Fidesz,004X,Radics Béla,t687,Tuzson Bence,137,136,0.9927007299270073
43,Fidesz,004X,Radics Béla,v008,Dr. Vitányi István József,137,133,0.9708029197080292
43,Fidesz,004X,Radics Béla,v048,Varga Gábor,150,148,0.9866666666666667
43,Fidesz,004X,Radics Béla,w704,Witzmann Mihály,155,152,0.9806451612903225
43,Fidesz,004X,Radics Béla,z004,Zsigó Róbert,143,142,0.993006993006993
43,Fidesz,004X,Radics Béla,z014,Vitályos Eszter,153,152,0.9934640522875817
43,Fidesz,004Y,Szentkirályi Alexandra,004Z,Szűcs Gábor,153,151,0.9869281045751634
43,Fidesz,004Y,Szentkirályi Alexandra,006F,Palóc André,29,29,1.0
43,Fidesz,004Y,Szentkirályi Alexandra,a011,Ágh Péter,237,230,0.9704641350210971
43,Fidesz,004Y,Szentkirályi Alexandra,b007,Balla György,229,228,0.9956331877729258
43,Fidesz,004Y,Szentkirályi Alexandra,b008,Balla Mihály,232,231,0.9956896551724138
43,Fidesz,004Y,Szentkirályi Alexandra,b034,Bencsik János,238,221,0.9285714285714286
43,Fidesz,004Y,Szentkirályi Alexandra,b076,Dr. Budai Gyula,126,119,0.9444444444444444
43,Fidesz,004Y,Szentkirályi Alexandra,b130,Dr. Bóka János,230,230,1.0
43,Fidesz,004Y,Szentkirályi Alexandra,g048,Gyopáros Alpár,220,219,0.9954545454545455
43,Fidesz,004Y,Szentkirályi Alexandra,g053,Gulyás Gergely,187,184,0.983957219251337
43,Fidesz,004Y,Szentkirályi Alexandra,h074,Hidvéghi Balázs,184,184,1.0
43,Fidesz,004Y,Szentkirályi Alexandra,h083,Héjj Dávid,228,220,0.9649122807017544
43,Fidesz,004Y,Szentkirályi Alexandra,h092,Dr. Hankó Balázs,158,158,1.0
43,Fidesz,004Y,Szentkirályi Alexandra,h366,Horváth László,224,222,0.9910714285714286
43,Fidesz,004Y,Szentkirályi Alexandra,k100,Kocsis Máté,160,157,0.98125
43,Fidesz,004Y,Szentkirályi Alexandra,k151,F. Kovács Sándor,214,211,0.985981308411215
43,Fidesz,004Y,Szentkirályi Alexandra,k163,Dr. Koncz Zsófia,233,232,0.9957081545064378
43,Fidesz,004Y,Szentkirályi Alexandra,k765,Kovács Sándor,158,152,0.9620253164556962
43,Fidesz,004Y,Szentkirályi Alexandra,l016,Lázár János,41,41,1.0
43,Fidesz,004Y,Szentkirályi Alexandra,n004,V. Németh Zsolt,231,225,0.974025974025974
43,Fidesz,004Y,Szentkirályi Alexandra,n053,Nagy Bálint,239,237,0.9916317991631799
43,Fidesz,004Y,Szentkirályi Alexandra,n322,Németh Zsolt,139,138,0.9928057553956835
43,Fidesz,004Y,Szentkirályi Alexandra,o015,Dr. Orbán Balázs,169,164,0.9704142011834319
43,Fidesz,004Y,Szentkirályi Alexandra,p041,Pócs János,170,169,0.9941176470588236
43,Fidesz,004Y,Szentkirályi Alexandra,p067,Dr. Panyi Miklós,205,204,0.9951219512195122
43,Fidesz,004Y,Szentkirályi Alexandra,s054,Szijjártó Péter,75,74,0.9866666666666667
43,Fidesz,004Y,Szentkirályi Alexandra,t023,Dr. Tilki Attila,217,208,0.9585253456221198
43,Fidesz,004Y,Szentkirályi Alexandra,t062,Takács Péter,226,224,0.9911504424778761
43,Fidesz,004Y,Szentkirályi Alexandra,t687,Tuzson Bence,216,215,0.9953703703703703
43,Fidesz,004Y,Szentkirályi Alexandra,v008,Dr. Vitányi István József,217,210,0.967741935483871
43,Fidesz,004Y,Szentkirályi Alexandra,v048,Varga Gábor,231,229,0.9913419913419913
43,Fidesz,004Y,Szentkirályi Alexandra,w704,Witzmann Mihály,233,230,0.9871244635193133
43,Fidesz,004Y,Szentkirályi Alexandra,z004,Zsigó Róbert,206,205,0.9951456310679612
43,Fidesz,004Y,Szentkirályi Alexandra,z014,Vitályos Eszter,230,228,0.991304347826087
43,Fidesz,004Z,Szűcs Gábor,a011,Ágh Péter,153,146,0.954248366013072
43,Fidesz,004Z,Szűcs Gábor,b007,Balla György,153,150,0.9803921568627451
43,Fidesz,004Z,Szűcs Gábor,b008,Balla Mihály,148,146,0.9864864864864865
43,Fidesz,004Z,Szűcs Gábor,b034,Bencsik János,153,144,0.9411764705882353
43,Fidesz,004Z,Szűcs Gábor,b076,Dr. Budai Gyula,107,101,0.9439252336448598
43,Fidesz,004Z,Szűcs Gábor,b130,Dr. Bóka János,145,144,0.993103448275862
43,Fidesz,004Z,Szűcs Gábor,g048,Gyopáros Alpár,141,139,0.9858156028368794
43,Fidesz,004Z,Szűcs Gábor,g053,Gulyás Gergely,138,134,0.9710144927536232
43,Fidesz,004Z,Szűcs Gábor,h074,Hidvéghi Balázs,128,127,0.9921875
43,Fidesz,004Z,Szűcs Gábor,h083,Héjj Dávid,146,139,0.952054794520548
43,Fidesz,004Z,Szűcs Gábor,h092,Dr. Hankó Balázs,122,122,1.0
43,Fidesz,004Z,Szűcs Gábor,h366,Horváth László,143,139,0.972027972027972
43,Fidesz,004Z,Szűcs Gábor,k100,Kocsis Máté,82,79,0.9634146341463414
43,Fidesz,004Z,Szűcs Gábor,k151,F. Kovács Sándor,131,128,0.9770992366412213
43,Fidesz,004Z,Szűcs Gábor,k163,Dr. Koncz Zsófia,148,145,0.9797297297297297
43,Fidesz,004Z,Szűcs Gábor,k765,Kovács Sándor,111,106,0.954954954954955
43,Fidesz,004Z,Szűcs Gábor,l016,Lázár János,21,21,1.0
43,Fidesz,004Z,Szűcs Gábor,n004,V. Németh Zsolt,146,141,0.9657534246575342
43,Fidesz,004Z,Szűcs Gábor,n053,Nagy Bálint,154,151,0.9805194805194806
43,Fidesz,004Z,Szűcs Gábor,n322,Németh Zsolt,84,83,0.9880952380952381
43,Fidesz,004Z,Szűcs Gábor,o015,Dr. Orbán Balázs,89,85,0.9550561797752809
43,Fidesz,004Z,Szűcs Gábor,p041,Pócs János,116,114,0.9827586206896551
43,Fidesz,004Z,Szűcs Gábor,p067,Dr. Panyi Miklós,147,144,0.9795918367346939
43,Fidesz,004Z,Szűcs Gábor,s054,Szijjártó Péter,41,40,0.975609756097561
43,Fidesz,004Z,Szűcs Gábor,t023,Dr. Tilki Attila,133,127,0.9548872180451128
43,Fidesz,004Z,Szűcs Gábor,t062,Takács Péter,141,139,0.9858156028368794
43,Fidesz,004Z,Szűcs Gábor,t687,Tuzson Bence,149,147,0.9865771812080537
43,Fidesz,004Z,Szűcs Gábor,v008,Dr. Vitányi István József,134,130,0.9701492537313433
43,Fidesz,004Z,Szűcs Gábor,v048,Varga Gábor,147,145,0.9863945578231292
43,Fidesz,004Z,Szűcs Gábor,w704,Witzmann Mihály,148,144,0.972972972972973
43,Fidesz,004Z,Szűcs Gábor,z004,Zsigó Róbert,129,126,0.9767441860465116
43,Fidesz,004Z,Szűcs Gábor,z014,Vitályos Eszter,146,143,0.9794520547945206
43,Fidesz,006F,Palóc André,a011,Ágh Péter,29,29,1.0
43,Fidesz,006F,Palóc André,b007,Balla György,26,26,1.0
43,Fidesz,006F,Palóc André,b008,Balla Mihály,29,29,1.0
43,Fidesz,006F,Palóc André,b034,Bencsik János,29,29,1.0
43,Fidesz,006F,Palóc André,b130,Dr. Bóka János,29,29,1.0
43,Fidesz,006F,Palóc André,g048,Gyopáros Alpár,28,28,1.0
43,Fidesz,006F,Palóc André,h074,Hidvéghi Balázs,29,29,1.0
43,Fidesz,006F,Palóc André,h083,Héjj Dávid,29,28,0.9655172413793104
43,Fidesz,006F,Palóc André,h092,Dr. Hankó Balázs,29,29,1.0
43,Fidesz,006F,Palóc André,h366,Horváth László,29,29,1.0
43,Fidesz,006F,Palóc André,k100,Kocsis Máté,28,28,1.0
43,Fidesz,006F,Palóc André,k151,F. Kovács Sándor,29,29,1.0
43,Fidesz,006F,Palóc André,k163,Dr. Koncz Zsófia,29,29,1.0
43,Fidesz,006F,Palóc André,n004,V. Németh Zsolt,29,29,1.0
43,Fidesz,006F,Palóc André,n053,Nagy Bálint,29,29,1.0
43,Fidesz,006F,Palóc André,n322,Németh Zsolt,29,29,1.0
43,Fidesz,006F,Palóc André,o015,Dr. Orbán Balázs,28,28,1.0
43,Fidesz,006F,Palóc André,p041,Pócs János,27,27,1.0
43,Fidesz,006F,Palóc André,p067,Dr. Panyi Miklós,29,29,1.0
43,Fidesz,006F,Palóc André,t023,Dr. Tilki Attila,29,29,1.0
43,Fidesz,006F,Palóc André,t062,Takács Péter,29,28,0.9655172413793104
43,Fidesz,006F,Palóc André,t687,Tuzson Bence,29,29,1.0
43,Fidesz,006F,Palóc André,v008,Dr. Vitányi István József,29,27,0.9310344827586207
43,Fidesz,006F,Palóc André,v048,Varga Gábor,29,29,1.0
43,Fidesz,006F,Palóc André,w704,Witzmann Mihály,29,29,1.0
43,Fidesz,006F,Palóc André,z004,Zsigó Róbert,26,26,1.0
43,Fidesz,006F,Palóc André,z014,Vitályos Eszter,29,29,1.0
43,Fidesz,a011,Ágh Péter,b007,Balla György,229,221,0.9650655021834061
43,Fidesz,a011,Ágh Péter,b008,Balla Mihály,232,224,0.9655172413793104
43,Fidesz,a011,Ágh Péter,b034,Bencsik János,238,217,0.9117647058823529
43,Fidesz,a011,Ágh Péter,b076,Dr. Budai Gyula,126,122,0.9682539682539683
43,Fidesz,a011,Ágh Péter,b130,Dr. Bóka János,230,223,0.9695652173913043
43,Fidesz,a011,Ágh Péter,g048,Gyopáros Alpár,220,215,0.9772727272727273
43,Fidesz,a011,Ágh Péter,g053,Gulyás Gergely,188,180,0.9574468085106383
43,Fidesz,a011,Ágh Péter,h074,Hidvéghi Balázs,184,177,0.9619565217391305
43,Fidesz,a011,Ágh Péter,h083,Héjj Dávid,228,218,0.956140350877193
43,Fidesz,a011,Ágh Péter,h092,Dr. Hankó Balázs,159,155,0.9748427672955975
43,Fidesz,a011,Ágh Péter,h366,Horváth László,224,219,0.9776785714285714
43,Fidesz,a011,Ágh Péter,k100,Kocsis Máté,161,157,0.9751552795031055
43,Fidesz,a011,Ágh Péter,k151,F. Kovács Sándor,214,209,0.9766355140186916
43,Fidesz,a011,Ágh Péter,k163,Dr. Koncz Zsófia,233,225,0.9656652360515021
43,Fidesz,a011,Ágh Péter,k765,Kovács Sándor,159,155,0.9748427672955975
43,Fidesz,a011,Ágh Péter,l016,Lázár János,41,41,1.0
43,Fidesz,a011,Ágh Péter,n004,V. Németh Zsolt,231,226,0.9783549783549783
43,Fidesz,a011,Ágh Péter,n053,Nagy Bálint,239,234,0.9790794979079498
43,Fidesz,a011,Ágh Péter,n322,Németh Zsolt,138,133,0.9637681159420289
43,Fidesz,a011,Ágh Péter,o015,Dr. Orbán Balázs,169,168,0.9940828402366864
43,Fidesz,a011,Ágh Péter,p041,Pócs János,170,163,0.9588235294117647
43,Fidesz,a011,Ágh Péter,p067,Dr. Panyi Miklós,205,199,0.9707317073170731
43,Fidesz,a011,Ágh Péter,s054,Szijjártó Péter,76,75,0.9868421052631579
43,Fidesz,a011,Ágh Péter,t023,Dr. Tilki Attila,217,212,0.9769585253456221
43,Fidesz,a011,Ágh Péter,t062,Takács Péter,226,220,0.9734513274336283
43,Fidesz,a011,Ágh Péter,t687,Tuzson Bence,215,208,0.9674418604651163
43,Fidesz,a011,Ágh Péter,v008,Dr. Vitányi István József,217,205,0.9447004608294931
43,Fidesz,a011,Ágh Péter,v048,Varga Gábor,231,224,0.9696969696969697
43,Fidesz,a011,Ágh Péter,w704,Witzmann Mihály,234,228,0.9743589743589743
43,Fidesz,a011,Ágh Péter,z004,Zsigó Róbert,206,198,0.9611650485436893
43,Fidesz,a011,Ágh Péter,z014,Vitályos Eszter,231,224,0.9696969696969697
43,Fidesz,b007,Balla György,b008,Balla Mihály,224,222,0.9910714285714286
43,Fidesz,b007,Balla György,b034,Bencsik János,230,211,0.9173913043478261
43,Fidesz,b007,Balla György,b076,Dr. Budai Gyula,127,120,0.9448818897637795
43,Fidesz,b007,Balla György,b130,Dr. Bóka János,222,221,0.9954954954954955
43,Fidesz,b007,Balla György,g048,Gyopáros Alpár,212,210,0.9905660377358491
43,Fidesz,b007,Balla György,g053,Gulyás Gergely,188,184,0.9787234042553191
43,Fidesz,b007,Balla György,h074,Hidvéghi Balázs,176,175,0.9943181818181818
43,Fidesz,b007,Balla György,h083,Héjj Dávid,220,213,0.9681818181818181
43,Fidesz,b007,Balla György,h092,Dr. Hankó Balázs,149,148,0.9932885906040269
43,Fidesz,b007,Balla György,h366,Horváth László,216,213,0.9861111111111112
43,Fidesz,b007,Balla György,k100,Kocsis Máté,152,149,0.9802631578947368
43,Fidesz,b007,Balla György,k151,F. Kovács Sándor,206,202,0.9805825242718447
43,Fidesz,b007,Balla György,k163,Dr. Koncz Zsófia,225,223,0.9911111111111112
43,Fidesz,b007,Balla György,k765,Kovács Sándor,159,152,0.9559748427672956
43,Fidesz,b007,Balla György,l016,Lázár János,41,40,0.975609756097561
43,Fidesz,b007,Balla György,n004,V. Németh Zsolt,223,216,0.968609865470852
43,Fidesz,b007,Balla György,n053,Nagy Bálint,231,228,0.987012987012987
43,Fidesz,b007,Balla György,n322,Németh Zsolt,131,129,0.9847328244274809
43,Fidesz,b007,Balla György,o015,Dr. Orbán Balázs,160,154,0.9625
43,Fidesz,b007,Balla György,p041,Pócs János,162,160,0.9876543209876543
43,Fidesz,b007,Balla György,p067,Dr. Panyi Miklós,197,195,0.9898477157360406
43,Fidesz,b007,Balla György,s054,Szijjártó Péter,76,75,0.9868421052631579
43,Fidesz,b007,Balla György,t023,Dr. Tilki Attila,209,199,0.9521531100478469
43,Fidesz,b007,Balla György,t062,Takács Péter,218,215,0.9862385321100917
43,Fidesz,b007,Balla György,t687,Tuzson Bence,207,205,0.9903381642512077
43,Fidesz,b007,Balla György,v008,Dr. Vitányi István József,209,201,0.9617224880382775
43,Fidesz,b007,Balla György,v048,Varga Gábor,223,220,0.9865470852017937
43,Fidesz,b007,Balla György,w704,Witzmann Mihály,225,221,0.9822222222222222
43,Fidesz,b007,Balla György,z004,Zsigó Róbert,206,204,0.9902912621359223
43,Fidesz,b007,Balla György,z014,Vitályos Eszter,223,220,0.9865470852017937
43,Fidesz,b008,Balla Mihály,b034,Bencsik János,233,214,0.9184549356223176
43,Fidesz,b008,Balla Mihály,b076,Dr. Budai Gyula,125,117,0.936
43,Fidesz,b008,Balla Mihály,b130,Dr. Bóka János,229,228,0.9956331877729258
43,Fidesz,b008,Balla Mihály,g048,Gyopáros Alpár,220,218,0.990909090909091
43,Fidesz,b008,Balla Mihály,g053,Gulyás Gergely,186,182,0.978494623655914
43,Fidesz,b008,Balla Mihály,h074,Hidvéghi Balázs,185,184,0.9945945945945946
43,Fidesz,b008,Balla Mihály,h083,Héjj Dávid,227,218,0.960352422907489
43,Fidesz,b008,Balla Mihály,h092,Dr. Hankó Balázs,157,156,0.9936305732484076
43,Fidesz,b008,Balla Mihály,h366,Horváth László,220,217,0.9863636363636363
43,Fidesz,b008,Balla Mihály,k100,Kocsis Máté,159,156,0.9811320754716981
43,Fidesz,b008,Balla Mihály,k151,F. Kovács Sándor,213,209,0.9812206572769953
43,Fidesz,b008,Balla Mihály,k163,Dr. Koncz Zsófia,228,226,0.9912280701754386
43,Fidesz,b008,Balla Mihály,k765,Kovács Sándor,158,152,0.9620253164556962
43,Fidesz,b008,Balla Mihály,l016,Lázár János,41,40,0.975609756097561
43,Fidesz,b008,Balla Mihály,n004,V. Németh Zsolt,230,223,0.9695652173913043
43,Fidesz,b008,Balla Mihály,n053,Nagy Bálint,234,231,0.9871794871794872
43,Fidesz,b008,Balla Mihály,n322,Németh Zsolt,140,139,0.9928571428571429
43,Fidesz,b008,Balla Mihály,o015,Dr. Orbán Balázs,169,163,0.9644970414201184
43,Fidesz,b008,Balla Mihály,p041,Pócs János,166,165,0.9939759036144579
43,Fidesz,b008,Balla Mihály,p067,Dr. Panyi Miklós,201,199,0.9900497512437811
43,Fidesz,b008,Balla Mihály,s054,Szijjártó Péter,74,73,0.9864864864864865
43,Fidesz,b008,Balla Mihály,t023,Dr. Tilki Attila,216,206,0.9537037037037037
43,Fidesz,b008,Balla Mihály,t062,Takács Péter,222,219,0.9864864864864865
43,Fidesz,b008,Balla Mihály,t687,Tuzson Bence,214,212,0.9906542056074766
43,Fidesz,b008,Balla Mihály,v008,Dr. Vitányi István József,217,209,0.9631336405529954
43,Fidesz,b008,Balla Mihály,v048,Varga Gábor,230,227,0.9869565217391304
43,Fidesz,b008,Balla Mihály,w704,Witzmann Mihály,228,224,0.9824561403508771
43,Fidesz,b008,Balla Mihály,z004,Zsigó Róbert,200,199,0.995
43,Fidesz,b008,Balla Mihály,z014,Vitályos Eszter,225,222,0.9866666666666667
43,Fidesz,b034,Bencsik János,b076,Dr. Budai Gyula,126,109,0.8650793650793651
43,Fidesz,b034,Bencsik János,b130,Dr. Bóka János,231,213,0.922077922077922
43,Fidesz,b034,Bencsik János,g048,Gyopáros Alpár,222,207,0.9324324324324325
43,Fidesz,b034,Bencsik János,g053,Gulyás Gergely,188,171,0.9095744680851063
43,Fidesz,b034,Bencsik János,h074,Hidvéghi Balázs,186,170,0.9139784946236559
43,Fidesz,b034,Bencsik János,h083,Héjj Dávid,229,206,0.8995633187772926
43,Fidesz,b034,Bencsik János,h092,Dr. Hankó Balázs,158,151,0.9556962025316456
43,Fidesz,b034,Bencsik János,h366,Horváth László,225,209,0.9288888888888889
43,Fidesz,b034,Bencsik János,k100,Kocsis Máté,161,145,0.9006211180124224
43,Fidesz,b034,Bencsik János,k151,F. Kovács Sándor,215,200,0.9302325581395349
43,Fidesz,b034,Bencsik János,k163,Dr. Koncz Zsófia,234,216,0.9230769230769231
43,Fidesz,b034,Bencsik János,k765,Kovács Sándor,160,143,0.89375
43,Fidesz,b034,Bencsik János,l016,Lázár János,41,40,0.975609756097561
43,Fidesz,b034,Bencsik János,n004,V. Németh Zsolt,232,211,0.9094827586206896
43,Fidesz,b034,Bencsik János,n053,Nagy Bálint,240,224,0.9333333333333333
43,Fidesz,b034,Bencsik János,n322,Németh Zsolt,140,127,0.9071428571428571
43,Fidesz,b034,Bencsik János,o015,Dr. Orbán Balázs,170,155,0.9117647058823529
43,Fidesz,b034,Bencsik János,p041,Pócs János,171,157,0.9181286549707602
43,Fidesz,b034,Bencsik János,p067,Dr. Panyi Miklós,206,188,0.912621359223301
43,Fidesz,b034,Bencsik János,s054,Szijjártó Péter,76,67,0.881578947368421
43,Fidesz,b034,Bencsik János,t023,Dr. Tilki Attila,218,196,0.8990825688073395
43,Fidesz,b034,Bencsik János,t062,Takács Péter,227,208,0.9162995594713657
43,Fidesz,b034,Bencsik János,t687,Tuzson Bence,216,206,0.9537037037037037
43,Fidesz,b034,Bencsik János,v008,Dr. Vitányi István József,218,198,0.908256880733945
43,Fidesz,b034,Bencsik János,v048,Varga Gábor,232,215,0.9267241379310345
43,Fidesz,b034,Bencsik János,w704,Witzmann Mihály,234,217,0.9273504273504274
43,Fidesz,b034,Bencsik János,z004,Zsigó Róbert,206,189,0.9174757281553398
43,Fidesz,b034,Bencsik János,z014,Vitályos Eszter,231,213,0.922077922077922
43,Fidesz,b076,Dr. Budai Gyula,b130,Dr. Bóka János,125,118,0.944
43,Fidesz,b076,Dr. Budai Gyula,g048,Gyopáros Alpár,117,112,0.9572649572649573
43,Fidesz,b076,Dr. Budai Gyula,g053,Gulyás Gergely,121,113,0.9338842975206612
43,Fidesz,b076,Dr. Budai Gyula,h074,Hidvéghi Balázs,109,102,0.9357798165137615
43,Fidesz,b076,Dr. Budai Gyula,h083,Héjj Dávid,122,115,0.9426229508196722
43,Fidesz,b076,Dr. Budai Gyula,h092,Dr. Hankó Balázs,88,85,0.9659090909090909
43,Fidesz,b076,Dr. Budai Gyula,h366,Horváth László,117,112,0.9572649572649573
43,Fidesz,b076,Dr. Budai Gyula,k100,Kocsis Máté,94,91,0.9680851063829787
43,Fidesz,b076,Dr. Budai Gyula,k151,F. Kovács Sándor,108,103,0.9537037037037037
43,Fidesz,b076,Dr. Budai Gyula,k163,Dr. Koncz Zsófia,126,118,0.9365079365079365
43,Fidesz,b076,Dr. Budai Gyula,k765,Kovács Sándor,86,84,0.9767441860465116
43,Fidesz,b076,Dr. Budai Gyula,n004,V. Németh Zsolt,126,119,0.9444444444444444
43,Fidesz,b076,Dr. Budai Gyula,n053,Nagy Bálint,127,122,0.9606299212598425
43,Fidesz,b076,Dr. Budai Gyula,n322,Németh Zsolt,68,64,0.9411764705882353
43,Fidesz,b076,Dr. Budai Gyula,o015,Dr. Orbán Balázs,75,74,0.9866666666666667
43,Fidesz,b076,Dr. Budai Gyula,p041,Pócs János,95,88,0.9263157894736842
43,Fidesz,b076,Dr. Budai Gyula,p067,Dr. Panyi Miklós,121,115,0.9504132231404959
43,Fidesz,b076,Dr. Budai Gyula,s054,Szijjártó Péter,49,47,0.9591836734693877
43,Fidesz,b076,Dr. Budai Gyula,t023,Dr. Tilki Attila,110,106,0.9636363636363636
43,Fidesz,b076,Dr. Budai Gyula,t062,Takács Péter,120,116,0.9666666666666667
43,Fidesz,b076,Dr. Budai Gyula,t687,Tuzson Bence,112,105,0.9375
43,Fidesz,b076,Dr. Budai Gyula,v008,Dr. Vitányi István József,114,105,0.9210526315789473
43,Fidesz,b076,Dr. Budai Gyula,v048,Varga Gábor,124,117,0.9435483870967742
43,Fidesz,b076,Dr. Budai Gyula,w704,Witzmann Mihály,127,121,0.952755905511811
43,Fidesz,b076,Dr. Budai Gyula,z004,Zsigó Róbert,110,103,0.9363636363636364
43,Fidesz,b076,Dr. Budai Gyula,z014,Vitályos Eszter,123,116,0.943089430894309
43,Fidesz,b130,Dr. Bóka János,g048,Gyopáros Alpár,217,216,0.9953917050691244
43,Fidesz,b130,Dr. Bóka János,g053,Gulyás Gergely,187,184,0.983957219251337
43,Fidesz,b130,Dr. Bóka János,h074,Hidvéghi Balázs,186,186,1.0
43,Fidesz,b130,Dr. Bóka János,h083,Héjj Dávid,226,218,0.9646017699115044
43,Fidesz,b130,Dr. Bóka János,h092,Dr. Hankó Balázs,154,154,1.0
43,Fidesz,b130,Dr. Bóka János,h366,Horváth László,219,217,0.9908675799086758
43,Fidesz,b130,Dr. Bóka János,k100,Kocsis Máté,159,156,0.9811320754716981
43,Fidesz,b130,Dr. Bóka János,k151,F. Kovács Sándor,211,208,0.985781990521327
43,Fidesz,b130,Dr. Bóka János,k163,Dr. Koncz Zsófia,229,228,0.9956331877729258
43,Fidesz,b130,Dr. Bóka János,k765,Kovács Sándor,156,150,0.9615384615384616
43,Fidesz,b130,Dr. Bóka János,l016,Lázár János,41,41,1.0
43,Fidesz,b130,Dr. Bóka János,n004,V. Németh Zsolt,229,223,0.9737991266375546
43,Fidesz,b130,Dr. Bóka János,n053,Nagy Bálint,232,230,0.9913793103448276
43,Fidesz,b130,Dr. Bóka János,n322,Németh Zsolt,137,136,0.9927007299270073
43,Fidesz,b130,Dr. Bóka János,o015,Dr. Orbán Balázs,170,165,0.9705882352941176
43,Fidesz,b130,Dr. Bóka János,p041,Pócs János,162,162,1.0
43,Fidesz,b130,Dr. Bóka János,p067,Dr. Panyi Miklós,198,197,0.9949494949494949
43,Fidesz,b130,Dr. Bóka János,s054,Szijjártó Péter,74,73,0.9864864864864865
43,Fidesz,b130,Dr. Bóka János,t023,Dr. Tilki Attila,214,206,0.9626168224299065
43,Fidesz,b130,Dr. Bóka János,t062,Takács Péter,219,217,0.9908675799086758
43,Fidesz,b130,Dr. Bóka János,t687,Tuzson Bence,212,211,0.9952830188679245
43,Fidesz,b130,Dr. Bóka János,v008,Dr. Vitányi István József,215,208,0.9674418604651163
43,Fidesz,b130,Dr. Bóka János,v048,Varga Gábor,228,226,0.9912280701754386
43,Fidesz,b130,Dr. Bóka János,w704,Witzmann Mihály,229,226,0.9868995633187773
43,Fidesz,b130,Dr. Bóka János,z004,Zsigó Róbert,201,201,1.0
43,Fidesz,b130,Dr. Bóka János,z014,Vitályos Eszter,224,222,0.9910714285714286
43,Fidesz,g048,Gyopáros Alpár,g053,Gulyás Gergely,178,176,0.9887640449438202
43,Fidesz,g048,Gyopáros Alpár,h074,Hidvéghi Balázs,175,174,0.9942857142857143
43,Fidesz,g048,Gyopáros Alpár,h083,Héjj Dávid,217,210,0.967741935483871
43,Fidesz,g048,Gyopáros Alpár,h092,Dr. Hankó Balázs,149,148,0.9932885906040269
43,Fidesz,g048,Gyopáros Alpár,h366,Horváth László,212,211,0.9952830188679245
43,Fidesz,g048,Gyopáros Alpár,k100,Kocsis Máté,158,156,0.9873417721518988
43,Fidesz,g048,Gyopáros Alpár,k151,F. Kovács Sándor,201,198,0.9850746268656716
43,Fidesz,g048,Gyopáros Alpár,k163,Dr. Koncz Zsófia,217,215,0.9907834101382489
43,Fidesz,g048,Gyopáros Alpár,k765,Kovács Sándor,150,147,0.98
43,Fidesz,g048,Gyopáros Alpár,l016,Lázár János,40,40,1.0
43,Fidesz,g048,Gyopáros Alpár,n004,V. Németh Zsolt,221,215,0.9728506787330317
43,Fidesz,g048,Gyopáros Alpár,n053,Nagy Bálint,222,221,0.9954954954954955
43,Fidesz,g048,Gyopáros Alpár,n322,Németh Zsolt,132,132,1.0
43,Fidesz,g048,Gyopáros Alpár,o015,Dr. Orbán Balázs,165,161,0.9757575757575757
43,Fidesz,g048,Gyopáros Alpár,p041,Pócs János,158,156,0.9873417721518988
43,Fidesz,g048,Gyopáros Alpár,p067,Dr. Panyi Miklós,188,186,0.9893617021276596
43,Fidesz,g048,Gyopáros Alpár,s054,Szijjártó Péter,75,74,0.9866666666666667
43,Fidesz,g048,Gyopáros Alpár,t023,Dr. Tilki Attila,205,197,0.9609756097560975
43,Fidesz,g048,Gyopáros Alpár,t062,Takács Péter,210,208,0.9904761904761905
43,Fidesz,g048,Gyopáros Alpár,t687,Tuzson Bence,202,200,0.9900990099009901
43,Fidesz,g048,Gyopáros Alpár,v008,Dr. Vitányi István József,207,199,0.961352657004831
43,Fidesz,g048,Gyopáros Alpár,v048,Varga Gábor,218,215,0.9862385321100917
43,Fidesz,g048,Gyopáros Alpár,w704,Witzmann Mihály,217,215,0.9907834101382489
43,Fidesz,g048,Gyopáros Alpár,z004,Zsigó Róbert,193,192,0.9948186528497409
43,Fidesz,g048,Gyopáros Alpár,z014,Vitályos Eszter,214,211,0.985981308411215
43,Fidesz,g053,Gulyás Gergely,h074,Hidvéghi Balázs,145,143,0.9862068965517241
43,Fidesz,g053,Gulyás Gergely,h083,Héjj Dávid,184,177,0.9619565217391305
43,Fidesz,g053,Gulyás Gergely,h092,Dr. Hankó Balázs,116,113,0.9741379310344828
43,Fidesz,g053,Gulyás Gergely,h366,Horváth László,177,175,0.9887005649717514
43,Fidesz,g053,Gulyás Gergely,k100,Kocsis Máté,121,117,0.9669421487603306
43,Fidesz,g053,Gulyás Gergely,k151,F. Kovács Sándor,168,163,0.9702380952380952
43,Fidesz,g053,Gulyás Gergely,k163,Dr. Koncz Zsófia,188,186,0.9893617021276596
43,Fidesz,g053,Gulyás Gergely,k765,Kovács Sándor,149,143,0.959731543624161
43,Fidesz,g053,Gulyás Gergely,l016,Lázár János,41,41,1.0
43,Fidesz,g053,Gulyás Gergely,n004,V. Németh Zsolt,187,178,0.9518716577540107
43,Fidesz,g053,Gulyás Gergely,n053,Nagy Bálint,189,186,0.9841269841269841
43,Fidesz,g053,Gulyás Gergely,n322,Németh Zsolt,97,96,0.9896907216494846
43,Fidesz,g053,Gulyás Gergely,o015,Dr. Orbán Balázs,131,125,0.9541984732824428
43,Fidesz,g053,Gulyás Gergely,p041,Pócs János,129,126,0.9767441860465116
43,Fidesz,g053,Gulyás Gergely,p067,Dr. Panyi Miklós,156,152,0.9743589743589743
43,Fidesz,g053,Gulyás Gergely,s054,Szijjártó Péter,72,70,0.9722222222222222
43,Fidesz,g053,Gulyás Gergely,t023,Dr. Tilki Attila,172,163,0.9476744186046512
43,Fidesz,g053,Gulyás Gergely,t062,Takács Péter,178,174,0.9775280898876404
43,Fidesz,g053,Gulyás Gergely,t687,Tuzson Bence,170,168,0.9882352941176471
43,Fidesz,g053,Gulyás Gergely,v008,Dr. Vitányi István József,176,169,0.9602272727272727
43,Fidesz,g053,Gulyás Gergely,v048,Varga Gábor,186,182,0.978494623655914
43,Fidesz,g053,Gulyás Gergely,w704,Witzmann Mihály,189,186,0.9841269841269841
43,Fidesz,g053,Gulyás Gergely,z004,Zsigó Róbert,171,168,0.9824561403508771
43,Fidesz,g053,Gulyás Gergely,z014,Vitályos Eszter,186,181,0.9731182795698925
43,Fidesz,h074,Hidvéghi Balázs,h083,Héjj Dávid,180,173,0.9611111111111111
43,Fidesz,h074,Hidvéghi Balázs,h092,Dr. Hankó Balázs,139,139,1.0
43,Fidesz,h074,Hidvéghi Balázs,h366,Horváth László,176,174,0.9886363636363636
43,Fidesz,h074,Hidvéghi Balázs,k100,Kocsis Máté,117,114,0.9743589743589743
43,Fidesz,h074,Hidvéghi Balázs,k151,F. Kovács Sándor,169,166,0.9822485207100592
43,Fidesz,h074,Hidvéghi Balázs,k163,Dr. Koncz Zsófia,184,183,0.9945652173913043
43,Fidesz,h074,Hidvéghi Balázs,k765,Kovács Sándor,121,115,0.9504132231404959
43,Fidesz,h074,Hidvéghi Balázs,l016,Lázár János,21,21,1.0
43,Fidesz,h074,Hidvéghi Balázs,n004,V. Németh Zsolt,183,177,0.9672131147540983
43,Fidesz,h074,Hidvéghi Balázs,n053,Nagy Bálint,186,184,0.989247311827957
43,Fidesz,h074,Hidvéghi Balázs,n322,Németh Zsolt,135,134,0.9925925925925926
43,Fidesz,h074,Hidvéghi Balázs,o015,Dr. Orbán Balázs,145,140,0.9655172413793104
43,Fidesz,h074,Hidvéghi Balázs,p041,Pócs János,152,152,1.0
43,Fidesz,h074,Hidvéghi Balázs,p067,Dr. Panyi Miklós,182,181,0.9945054945054945
43,Fidesz,h074,Hidvéghi Balázs,s054,Szijjártó Péter,43,42,0.9767441860465116
43,Fidesz,h074,Hidvéghi Balázs,t023,Dr. Tilki Attila,169,163,0.9644970414201184
43,Fidesz,h074,Hidvéghi Balázs,t062,Takács Péter,174,172,0.9885057471264368
43,Fidesz,h074,Hidvéghi Balázs,t687,Tuzson Bence,168,167,0.9940476190476191
43,Fidesz,h074,Hidvéghi Balázs,v008,Dr. Vitányi István József,174,168,0.9655172413793104
43,Fidesz,h074,Hidvéghi Balázs,v048,Varga Gábor,182,180,0.989010989010989
43,Fidesz,h074,Hidvéghi Balázs,w704,Witzmann Mihály,185,182,0.9837837837837838
43,Fidesz,h074,Hidvéghi Balázs,z004,Zsigó Róbert,157,157,1.0
43,Fidesz,h074,Hidvéghi Balázs,z014,Vitályos Eszter,180,178,0.9888888888888889
43,Fidesz,h083,Héjj Dávid,h092,Dr. Hankó Balázs,156,151,0.967948717948718
43,Fidesz,h083,Héjj Dávid,h366,Horváth László,220,214,0.9727272727272728
43,Fidesz,h083,Héjj Dávid,k100,Kocsis Máté,157,152,0.9681528662420382
43,Fidesz,h083,Héjj Dávid,k151,F. Kovács Sándor,209,199,0.9521531100478469
43,Fidesz,h083,Héjj Dávid,k163,Dr. Koncz Zsófia,226,217,0.9601769911504425
43,Fidesz,h083,Héjj Dávid,k765,Kovács Sándor,153,149,0.9738562091503268
43,Fidesz,h083,Héjj Dávid,l016,Lázár János,41,39,0.9512195121951219
43,Fidesz,h083,Héjj Dávid,n004,V. Németh Zsolt,228,217,0.9517543859649122
43,Fidesz,h083,Héjj Dávid,n053,Nagy Bálint,230,222,0.9652173913043478
43,Fidesz,h083,Héjj Dávid,n322,Németh Zsolt,135,134,0.9925925925925926
43,Fidesz,h083,Héjj Dávid,o015,Dr. Orbán Balázs,166,158,0.9518072289156626
43,Fidesz,h083,Héjj Dávid,p041,Pócs János,164,160,0.975609756097561
43,Fidesz,h083,Héjj Dávid,p067,Dr. Panyi Miklós,197,190,0.9644670050761421
43,Fidesz,h083,Héjj Dávid,s054,Szijjártó Péter,75,72,0.96
43,Fidesz,h083,Héjj Dávid,t023,Dr. Tilki Attila,212,200,0.9433962264150944
43,Fidesz,h083,Héjj Dávid,t062,Takács Péter,219,212,0.9680365296803652
43,Fidesz,h083,Héjj Dávid,t687,Tuzson Bence,212,203,0.9575471698113207
43,Fidesz,h083,Héjj Dávid,v008,Dr. Vitányi István József,212,198,0.9339622641509434
43,Fidesz,h083,Héjj Dávid,v048,Varga Gábor,226,216,0.9557522123893806
43,Fidesz,h083,Héjj Dávid,w704,Witzmann Mihály,225,216,0.96
43,Fidesz,h083,Héjj Dávid,z004,Zsigó Róbert,200,194,0.97
43,Fidesz,h083,Héjj Dávid,z014,Vitályos Eszter,222,216,0.972972972972973
43,Fidesz,h092,Dr. Hankó Balázs,h366,Horváth László,147,146,0.9931972789115646
43,Fidesz,h092,Dr. Hankó Balázs,k100,Kocsis Máté,99,98,0.98989898989899
43,Fidesz,h092,Dr. Hankó Balázs,k151,F. Kovács Sándor,142,141,0.9929577464788732
43,Fidesz,h092,Dr. Hankó Balázs,k163,Dr. Koncz Zsófia,154,153,0.9935064935064936
43,Fidesz,h092,Dr. Hankó Balázs,k765,Kovács Sándor,89,87,0.9775280898876404
43,Fidesz,h092,Dr. Hankó Balázs,n004,V. Németh Zsolt,155,152,0.9806451612903225
43,Fidesz,h092,Dr. Hankó Balázs,n053,Nagy Bálint,159,158,0.9937106918238994
43,Fidesz,h092,Dr. Hankó Balázs,n322,Németh Zsolt,116,115,0.9913793103448276
43,Fidesz,h092,Dr. Hankó Balázs,o015,Dr. Orbán Balázs,106,104,0.9811320754716981
43,Fidesz,h092,Dr. Hankó Balázs,p041,Pócs János,136,135,0.9926470588235294
43,Fidesz,h092,Dr. Hankó Balázs,p067,Dr. Panyi Miklós,152,152,1.0
43,Fidesz,h092,Dr. Hankó Balázs,s054,Szijjártó Péter,26,26,1.0
43,Fidesz,h092,Dr. Hankó Balázs,t023,Dr. Tilki Attila,142,138,0.971830985915493
43,Fidesz,h092,Dr. Hankó Balázs,t062,Takács Péter,158,157,0.9936708860759493
43,Fidesz,h092,Dr. Hankó Balázs,t687,Tuzson Bence,158,157,0.9936708860759493
43,Fidesz,h092,Dr. Hankó Balázs,v008,Dr. Vitányi István József,152,146,0.9605263157894737
43,Fidesz,h092,Dr. Hankó Balázs,v048,Varga Gábor,156,155,0.9935897435897436
43,Fidesz,h092,Dr. Hankó Balázs,w704,Witzmann Mihály,155,153,0.9870967741935484
43,Fidesz,h092,Dr. Hankó Balázs,z004,Zsigó Róbert,132,132,1.0
43,Fidesz,h092,Dr. Hankó Balázs,z014,Vitályos Eszter,153,153,1.0
43,Fidesz,h366,Horváth László,k100,Kocsis Máté,153,151,0.9869281045751634
43,Fidesz,h366,Horváth László,k151,F. Kovács Sándor,201,197,0.9800995024875622
43,Fidesz,h366,Horváth László,k163,Dr. Koncz Zsófia,223,220,0.9865470852017937
43,Fidesz,h366,Horváth László,k765,Kovács Sándor,148,144,0.972972972972973
43,Fidesz,h366,Horváth László,l016,Lázár János,41,41,1.0
43,Fidesz,h366,Horváth László,n004,V. Németh Zsolt,222,216,0.972972972972973
43,Fidesz,h366,Horváth László,n053,Nagy Bálint,226,224,0.9911504424778761
43,Fidesz,h366,Horváth László,n322,Németh Zsolt,135,135,1.0
43,Fidesz,h366,Horváth László,o015,Dr. Orbán Balázs,164,160,0.975609756097561
43,Fidesz,h366,Horváth László,p041,Pócs János,164,162,0.9878048780487805
43,Fidesz,h366,Horváth László,p067,Dr. Panyi Miklós,194,192,0.9896907216494846
43,Fidesz,h366,Horváth László,s054,Szijjártó Péter,74,72,0.972972972972973
43,Fidesz,h366,Horváth László,t023,Dr. Tilki Attila,204,197,0.9656862745098039
43,Fidesz,h366,Horváth László,t062,Takács Péter,215,212,0.986046511627907
43,Fidesz,h366,Horváth László,t687,Tuzson Bence,203,200,0.9852216748768473
43,Fidesz,h366,Horváth László,v008,Dr. Vitányi István József,205,197,0.9609756097560975
43,Fidesz,h366,Horváth László,v048,Varga Gábor,218,214,0.981651376146789
43,Fidesz,h366,Horváth László,w704,Witzmann Mihály,222,219,0.9864864864864865
43,Fidesz,h366,Horváth László,z004,Zsigó Róbert,197,194,0.9847715736040609
43,Fidesz,h366,Horváth László,z014,Vitályos Eszter,220,217,0.9863636363636363
43,Fidesz,k100,Kocsis Máté,k151,F. Kovács Sándor,140,137,0.9785714285714285
43,Fidesz,k100,Kocsis Máté,k163,Dr. Koncz Zsófia,160,156,0.975
43,Fidesz,k100,Kocsis Máté,k765,Kovács Sándor,109,106,0.9724770642201835
43,Fidesz,k100,Kocsis Máté,l016,Lázár János,28,28,1.0
43,Fidesz,k100,Kocsis Máté,n004,V. Németh Zsolt,160,154,0.9625
43,Fidesz,k100,Kocsis Máté,n053,Nagy Bálint,161,158,0.9813664596273292
43,Fidesz,k100,Kocsis Máté,n322,Németh Zsolt,83,82,0.9879518072289156
43,Fidesz,k100,Kocsis Máté,o015,Dr. Orbán Balázs,113,111,0.9823008849557522
43,Fidesz,k100,Kocsis Máté,p041,Pócs János,101,98,0.9702970297029703
43,Fidesz,k100,Kocsis Máté,p067,Dr. Panyi Miklós,128,126,0.984375
43,Fidesz,k100,Kocsis Máté,s054,Szijjártó Péter,75,73,0.9733333333333334
43,Fidesz,k100,Kocsis Máté,t023,Dr. Tilki Attila,143,137,0.958041958041958
43,Fidesz,k100,Kocsis Máté,t062,Takács Péter,152,149,0.9802631578947368
43,Fidesz,k100,Kocsis Máté,t687,Tuzson Bence,142,139,0.9788732394366197
43,Fidesz,k100,Kocsis Máté,v008,Dr. Vitányi István József,149,142,0.9530201342281879
43,Fidesz,k100,Kocsis Máté,v048,Varga Gábor,158,153,0.9683544303797469
43,Fidesz,k100,Kocsis Máté,w704,Witzmann Mihály,161,157,0.9751552795031055
43,Fidesz,k100,Kocsis Máté,z004,Zsigó Róbert,140,137,0.9785714285714285
43,Fidesz,k100,Kocsis Máté,z014,Vitályos Eszter,156,153,0.9807692307692307
43,Fidesz,k151,F. Kovács Sándor,k163,Dr. Koncz Zsófia,210,206,0.9809523809523809
43,Fidesz,k151,F. Kovács Sándor,k765,Kovács Sándor,141,136,0.9645390070921985
43,Fidesz,k151,F. Kovács Sándor,l016,Lázár János,41,41,1.0
43,Fidesz,k151,F. Kovács Sándor,n004,V. Németh Zsolt,212,207,0.9764150943396226
43,Fidesz,k151,F. Kovács Sándor,n053,Nagy Bálint,216,214,0.9907407407407407
43,Fidesz,k151,F. Kovács Sándor,n322,Németh Zsolt,123,121,0.983739837398374
43,Fidesz,k151,F. Kovács Sándor,o015,Dr. Orbán Balázs,170,167,0.9823529411764705
43,Fidesz,k151,F. Kovács Sándor,p041,Pócs János,146,143,0.9794520547945206
43,Fidesz,k151,F. Kovács Sándor,p067,Dr. Panyi Miklós,184,180,0.9782608695652174
43,Fidesz,k151,F. Kovács Sándor,s054,Szijjártó Péter,76,76,1.0
43,Fidesz,k151,F. Kovács Sándor,t023,Dr. Tilki Attila,215,205,0.9534883720930233
43,Fidesz,k151,F. Kovács Sándor,t062,Takács Péter,203,198,0.9753694581280788
43,Fidesz,k151,F. Kovács Sándor,t687,Tuzson Bence,198,195,0.9848484848484849
43,Fidesz,k151,F. Kovács Sándor,v008,Dr. Vitányi István József,201,194,0.9651741293532339
43,Fidesz,k151,F. Kovács Sándor,v048,Varga Gábor,212,209,0.9858490566037735
43,Fidesz,k151,F. Kovács Sándor,w704,Witzmann Mihály,210,207,0.9857142857142858
43,Fidesz,k151,F. Kovács Sándor,z004,Zsigó Róbert,182,180,0.989010989010989
43,Fidesz,k151,F. Kovács Sándor,z014,Vitályos Eszter,207,202,0.9758454106280193
43,Fidesz,k163,Dr. Koncz Zsófia,k765,Kovács Sándor,154,147,0.9545454545454546
43,Fidesz,k163,Dr. Koncz Zsófia,l016,Lázár János,41,41,1.0
43,Fidesz,k163,Dr. Koncz Zsófia,n004,V. Németh Zsolt,229,222,0.9694323144104804
43,Fidesz,k163,Dr. Koncz Zsófia,n053,Nagy Bálint,235,232,0.9872340425531915
43,Fidesz,k163,Dr. Koncz Zsófia,n322,Németh Zsolt,134,132,0.9850746268656716
43,Fidesz,k163,Dr. Koncz Zsófia,o015,Dr. Orbán Balázs,168,162,0.9642857142857143
43,Fidesz,k163,Dr. Koncz Zsófia,p041,Pócs János,167,165,0.9880239520958084
43,Fidesz,k163,Dr. Koncz Zsófia,p067,Dr. Panyi Miklós,201,199,0.9900497512437811
43,Fidesz,k163,Dr. Koncz Zsófia,s054,Szijjártó Péter,76,74,0.9736842105263158
43,Fidesz,k163,Dr. Koncz Zsófia,t023,Dr. Tilki Attila,213,205,0.9624413145539906
43,Fidesz,k163,Dr. Koncz Zsófia,t062,Takács Péter,224,221,0.9866071428571429
43,Fidesz,k163,Dr. Koncz Zsófia,t687,Tuzson Bence,211,211,1.0
43,Fidesz,k163,Dr. Koncz Zsófia,v008,Dr. Vitányi István József,214,206,0.9626168224299065
43,Fidesz,k163,Dr. Koncz Zsófia,v048,Varga Gábor,227,225,0.9911894273127754
43,Fidesz,k163,Dr. Koncz Zsófia,w704,Witzmann Mihály,233,230,0.9871244635193133
43,Fidesz,k163,Dr. Koncz Zsófia,z004,Zsigó Róbert,206,204,0.9902912621359223
43,Fidesz,k163,Dr. Koncz Zsófia,z014,Vitályos Eszter,229,226,0.9868995633187773
43,Fidesz,k765,Kovács Sándor,l016,Lázár János,34,34,1.0
43,Fidesz,k765,Kovács Sándor,n004,V. Németh Zsolt,156,151,0.967948717948718
43,Fidesz,k765,Kovács Sándor,n053,Nagy Bálint,160,156,0.975
43,Fidesz,k765,Kovács Sándor,n322,Németh Zsolt,83,80,0.963855421686747
43,Fidesz,k765,Kovács Sándor,o015,Dr. Orbán Balázs,107,106,0.9906542056074766
43,Fidesz,k765,Kovács Sándor,p041,Pócs János,101,96,0.9504950495049505
43,Fidesz,k765,Kovács Sándor,p067,Dr. Panyi Miklós,126,121,0.9603174603174603
43,Fidesz,k765,Kovács Sándor,s054,Szijjártó Péter,75,73,0.9733333333333334
43,Fidesz,k765,Kovács Sándor,t023,Dr. Tilki Attila,143,137,0.958041958041958
43,Fidesz,k765,Kovács Sándor,t062,Takács Péter,147,144,0.9795918367346939
43,Fidesz,k765,Kovács Sándor,t687,Tuzson Bence,140,134,0.9571428571428572
43,Fidesz,k765,Kovács Sándor,v008,Dr. Vitányi István József,147,141,0.9591836734693877
43,Fidesz,k765,Kovács Sándor,v048,Varga Gábor,156,150,0.9615384615384616
43,Fidesz,k765,Kovács Sándor,w704,Witzmann Mihály,154,149,0.9675324675324676
43,Fidesz,k765,Kovács Sándor,z004,Zsigó Róbert,135,130,0.9629629629629629
43,Fidesz,k765,Kovács Sándor,z014,Vitályos Eszter,154,148,0.961038961038961
43,Fidesz,l016,Lázár János,n004,V. Németh Zsolt,41,41,1.0
43,Fidesz,l016,Lázár János,n053,Nagy Bálint,41,41,1.0
43,Fidesz,l016,Lázár János,o015,Dr. Orbán Balázs,40,40,1.0
43,Fidesz,l016,Lázár János,p067,Dr. Panyi Miklós,21,21,1.0
43,Fidesz,l016,Lázár János,s054,Szijjártó Péter,24,24,1.0
43,Fidesz,l016,Lázár János,t023,Dr. Tilki Attila,41,40,0.975609756097561
43,Fidesz,l016,Lázár János,t062,Takács Péter,41,41,1.0
43,Fidesz,l016,Lázár János,t687,Tuzson Bence,41,41,1.0
43,Fidesz,l016,Lázár János,v008,Dr. Vitányi István József,40,40,1.0
43,Fidesz,l016,Lázár János,v048,Varga Gábor,41,41,1.0
43,Fidesz,l016,Lázár János,w704,Witzmann Mihály,41,41,1.0
43,Fidesz,l016,Lázár János,z004,Zsigó Róbert,41,41,1.0
43,Fidesz,l016,Lázár János,z014,Vitályos Eszter,41,41,1.0
43,Fidesz,n004,V. Németh Zsolt,n053,Nagy Bálint,233,227,0.9742489270386266
43,Fidesz,n004,V. Németh Zsolt,n322,Németh Zsolt,138,132,0.9565217391304348
43,Fidesz,n004,V. Németh Zsolt,o015,Dr. Orbán Balázs,169,166,0.9822485207100592
43,Fidesz,n004,V. Németh Zsolt,p041,Pócs János,166,160,0.963855421686747
43,Fidesz,n004,V. Németh Zsolt,p067,Dr. Panyi Miklós,199,194,0.9748743718592965
43,Fidesz,n004,V. Németh Zsolt,s054,Szijjártó Péter,76,75,0.9868421052631579
43,Fidesz,n004,V. Németh Zsolt,t023,Dr. Tilki Attila,215,209,0.9720930232558139
43,Fidesz,n004,V. Németh Zsolt,t062,Takács Péter,221,216,0.9773755656108597
43,Fidesz,n004,V. Németh Zsolt,t687,Tuzson Bence,213,207,0.971830985915493
43,Fidesz,n004,V. Németh Zsolt,v008,Dr. Vitányi István József,215,204,0.9488372093023256
43,Fidesz,n004,V. Németh Zsolt,v048,Varga Gábor,229,223,0.9737991266375546
43,Fidesz,n004,V. Németh Zsolt,w704,Witzmann Mihály,228,221,0.9692982456140351
43,Fidesz,n004,V. Németh Zsolt,z004,Zsigó Róbert,201,195,0.9701492537313433
43,Fidesz,n004,V. Németh Zsolt,z014,Vitályos Eszter,225,219,0.9733333333333334
43,Fidesz,n053,Nagy Bálint,n322,Németh Zsolt,140,139,0.9928571428571429
43,Fidesz,n053,Nagy Bálint,o015,Dr. Orbán Balázs,170,166,0.9764705882352941
43,Fidesz,n053,Nagy Bálint,p041,Pócs János,171,168,0.9824561403508771
43,Fidesz,n053,Nagy Bálint,p067,Dr. Panyi Miklós,207,204,0.9855072463768116
43,Fidesz,n053,Nagy Bálint,s054,Szijjártó Péter,76,76,1.0
43,Fidesz,n053,Nagy Bálint,t023,Dr. Tilki Attila,219,211,0.9634703196347032
43,Fidesz,n053,Nagy Bálint,t062,Takács Péter,228,224,0.9824561403508771
43,Fidesz,n053,Nagy Bálint,t687,Tuzson Bence,217,215,0.9907834101382489
43,Fidesz,n053,Nagy Bálint,v008,Dr. Vitányi István József,219,212,0.9680365296803652
43,Fidesz,n053,Nagy Bálint,v048,Varga Gábor,233,231,0.9914163090128756
43,Fidesz,n053,Nagy Bálint,w704,Witzmann Mihály,235,234,0.9957446808510638
43,Fidesz,n053,Nagy Bálint,z004,Zsigó Róbert,207,204,0.9855072463768116
43,Fidesz,n053,Nagy Bálint,z014,Vitályos Eszter,232,228,0.9827586206896551
43,Fidesz,n322,Németh Zsolt,o015,Dr. Orbán Balázs,113,109,0.9646017699115044
43,Fidesz,n322,Németh Zsolt,p041,Pócs János,129,128,0.9922480620155039
43,Fidesz,n322,Németh Zsolt,p067,Dr. Panyi Miklós,140,139,0.9928571428571429
43,Fidesz,n322,Németh Zsolt,t023,Dr. Tilki Attila,123,117,0.9512195121951219
43,Fidesz,n322,Németh Zsolt,t062,Takács Péter,138,135,0.9782608695652174
43,Fidesz,n322,Németh Zsolt,t687,Tuzson Bence,122,120,0.9836065573770492
43,Fidesz,n322,Németh Zsolt,v008,Dr. Vitányi István József,135,128,0.9481481481481482
43,Fidesz,n322,Németh Zsolt,v048,Varga Gábor,136,133,0.9779411764705882
43,Fidesz,n322,Németh Zsolt,w704,Witzmann Mihály,134,132,0.9850746268656716
43,Fidesz,n322,Németh Zsolt,z004,Zsigó Róbert,123,122,0.991869918699187
43,Fidesz,n322,Németh Zsolt,z014,Vitályos Eszter,134,132,0.9850746268656716
43,Fidesz,o015,Dr. Orbán Balázs,p041,Pócs János,122,118,0.9672131147540983
43,Fidesz,o015,Dr. Orbán Balázs,p067,Dr. Panyi Miklós,144,140,0.9722222222222222
43,Fidesz,o015,Dr. Orbán Balázs,s054,Szijjártó Péter,60,59,0.9833333333333333
43,Fidesz,o015,Dr. Orbán Balázs,t023,Dr. Tilki Attila,170,167,0.9823529411764705
43,Fidesz,o015,Dr. Orbán Balázs,t062,Takács Péter,161,157,0.9751552795031055
43,Fidesz,o015,Dr. Orbán Balázs,t687,Tuzson Bence,153,148,0.9673202614379085
43,Fidesz,o015,Dr. Orbán Balázs,v008,Dr. Vitányi István József,159,151,0.949685534591195
43,Fidesz,o015,Dr. Orbán Balázs,v048,Varga Gábor,166,161,0.9698795180722891
43,Fidesz,o015,Dr. Orbán Balázs,w704,Witzmann Mihály,170,165,0.9705882352941176
43,Fidesz,o015,Dr. Orbán Balázs,z004,Zsigó Róbert,160,155,0.96875
43,Fidesz,o015,Dr. Orbán Balázs,z014,Vitályos Eszter,165,160,0.9696969696969697
43,Fidesz,p041,Pócs János,p067,Dr. Panyi Miklós,166,165,0.9939759036144579
43,Fidesz,p041,Pócs János,s054,Szijjártó Péter,29,27,0.9310344827586207
43,Fidesz,p041,Pócs János,t023,Dr. Tilki Attila,150,143,0.9533333333333334
43,Fidesz,p041,Pócs János,t062,Takács Péter,166,163,0.9819277108433735
43,Fidesz,p041,Pócs János,t687,Tuzson Bence,152,150,0.9868421052631579
43,Fidesz,p041,Pócs János,v008,Dr. Vitányi István József,159,153,0.9622641509433962
43,Fidesz,p041,Pócs János,v048,Varga Gábor,165,162,0.9818181818181818
43,Fidesz,p041,Pócs János,w704,Witzmann Mihály,167,163,0.9760479041916168
43,Fidesz,p041,Pócs János,z004,Zsigó Róbert,149,147,0.9865771812080537
43,Fidesz,p041,Pócs János,z014,Vitályos Eszter,168,166,0.9880952380952381
43,Fidesz,p067,Dr. Panyi Miklós,s054,Szijjártó Péter,48,46,0.9583333333333334
43,Fidesz,p067,Dr. Panyi Miklós,t023,Dr. Tilki Attila,185,178,0.9621621621621622
43,Fidesz,p067,Dr. Panyi Miklós,t062,Takács Péter,194,192,0.9896907216494846
43,Fidesz,p067,Dr. Panyi Miklós,t687,Tuzson Bence,185,183,0.9891891891891892
43,Fidesz,p067,Dr. Panyi Miklós,v008,Dr. Vitányi István József,185,178,0.9621621621621622
43,Fidesz,p067,Dr. Panyi Miklós,v048,Varga Gábor,199,196,0.9849246231155779
43,Fidesz,p067,Dr. Panyi Miklós,w704,Witzmann Mihály,201,197,0.9800995024875622
43,Fidesz,p067,Dr. Panyi Miklós,z004,Zsigó Róbert,176,174,0.9886363636363636
43,Fidesz,p067,Dr. Panyi Miklós,z014,Vitályos Eszter,198,197,0.9949494949494949
43,Fidesz,s054,Szijjártó Péter,t023,Dr. Tilki Attila,76,73,0.9605263157894737
43,Fidesz,s054,Szijjártó Péter,t062,Takács Péter,69,68,0.9855072463768116
43,Fidesz,s054,Szijjártó Péter,t687,Tuzson Bence,65,64,0.9846153846153847
43,Fidesz,s054,Szijjártó Péter,v008,Dr. Vitányi István József,68,67,0.9852941176470589
43,Fidesz,s054,Szijjártó Péter,v048,Varga Gábor,74,73,0.9864864864864865
43,Fidesz,s054,Szijjártó Péter,w704,Witzmann Mihály,76,75,0.9868421052631579
43,Fidesz,s054,Szijjártó Péter,z004,Zsigó Róbert,68,67,0.9852941176470589
43,Fidesz,s054,Szijjártó Péter,z014,Vitályos Eszter,75,73,0.9733333333333334
43,Fidesz,t023,Dr. Tilki Attila,t062,Takács Péter,206,198,0.9611650485436893
43,Fidesz,t023,Dr. Tilki Attila,t687,Tuzson Bence,199,192,0.964824120603015
43,Fidesz,t023,Dr. Tilki Attila,v008,Dr. Vitányi István József,203,189,0.9310344827586207
43,Fidesz,t023,Dr. Tilki Attila,v048,Varga Gábor,215,208,0.9674418604651163
43,Fidesz,t023,Dr. Tilki Attila,w704,Witzmann Mihály,213,207,0.971830985915493
43,Fidesz,t023,Dr. Tilki Attila,z004,Zsigó Róbert,185,177,0.9567567567567568
43,Fidesz,t023,Dr. Tilki Attila,z014,Vitályos Eszter,210,201,0.9571428571428572
43,Fidesz,t062,Takács Péter,t687,Tuzson Bence,204,201,0.9852941176470589
43,Fidesz,t062,Takács Péter,v008,Dr. Vitányi István József,206,197,0.9563106796116505
43,Fidesz,t062,Takács Péter,v048,Varga Gábor,220,216,0.9818181818181818
43,Fidesz,t062,Takács Péter,w704,Witzmann Mihály,223,218,0.9775784753363229
43,Fidesz,t062,Takács Péter,z004,Zsigó Róbert,199,196,0.9849246231155779
43,Fidesz,t062,Takács Péter,z014,Vitályos Eszter,222,219,0.9864864864864865
43,Fidesz,t687,Tuzson Bence,v008,Dr. Vitányi István József,199,192,0.964824120603015
43,Fidesz,t687,Tuzson Bence,v048,Varga Gábor,215,214,0.9953488372093023
43,Fidesz,t687,Tuzson Bence,w704,Witzmann Mihály,211,209,0.990521327014218
43,Fidesz,t687,Tuzson Bence,z004,Zsigó Róbert,183,182,0.994535519125683
43,Fidesz,t687,Tuzson Bence,z014,Vitályos Eszter,209,207,0.9904306220095693
43,Fidesz,v008,Dr. Vitányi István József,v048,Varga Gábor,216,209,0.9675925925925926
43,Fidesz,v008,Dr. Vitányi István József,w704,Witzmann Mihály,215,207,0.9627906976744186
43,Fidesz,v008,Dr. Vitányi István József,z004,Zsigó Róbert,187,180,0.9625668449197861
43,Fidesz,v008,Dr. Vitányi István József,z014,Vitályos Eszter,210,202,0.9619047619047619
43,Fidesz,v048,Varga Gábor,w704,Witzmann Mihály,227,226,0.9955947136563876
43,Fidesz,v048,Varga Gábor,z004,Zsigó Róbert,199,197,0.9899497487437185
43,Fidesz,v048,Varga Gábor,z014,Vitályos Eszter,225,221,0.9822222222222222
43,Fidesz,w704,Witzmann Mihály,z004,Zsigó Róbert,207,203,0.9806763285024155
43,Fidesz,w704,Witzmann Mihály,z014,Vitályos Eszter,229,224,0.9781659388646288
43,Fidesz,z004,Zsigó Róbert,z014,Vitályos Eszter,203,200,0.9852216748768473
43,KDNP,004Q,Dr. Máthé Zsuzsa,h006,Dr. Hargitai János,177,173,0.9774011299435028
43,KDNP,004Q,Dr. Máthé Zsuzsa,k155,Dr. Juhász Hajnalka,140,136,0.9714285714285714
43,KDNP,004Q,Dr. Máthé Zsuzsa,l049,Dr. Latorcai Csaba,170,167,0.9823529411764705
43,KDNP,004Q,Dr. Máthé Zsuzsa,n048,Nacsa Lőrinc,176,164,0.9318181818181818
43,KDNP,004Q,Dr. Máthé Zsuzsa,r023,Rétvári Bence,184,175,0.9510869565217391
43,KDNP,004Q,Dr. Máthé Zsuzsa,s011,Dr. Simicskó István,175,166,0.9485714285714286
43,KDNP,004Q,Dr. Máthé Zsuzsa,s093,Dr. Seszták Miklós,171,166,0.9707602339181286
43,KDNP,h006,Dr. Hargitai János,k155,Dr. Juhász Hajnalka,160,152,0.95
43,KDNP,h006,Dr. Hargitai János,l049,Dr. Latorcai Csaba,220,214,0.9727272727272728
43,KDNP,h006,Dr. Hargitai János,n048,Nacsa Lőrinc,198,184,0.9292929292929293
43,KDNP,h006,Dr. Hargitai János,r023,Rétvári Bence,234,222,0.9487179487179487
43,KDNP,h006,Dr. Hargitai János,s011,Dr. Simicskó István,202,190,0.9405940594059405
43,KDNP,h006,Dr. Hargitai János,s093,Dr. Seszták Miklós,222,218,0.9819819819819819
43,KDNP,k155,Dr. Juhász Hajnalka,l049,Dr. Latorcai Csaba,165,161,0.9757575757575757
43,KDNP,k155,Dr. Juhász Hajnalka,n048,Nacsa Lőrinc,159,145,0.9119496855345912
43,KDNP,k155,Dr. Juhász Hajnalka,r023,Rétvári Bence,167,161,0.9640718562874252
43,KDNP,k155,Dr. Juhász Hajnalka,s011,Dr. Simicskó István,157,148,0.9426751592356688
43,KDNP,k155,Dr. Juhász Hajnalka,s093,Dr. Seszták Miklós,155,147,0.9483870967741935
43,KDNP,l049,Dr. Latorcai Csaba,n048,Nacsa Lőrinc,191,179,0.93717277486911
43,KDNP,l049,Dr. Latorcai Csaba,r023,Rétvári Bence,227,217,0.9559471365638766
43,KDNP,l049,Dr. Latorcai Csaba,s011,Dr. Simicskó István,195,184,0.9435897435897436
43,KDNP,l049,Dr. Latorcai Csaba,s093,Dr. Seszták Miklós,214,207,0.9672897196261683
43,KDNP,n048,Nacsa Lőrinc,r023,Rétvári Bence,205,188,0.9170731707317074
43,KDNP,n048,Nacsa Lőrinc,s011,Dr. Simicskó István,195,174,0.8923076923076924
43,KDNP,n048,Nacsa Lőrinc,s093,Dr. Seszták Miklós,192,179,0.9322916666666666
43,KDNP,r023,Rétvári Bence,s011,Dr. Simicskó István,209,191,0.9138755980861244
43,KDNP,r023,Rétvári Bence,s093,Dr. Seszták Miklós,227,217,0.9559471365638766
43,KDNP,s011,Dr. Simicskó István,s093,Dr. Seszták Miklós,195,184,0.9435897435897436
43,Mi Hazánk,a018,Dr. Apáti István,d028,Dúró Dóra,237,235,0.9915611814345991
43,Mi Hazánk,a018,Dr. Apáti István,d040,Dócs Dávid,227,223,0.9823788546255506
43,Mi Hazánk,a018,Dr. Apáti István,n036,Novák Előd,244,243,0.9959016393442623
43,Mi Hazánk,a018,Dr. Apáti István,s184,Szabadi István,248,248,1.0
43,Mi Hazánk,a018,Dr. Apáti István,t058,Toroczkai László,203,200,0.9852216748768473
43,Mi Hazánk,d028,Dúró Dóra,d040,Dócs Dávid,224,222,0.9910714285714286
43,Mi Hazánk,d028,Dúró Dóra,n036,Novák Előd,242,239,0.987603305785124
43,Mi Hazánk,d028,Dúró Dóra,s184,Szabadi István,245,243,0.9918367346938776
43,Mi Hazánk,d028,Dúró Dóra,t058,Toroczkai László,201,200,0.9950248756218906
43,Mi Hazánk,d040,Dócs Dávid,n036,Novák Előd,230,225,0.9782608695652174
43,Mi Hazánk,d040,Dócs Dávid,s184,Szabadi István,234,230,0.9829059829059829
43,Mi Hazánk,d040,Dócs Dávid,t058,Toroczkai László,199,196,0.9849246231155779
43,Mi Hazánk,n036,Novák Előd,s184,Szabadi István,252,251,0.996031746031746
43,Mi Hazánk,n036,Novák Előd,t058,Toroczkai László,206,202,0.9805825242718447
43,Mi Hazánk,s184,Szabadi István,t058,Toroczkai László,208,205,0.9855769230769231
